Date,0700.HK,0005.HK,0016.HK,0857.HK,0941.HK,0241.HK,0175.HK,1099.HK,1299.HK,0027.HK
2022-01-03,418.3384704589844,46.849998474121094,94.55000305175781,3.4800000190734863,47.099998474121094,6.230000019073486,21.299999237060547,17.399999618530273,79.0,40.45000076293945
2022-01-04,414.83538818359375,47.79999923706055,94.69999694824219,3.4600000381469727,48.0,6.230000019073486,21.25,17.8799991607666,79.44999694824219,41.25
2022-01-05,396.9513854980469,49.150001525878906,94.5999984741211,3.509999990463257,49.599998474121094,5.769999980926514,19.8799991607666,17.81999969482422,78.5999984741211,39.29999923706055
2022-01-06,402.85125732421875,49.0,93.69999694824219,3.490000009536743,49.150001525878906,5.869999885559082,19.899999618530273,17.68000030517578,79.75,40.54999923706055
2022-01-07,408.3824157714844,50.099998474121094,94.0999984741211,3.7100000381469727,49.70000076293945,6.28000020980835,19.440000534057617,17.700000762939453,81.0,40.349998474121094
2022-01-10,417.78533935546875,51.70000076293945,95.0,3.7200000286102295,50.29999923706055,6.960000038146973,19.600000381469727,18.079999923706055,80.0,40.54999923706055
2022-01-11,424.053955078125,51.95000076293945,95.0999984741211,3.700000047683716,50.45000076293945,7.03000020980835,18.899999618530273,18.239999771118164,78.5999984741211,40.900001525878906
2022-01-12,443.22857666015625,52.75,94.75,3.819999933242798,50.79999923706055,7.289999961853027,20.0,18.299999237060547,81.4000015258789,41.79999923706055
2022-01-13,438.0661926269531,53.650001525878906,94.4000015258789,3.890000104904175,51.04999923706055,6.78000020980835,20.100000381469727,18.299999237060547,82.69999694824219,40.650001525878906
2022-01-14,436.4068298339844,54.54999923706055,94.4000015258789,3.869999885559082,50.79999923706055,6.889999866485596,20.0,18.299999237060547,84.5,42.04999923706055
2022-01-17,429.21636962890625,55.0,94.4000015258789,3.9000000953674316,50.54999923706055,6.599999904632568,19.399999618530273,18.34000015258789,83.19999694824219,45.0
2022-01-18,417.4165954589844,54.54999923706055,94.55000305175781,3.9700000286102295,50.599998474121094,6.550000190734863,19.239999771118164,18.399999618530273,82.30000305175781,44.400001525878906
2022-01-19,420.1821594238281,54.70000076293945,94.69999694824219,4.019999980926514,50.29999923706055,6.489999771118164,18.920000076293945,18.5,83.8499984741211,44.5
2022-01-20,447.9155578613281,54.400001525878906,95.05000305175781,3.950000047683716,50.5,6.980000019073486,19.219999313354492,18.34000015258789,88.69999694824219,45.5
2022-01-21,450.9548645019531,53.25,97.5,3.9000000953674316,51.25,6.940000057220459,19.440000534057617,18.6200008392334,88.80000305175781,46.25
2022-01-24,446.0160217285156,53.29999923706055,97.05000305175781,3.9200000762939453,52.29999923706055,6.849999904632568,18.760000228881836,18.639999389648438,88.05000305175781,45.95000076293945
2022-01-25,443.35662841796875,52.349998474121094,95.4000015258789,3.869999885559082,52.29999923706055,6.369999885559082,18.020000457763672,18.299999237060547,85.3499984741211,45.79999923706055
2022-01-26,449.81512451171875,53.900001525878906,95.4000015258789,3.940000057220459,53.400001525878906,6.260000228881836,17.899999618530273,17.360000610351562,85.80000305175781,45.900001525878906
2022-01-27,439.7474670410156,54.650001525878906,95.4000015258789,3.930000066757202,52.650001525878906,5.989999771118164,17.280000686645508,17.020000457763672,84.25,46.0
2022-01-28,436.89813232421875,55.599998474121094,94.94999694824219,3.9000000953674316,52.54999923706055,5.920000076293945,16.6200008392334,17.139999389648438,80.8499984741211,45.75
2022-01-31,447.53564453125,55.099998474121094,94.5999984741211,3.880000114440918,52.75,5.829999923706055,16.6200008392334,17.3799991607666,81.0,44.900001525878906
2022-02-04,454.9439392089844,57.900001525878906,96.69999694824219,3.9700000286102295,54.349998474121094,6.159999847412109,17.239999771118164,18.059999465942383,85.0,46.0
2022-02-07,453.994140625,57.900001525878906,96.94999694824219,4.099999904632568,56.0,6.25,17.239999771118164,18.239999771118164,85.05000305175781,46.400001525878906
2022-02-08,446.39593505859375,58.79999923706055,97.0,4.130000114440918,56.25,5.78000020980835,16.860000610351562,18.459999084472656,86.0,46.900001525878906
2022-02-09,458.5531005859375,59.29999923706055,98.19999694824219,4.119999885559082,57.900001525878906,5.909999847412109,17.239999771118164,18.799999237060547,86.94999694824219,47.150001525878906
2022-02-10,460.0727233886719,58.75,98.5999984741211,4.090000152587891,56.29999923706055,6.099999904632568,17.399999618530273,19.100000381469727,86.25,47.150001525878906
2022-02-11,453.04437255859375,59.0,98.5999984741211,4.139999866485596,56.349998474121094,6.03000020980835,17.0,19.0,87.30000305175781,46.54999923706055
2022-02-14,448.29547119140625,59.0,97.55000305175781,4.25,55.25,5.929999828338623,16.420000076293945,19.219999313354492,87.19999694824219,45.75
2022-02-15,446.39593505859375,58.0,98.5,4.099999904632568,54.599998474121094,6.03000020980835,16.719999313354492,19.239999771118164,86.69999694824219,45.95000076293945
2022-02-16,452.2845458984375,58.5,99.0,4.090000152587891,55.599998474121094,6.039999961853027,17.100000381469727,19.579999923706055,88.30000305175781,48.400001525878906
2022-02-17,454.9439392089844,58.0,99.19999694824219,4.119999885559082,54.5,6.059999942779541,17.059999465942383,19.1200008392334,89.30000305175781,48.349998474121094
2022-02-18,446.39593505859375,58.0,98.5999984741211,4.090000152587891,54.79999923706055,5.940000057220459,16.65999984741211,19.760000228881836,88.0,48.650001525878906
2022-02-21,423.0313720703125,58.54999923706055,97.75,4.099999904632568,55.900001525878906,5.869999885559082,16.360000610351562,19.639999389648438,88.4000015258789,47.849998474121094
2022-02-22,422.4615173339844,56.45000076293945,95.6500015258789,4.170000076293945,55.29999923706055,5.590000152587891,15.640000343322754,19.739999771118164,85.0,46.099998474121094
2022-02-23,422.6514587402344,58.099998474121094,95.30000305175781,4.119999885559082,54.900001525878906,5.429999828338623,15.920000076293945,19.739999771118164,84.8499984741211,47.5
2022-02-24,406.3152770996094,56.150001525878906,93.94999694824219,4.260000228881836,54.0,5.079999923706055,15.15999984741211,19.079999923706055,81.80000305175781,46.650001525878906
2022-02-25,402.70611572265625,54.75,92.6500015258789,4.099999904632568,53.150001525878906,5.329999923706055,15.15999984741211,18.860000610351562,81.5,45.45000076293945
2022-02-28,400.0467224121094,54.099998474121094,90.9000015258789,4.170000076293945,52.79999923706055,5.440000057220459,14.420000076293945,18.8799991607666,81.25,43.45000076293945
2022-03-01,409.35455322265625,54.0,90.4000015258789,4.130000114440918,53.150001525878906,5.46999979019165,14.5,19.0,81.0999984741211,44.5
2022-03-02,402.13623046875,51.20000076293945,89.9000015258789,4.25,52.25,5.28000020980835,14.220000267028809,18.700000762939453,79.55000305175781,44.04999923706055
2022-03-03,397.76727294921875,53.29999923706055,91.0999984741211,4.300000190734863,52.849998474121094,5.139999866485596,13.399999618530273,18.81999969482422,80.75,44.75
2022-03-04,382.9507141113281,51.5,90.3499984741211,4.28000020980835,52.04999923706055,4.949999809265137,13.119999885559082,18.940000534057617,79.4000015258789,42.150001525878906
2022-03-07,368.5140686035156,47.849998474121094,89.44999694824219,4.46999979019165,51.599998474121094,4.789999961853027,12.100000381469727,18.219999313354492,75.0999984741211,39.849998474121094
2022-03-08,363.95513916015625,48.0,91.0999984741211,4.320000171661377,51.150001525878906,4.46999979019165,11.199999809265137,17.959999084472656,73.05000305175781,39.95000076293945
2022-03-09,365.47479248046875,49.25,89.1500015258789,4.170000076293945,51.0,4.369999885559082,11.739999771118164,17.979999542236328,71.55000305175781,40.849998474121094
2022-03-10,365.66473388671875,49.150001525878906,90.55000305175781,4.010000228881836,51.75,4.349999904632568,11.899999618530273,18.520000457763672,74.94999694824219,41.650001525878906
2022-03-11,349.32855224609375,48.849998474121094,91.44999694824219,3.950000047683716,51.54999923706055,4.25,11.4399995803833,18.0,77.25,41.04999923706055
2022-03-14,315.13653564453125,49.599998474121094,90.75,3.7899999618530273,50.54999923706055,3.759999990463257,10.5600004196167,17.579999923706055,77.55000305175781,39.0
2022-03-15,283.03399658203125,49.20000076293945,87.80000305175781,3.5399999618530273,48.29999923706055,3.299999952316284,10.300000190734863,16.719999313354492,72.55000305175781,34.54999923706055
2022-03-16,348.5687255859375,49.20000076293945,88.0,3.630000114440918,50.20000076293945,4.210000038146973,11.640000343322754,17.700000762939453,75.0,39.45000076293945
2022-03-17,370.41363525390625,51.20000076293945,93.0999984741211,3.7899999618530273,51.5,4.730000019073486,11.600000381469727,18.639999389648438,79.8499984741211,43.099998474121094
2022-03-18,361.8656311035156,51.400001525878906,94.9000015258789,3.8499999046325684,52.900001525878906,4.610000133514404,11.9399995803833,18.0,79.9000015258789,44.5
2022-03-21,353.6975402832031,51.349998474121094,93.9000015258789,3.809999942779541,53.04999923706055,4.619999885559082,11.420000076293945,18.0,80.80000305175781,44.45000076293945
2022-03-22,368.5140686035156,52.349998474121094,95.25,3.990000009536743,54.099998474121094,5.019999980926514,11.779999732971191,18.100000381469727,82.4000015258789,45.25
2022-03-23,369.4638671875,53.150001525878906,95.44999694824219,3.930000066757202,54.349998474121094,5.070000171661377,11.960000038146973,18.079999923706055,83.25,46.04999923706055
2022-03-24,347.61895751953125,52.70000076293945,95.0,4.0,56.0,5.010000228881836,12.079999923706055,18.280000686645508,82.80000305175781,46.45000076293945
2022-03-25,338.5010681152344,52.79999923706055,95.75,4.019999980926514,55.04999923706055,4.550000190734863,11.579999923706055,17.81999969482422,80.19999694824219,46.099998474121094
2022-03-28,347.9988708496094,53.75,95.6500015258789,4.110000133514404,55.29999923706055,4.71999979019165,11.600000381469727,17.799999237060547,80.44999694824219,45.650001525878906
2022-03-29,358.2564697265625,53.5,94.75,4.130000114440918,55.29999923706055,5.110000133514404,12.119999885559082,18.040000915527344,80.94999694824219,46.150001525878906
2022-03-30,361.4857177734375,53.95000076293945,95.25,4.119999885559082,54.599998474121094,5.21999979019165,12.65999984741211,18.18000030517578,82.5,47.5
2022-03-31,355.4071350097656,54.20000076293945,93.5999984741211,4.059999942779541,54.150001525878906,5.079999923706055,12.359999656677246,17.8799991607666,82.44999694824219,47.0
2022-04-01,359.776123046875,54.349998474121094,94.5,3.990000009536743,54.5,4.96999979019165,12.380000114440918,17.920000076293945,83.05000305175781,47.0
2022-04-04,370.41363525390625,54.04999923706055,94.05000305175781,4.050000190734863,54.900001525878906,5.429999828338623,12.460000038146973,18.459999084472656,83.9000015258789,47.04999923706055
2022-04-06,361.8656311035156,53.70000076293945,95.05000305175781,4.130000114440918,55.349998474121094,5.199999809265137,12.140000343322754,18.219999313354492,82.5,46.45000076293945
2022-04-07,355.59710693359375,53.45000076293945,94.0,4.079999923706055,55.29999923706055,5.0,11.859999656677246,17.68000030517578,82.30000305175781,46.0
2022-04-08,351.03814697265625,53.95000076293945,94.3499984741211,4.090000152587891,55.45000076293945,4.949999809265137,12.0,17.899999618530273,84.4000015258789,45.75
2022-04-11,335.8417053222656,54.04999923706055,93.8499984741211,4.019999980926514,54.599998474121094,4.710000038146973,11.140000343322754,17.68000030517578,81.69999694824219,44.5
2022-04-12,347.9988708496094,53.349998474121094,93.44999694824219,3.950000047683716,54.650001525878906,4.710000038146973,11.239999771118164,17.440000534057617,80.8499984741211,45.29999923706055
2022-04-13,354.8372802734375,53.29999923706055,93.30000305175781,4.03000020980835,55.5,4.659999847412109,11.220000267028809,17.459999084472656,80.1500015258789,45.5
2022-04-14,355.59710693359375,53.25,95.0,4.079999923706055,55.349998474121094,4.800000190734863,11.800000190734863,17.639999389648438,80.1500015258789,46.150001525878906
2022-04-19,345.7193908691406,53.45000076293945,95.30000305175781,4.119999885559082,55.400001525878906,4.510000228881836,11.779999732971191,17.420000076293945,78.3499984741211,45.5
2022-04-20,343.81982421875,53.95000076293945,94.4000015258789,4.0,55.0,4.389999866485596,12.15999984741211,17.219999313354492,79.5999984741211,47.0
2022-04-21,330.52294921875,55.0,94.5999984741211,3.940000057220459,54.25,4.119999885559082,11.800000190734863,16.979999542236328,79.30000305175781,45.75
2022-04-22,323.49456787109375,54.150001525878906,94.25,3.9100000858306885,54.150001525878906,4.070000171661377,11.600000381469727,17.020000457763672,78.25,44.20000076293945
2022-04-25,310.9574890136719,51.650001525878906,93.4000015258789,3.740000009536743,52.29999923706055,3.880000114440918,10.800000190734863,16.8799991607666,75.0,43.20000076293945
2022-04-26,318.9356384277344,49.5,93.4000015258789,3.690000057220459,51.900001525878906,4.0,11.199999809265137,17.260000228881836,74.8499984741211,44.150001525878906
2022-04-27,317.9858703613281,48.099998474121094,91.75,3.7300000190734863,51.650001525878906,3.990000009536743,11.579999923706055,17.139999389648438,76.5,44.79999923706055
2022-04-28,322.7347412109375,48.849998474121094,91.8499984741211,3.7699999809265137,52.20000076293945,4.03000020980835,12.079999923706055,18.059999465942383,77.9000015258789,45.25
2022-04-29,358.4464416503906,48.54999923706055,90.94999694824219,3.799999952316284,52.400001525878906,4.550000190734863,12.4399995803833,18.15999984741211,77.75,45.599998474121094
2022-05-03,360.9158630371094,49.79999923706055,91.44999694824219,3.8499999046325684,52.0,4.409999847412109,12.4399995803833,18.15999984741211,77.75,46.20000076293945
2022-05-04,349.8984069824219,50.75,93.5,3.9200000762939453,51.70000076293945,4.079999923706055,12.479999542236328,18.15999984741211,76.75,45.79999923706055
2022-05-05,347.9988708496094,50.45000076293945,94.0999984741211,4.0,51.5,4.139999866485596,12.420000076293945,17.899999618530273,76.25,45.20000076293945
2022-05-06,331.66265869140625,49.0,92.80000305175781,3.950000047683716,51.25,3.7899999618530273,11.600000381469727,17.68000030517578,74.0,43.099998474121094
2022-05-10,324.064453125,48.45000076293945,90.25,3.7799999713897705,51.0,3.7100000381469727,11.15999984741211,18.040000915527344,73.30000305175781,41.5
2022-05-11,332.8023986816406,48.400001525878906,90.69999694824219,3.7300000190734863,51.04999923706055,3.8499999046325684,11.920000076293945,18.079999923706055,72.05000305175781,42.04999923706055
2022-05-12,326.9137878417969,46.75,90.5,3.7100000381469727,50.20000076293945,3.7200000286102295,11.800000190734863,18.100000381469727,72.44999694824219,40.70000076293945
2022-05-13,336.6015319824219,47.75,94.0,3.75,51.099998474121094,4.119999885559082,12.760000228881836,18.1200008392334,73.25,41.54999923706055
2022-05-16,332.4224853515625,47.900001525878906,94.30000305175781,3.7100000381469727,51.349998474121094,4.119999885559082,12.539999961853027,18.15999984741211,74.05000305175781,41.79999923706055
2022-05-17,349.8984069824219,48.599998474121094,95.19999694824219,3.819999933242798,51.5,4.429999828338623,13.640000343322754,18.5,77.55000305175781,42.20000076293945
2022-05-18,347.2390441894531,48.349998474121094,95.19999694824219,3.8399999141693115,52.599998474121094,4.409999847412109,13.760000228881836,18.440000534057617,78.0999984741211,42.25
2022-05-19,324.6343078613281,47.54999923706055,94.4000015258789,3.8299999237060547,52.04999923706055,4.190000057220459,13.4399995803833,18.459999084472656,77.5999984741211,40.95000076293945
2022-05-20,334.5119934082031,48.45000076293945,95.0999984741211,3.9100000858306885,52.45000076293945,4.429999828338623,13.680000305175781,19.079999923706055,80.8499984741211,41.75
2022-05-23,329.3832092285156,48.45000076293945,94.94999694824219,3.940000057220459,52.5,4.0,13.640000343322754,19.079999923706055,78.80000305175781,41.099998474121094
2022-05-24,321.025146484375,49.400001525878906,94.80000305175781,3.940000057220459,52.900001525878906,3.869999885559082,14.119999885559082,18.739999771118164,77.05000305175781,38.95000076293945
2022-05-25,317.2260437011719,50.95000076293945,95.4000015258789,4.019999980926514,51.0,3.799999952316284,14.760000228881836,19.15999984741211,77.1500015258789,39.0
2022-05-26,317.4159851074219,51.20000076293945,95.5,4.039999961853027,50.25,3.700000047683716,14.5,19.200000762939453,77.05000305175781,39.5
2022-05-27,324.6343078613281,51.95000076293945,96.9000015258789,4.130000114440918,50.599998474121094,3.700000047683716,14.600000381469727,19.1200008392334,79.25,40.900001525878906
2022-05-30,332.4224853515625,52.400001525878906,97.1500015258789,4.119999885559082,50.650001525878906,3.9100000858306885,14.579999923706055,19.3799991607666,80.5999984741211,41.54999923706055
2022-05-31,344.1997375488281,52.099998474121094,95.9000015258789,4.210000038146973,50.650001525878906,4.0,15.0,19.459999084472656,80.9000015258789,41.849998474121094
2022-06-01,342.3002014160156,52.5,97.25,4.179999828338623,50.45000076293945,4.0,15.239999771118164,19.239999771118164,80.80000305175781,41.5
2022-06-02,340.9704895019531,52.29999923706055,96.0999984741211,4.150000095367432,50.599998474121094,3.9200000762939453,15.319999694824219,18.520000457763672,80.0,41.29999923706055
2022-06-06,349.13861083984375,52.650001525878906,96.5999984741211,4.190000057220459,50.54999923706055,4.03000020980835,15.199999809265137,18.18000030517578,82.3499984741211,42.349998474121094
2022-06-07,349.13861083984375,51.75,96.25,4.230000019073486,50.20000076293945,4.329999923706055,14.899999618530273,18.299999237060547,81.0,42.150001525878906
2022-06-08,371.7433166503906,51.25,95.55000305175781,4.329999923706055,50.150001525878906,4.829999923706055,15.15999984741211,18.739999771118164,81.69999694824219,44.54999923706055
2022-06-09,374.9725646972656,50.599998474121094,96.30000305175781,4.360000133514404,50.20000076293945,4.820000171661377,14.5600004196167,18.360000610351562,82.4000015258789,44.0
2022-06-10,376.4922180175781,49.95000076293945,96.0,4.309999942779541,50.0,5.070000171661377,15.359999656677246,18.3799991607666,80.9000015258789,43.599998474121094
2022-06-13,358.0665283203125,48.70000076293945,94.4000015258789,4.309999942779541,49.45000076293945,4.679999828338623,14.84000015258789,18.15999984741211,79.0999984741211,41.5
2022-06-14,357.1167297363281,49.54999923706055,93.30000305175781,4.320000171661377,49.349998474121094,4.739999771118164,14.619999885559082,18.360000610351562,78.5999984741211,41.25
2022-06-15,360.72589111328125,49.900001525878906,91.9000015258789,4.239999771118164,49.849998474121094,4.920000076293945,15.140000343322754,18.260000228881836,78.80000305175781,41.150001525878906
2022-06-16,349.13861083984375,49.79999923706055,90.80000305175781,4.090000152587891,49.25,4.670000076293945,14.5600004196167,17.959999084472656,77.6500015258789,41.0
2022-06-17,350.84820556640625,49.650001525878906,90.69999694824219,3.9800000190734863,49.79999923706055,4.909999847412109,14.920000076293945,18.360000610351562,79.3499984741211,40.79999923706055
2022-06-20,352.1778869628906,49.54999923706055,91.5,3.799999952316284,49.45000076293945,4.960000038146973,15.119999885559082,18.6200008392334,80.4000015258789,40.400001525878906
2022-06-21,361.8656311035156,51.400001525878906,93.0999984741211,3.8499999046325684,49.75,5.559999942779541,15.0600004196167,19.059999465942383,81.5999984741211,41.04999923706055
2022-06-22,351.4180603027344,50.650001525878906,92.05000305175781,3.690000057220459,49.29999923706055,4.789999961853027,15.680000305175781,19.1200008392334,78.80000305175781,40.45000076293945
2022-06-23,356.1669616699219,50.650001525878906,92.19999694824219,3.700000047683716,49.04999923706055,4.980000019073486,16.84000015258789,19.200000762939453,79.44999694824219,40.75
2022-06-24,364.9049072265625,50.79999923706055,92.0,3.6700000762939453,48.79999923706055,5.210000038146973,17.940000534057617,19.360000610351562,80.5999984741211,42.0
2022-06-27,359.20623779296875,51.79999923706055,92.9000015258789,3.7300000190734863,48.849998474121094,5.760000228881836,18.639999389648438,18.540000915527344,82.8499984741211,44.25
2022-06-28,347.4289855957031,52.04999923706055,93.9000015258789,3.819999933242798,48.95000076293945,5.760000228881836,19.059999465942383,19.020000457763672,84.75,47.75
2022-06-29,346.6691589355469,51.900001525878906,93.80000305175781,3.7799999713897705,48.900001525878906,5.480000019073486,17.5,18.979999542236328,85.5999984741211,47.25
2022-06-30,336.6015319824219,51.650001525878906,92.69999694824219,3.740000009536743,49.0,5.400000095367432,17.84000015258789,19.020000457763672,85.05000305175781,46.79999923706055
2022-07-04,329.5731506347656,51.25,92.80000305175781,3.7100000381469727,48.900001525878906,5.480000019073486,17.18000030517578,19.31999969482422,85.25,46.54999923706055
2022-07-05,331.28277587890625,50.900001525878906,93.5999984741211,3.7100000381469727,48.900001525878906,5.739999771118164,16.81999969482422,19.559999465942383,86.0,46.400001525878906
2022-07-06,330.1430358886719,49.099998474121094,93.94999694824219,3.549999952316284,48.849998474121094,5.699999809265137,16.399999618530273,19.399999618530273,84.5999984741211,45.75
2022-07-07,333.942138671875,49.650001525878906,93.3499984741211,3.5299999713897705,49.04999923706055,5.630000114440918,17.5,19.3799991607666,84.94999694824219,47.150001525878906
2022-07-08,334.89190673828125,49.79999923706055,93.9000015258789,3.559999942779541,48.900001525878906,5.53000020980835,17.3799991607666,19.719999313354492,85.1500015258789,47.650001525878906
2022-07-11,325.2041931152344,49.0,92.9000015258789,3.5399999618530273,49.20000076293945,5.309999942779541,16.799999237060547,19.700000762939453,83.19999694824219,45.29999923706055
2022-07-12,320.835205078125,49.04999923706055,92.9000015258789,3.549999952316284,49.54999923706055,5.130000114440918,17.0,19.200000762939453,83.25,44.599998474121094
2022-07-13,318.55572509765625,49.099998474121094,93.0999984741211,3.5299999713897705,49.54999923706055,5.179999828338623,16.68000030517578,19.1200008392334,84.0,45.25
2022-07-14,318.1758117675781,49.0,91.94999694824219,3.509999990463257,49.25,5.320000171661377,16.600000381469727,19.260000228881836,82.8499984741211,45.599998474121094
2022-07-15,308.67803955078125,47.70000076293945,91.5999984741211,3.4600000381469727,48.95000076293945,5.03000020980835,16.68000030517578,18.65999984741211,81.94999694824219,45.20000076293945
2022-07-18,315.8963623046875,49.150001525878906,92.6500015258789,3.609999895095825,49.900001525878906,5.210000038146973,16.84000015258789,18.68000030517578,83.69999694824219,45.79999923706055
2022-07-19,316.4662170410156,48.79999923706055,91.94999694824219,3.630000114440918,50.150001525878906,5.170000076293945,16.5,18.360000610351562,83.55000305175781,45.099998474121094
2022-07-20,321.59503173828125,49.25,92.0999984741211,3.6500000953674316,50.5,5.28000020980835,16.520000457763672,18.360000610351562,83.1500015258789,45.79999923706055
2022-07-21,317.2260437011719,48.20000076293945,91.1500015258789,3.609999895095825,50.04999923706055,5.210000038146973,16.399999618530273,18.440000534057617,79.19999694824219,44.400001525878906
2022-07-22,315.32647705078125,48.599998474121094,91.0,3.5999999046325684,49.900001525878906,5.150000095367432,16.420000076293945,18.420000076293945,79.5,44.900001525878906
2022-07-25,310.0077209472656,48.849998474121094,91.5,3.569999933242798,49.79999923706055,5.130000114440918,16.020000457763672,17.940000534057617,80.1500015258789,45.599998474121094
2022-07-26,312.8570556640625,50.099998474121094,92.6500015258789,3.6600000858306885,49.849998474121094,5.199999809265137,16.18000030517578,17.959999084472656,81.4000015258789,46.45000076293945
2022-07-27,304.11907958984375,49.900001525878906,92.8499984741211,3.690000057220459,49.599998474121094,5.079999923706055,15.579999923706055,17.8799991607666,80.5999984741211,45.650001525878906
2022-07-28,304.68896484375,49.599998474121094,93.05000305175781,3.680000066757202,49.25,5.019999980926514,15.359999656677246,18.280000686645508,79.9000015258789,47.400001525878906
2022-07-29,291.3920593261719,49.400001525878906,93.75,3.6500000953674316,49.650001525878906,4.71999979019165,15.5,18.0,79.0,46.70000076293945
2022-08-01,284.55364990234375,51.849998474121094,92.6500015258789,3.630000114440918,49.95000076293945,4.679999828338623,17.5,17.760000228881836,77.19999694824219,46.29999923706055
2022-08-02,280.1846618652344,51.0,91.0999984741211,3.5799999237060547,49.20000076293945,4.510000228881836,17.0,17.3799991607666,75.05000305175781,45.95000076293945
2022-08-03,287.4029846191406,51.0,90.94999694824219,3.569999933242798,49.25,4.489999771118164,17.579999923706055,17.420000076293945,74.8499984741211,46.5
2022-08-04,296.3309020996094,51.599998474121094,91.8499984741211,3.509999990463257,50.400001525878906,4.75,18.219999313354492,17.540000915527344,76.75,46.900001525878906
2022-08-05,292.1518859863281,51.099998474121094,93.3499984741211,3.430000066757202,50.849998474121094,4.75,17.84000015258789,17.8799991607666,76.80000305175781,47.04999923706055
2022-08-08,284.36370849609375,51.79999923706055,93.69999694824219,3.430000066757202,50.900001525878906,4.739999771118164,17.780000686645508,17.799999237060547,77.0,46.70000076293945
2022-08-09,283.03399658203125,52.099998474121094,95.69999694824219,3.450000047683716,51.20000076293945,4.650000095367432,17.479999542236328,17.780000686645508,77.1500015258789,47.20000076293945
2022-08-10,280.7545471191406,51.95000076293945,94.05000305175781,3.440000057220459,51.79999923706055,4.5,17.020000457763672,17.5,75.8499984741211,46.45000076293945
2022-08-11,288.352783203125,52.5,95.8499984741211,3.4800000190734863,51.75,4.639999866485596,17.34000015258789,17.719999313354492,76.9000015258789,47.20000076293945
2022-08-12,288.9226379394531,52.599998474121094,95.75,3.5199999809265137,52.5,4.670000076293945,17.440000534057617,17.639999389648438,77.8499984741211,47.650001525878906
2022-08-15,285.3134765625,52.20000076293945,95.3499984741211,3.4000000953674316,52.400001525878906,4.699999809265137,17.260000228881836,17.399999618530273,77.1500015258789,47.349998474121094
2022-08-16,287.78289794921875,51.849998474121094,95.75,3.319999933242798,52.0,4.590000152587891,17.440000534057617,17.399999618530273,76.69999694824219,47.0
2022-08-17,287.9728698730469,51.95000076293945,96.5,3.359999895095825,52.5,4.550000190734863,17.360000610351562,16.920000076293945,76.1500015258789,47.25
2022-08-18,296.9007873535156,50.45000076293945,95.8499984741211,3.380000114440918,52.25,4.420000076293945,16.81999969482422,16.780000686645508,75.5,46.25
2022-08-19,299.18023681640625,50.349998474121094,95.94999694824219,3.430000066757202,52.599998474121094,4.340000152587891,17.420000076293945,17.040000915527344,75.4000015258789,45.95000076293945
2022-08-22,295.001220703125,49.29999923706055,95.75,3.430000066757202,52.900001525878906,4.400000095367432,17.239999771118164,17.100000381469727,75.1500015258789,45.599998474121094
2022-08-23,297.0907287597656,49.04999923706055,94.75,3.509999990463257,52.45000076293945,4.380000114440918,16.15999984741211,17.520000457763672,75.05000305175781,44.349998474121094
2022-08-24,294.4313659667969,48.54999923706055,93.30000305175781,3.5899999141693115,52.099998474121094,4.28000020980835,15.4399995803833,17.31999969482422,74.1500015258789,43.5
2022-08-25,308.67803955078125,49.04999923706055,93.4000015258789,3.6500000953674316,52.45000076293945,4.480000019073486,15.9399995803833,17.360000610351562,77.69999694824219,44.04999923706055
2022-08-26,307.918212890625,49.099998474121094,94.05000305175781,3.7699999809265137,52.599998474121094,4.559999942779541,16.15999984741211,17.6200008392334,78.19999694824219,44.25
2022-08-29,306.7784729003906,48.75,93.5,3.7899999618530273,52.45000076293945,4.53000020980835,16.440000534057617,17.719999313354492,77.55000305175781,43.95000076293945
2022-08-30,307.34832763671875,49.150001525878906,93.30000305175781,3.7799999713897705,52.5,4.409999847412109,16.260000228881836,17.5,76.44999694824219,43.75
2022-08-31,310.7675476074219,48.599998474121094,92.30000305175781,3.7100000381469727,52.599998474121094,4.550000190734863,15.899999618530273,17.479999542236328,75.94999694824219,44.099998474121094
2022-09-01,308.2981262207031,48.25,92.5,3.6700000762939453,52.099998474121094,4.409999847412109,15.4399995803833,17.68000030517578,75.25,43.0
2022-09-02,312.09722900390625,48.099998474121094,92.80000305175781,3.6700000762939453,51.849998474121094,4.46999979019165,15.140000343322754,17.100000381469727,74.0999984741211,43.04999923706055
2022-09-05,302.9793701171875,47.79999923706055,92.9000015258789,3.740000009536743,51.95000076293945,4.429999828338623,14.079999923706055,16.799999237060547,75.1500015258789,42.150001525878906
2022-09-06,298.42041015625,48.79999923706055,93.30000305175781,3.759999990463257,49.95000076293945,4.309999942779541,14.539999961853027,16.6200008392334,74.44999694824219,42.349998474121094
2022-09-07,295.95098876953125,47.79999923706055,93.5999984741211,3.740000009536743,49.900001525878906,4.230000019073486,14.279999732971191,16.399999618530273,73.05000305175781,41.400001525878906
2022-09-08,286.6431579589844,47.599998474121094,94.05000305175781,3.6700000762939453,50.0,4.239999771118164,13.84000015258789,16.299999237060547,72.05000305175781,41.45000076293945
2022-09-09,291.58203125,48.04999923706055,95.5,3.5,51.29999923706055,4.409999847412109,14.15999984741211,16.5,74.75,42.349998474121094
2022-09-13,289.49249267578125,48.849998474121094,96.55000305175781,3.509999990463257,52.0,4.510000228881836,14.140000343322754,16.579999923706055,73.5,43.099998474121094
2022-09-14,284.55364990234375,47.599998474121094,95.05000305175781,3.490000009536743,51.650001525878906,4.300000190734863,13.680000305175781,16.0,71.5,43.25
2022-09-15,284.9335632324219,47.400001525878906,95.05000305175781,3.5,51.54999923706055,4.269999980926514,13.380000114440918,16.1200008392334,71.5,43.0
2022-09-16,278.4750671386719,47.599998474121094,95.4000015258789,3.430000066757202,51.5,4.03000020980835,13.0600004196167,15.9399995803833,71.19999694824219,43.849998474121094
2022-09-19,274.4859924316406,47.70000076293945,95.30000305175781,3.380000114440918,51.45000076293945,3.9200000762939453,12.859999656677246,15.800000190734863,71.19999694824219,43.25
2022-09-20,278.6650390625,48.349998474121094,96.0999984741211,3.369999885559082,51.29999923706055,3.9800000190734863,13.020000457763672,15.619999885559082,71.6500015258789,45.099998474121094
2022-09-21,271.63665771484375,47.400001525878906,94.69999694824219,3.4100000858306885,50.95000076293945,3.8499999046325684,12.420000076293945,15.720000267028809,71.30000305175781,45.150001525878906
2022-09-22,268.7873229980469,45.70000076293945,93.6500015258789,3.390000104904175,51.099998474121094,3.7699999809265137,12.319999694824219,15.640000343322754,69.5999984741211,44.0
2022-09-23,261.1891174316406,45.70000076293945,93.05000305175781,3.440000057220459,51.79999923706055,3.6500000953674316,12.140000343322754,15.800000190734863,69.05000305175781,43.900001525878906
2022-09-26,268.977294921875,42.25,91.69999694824219,3.2699999809265137,51.45000076293945,3.759999990463257,12.140000343322754,15.779999732971191,68.3499984741211,47.04999923706055
2022-09-27,266.69781494140625,42.45000076293945,91.05000305175781,3.2699999809265137,51.20000076293945,3.799999952316284,12.119999885559082,15.859999656677246,67.9000015258789,47.349998474121094
2022-09-28,260.23931884765625,40.0,88.9000015258789,3.200000047683716,50.099998474121094,3.700000047683716,11.34000015258789,15.819999694824219,65.5999984741211,46.099998474121094
2022-09-29,257.01007080078125,40.400001525878906,86.8499984741211,3.200000047683716,49.900001525878906,3.630000114440918,10.960000038146973,15.979999542236328,64.6500015258789,45.349998474121094
2022-09-30,253.02101135253906,41.25,86.8499984741211,3.2200000286102295,49.900001525878906,3.5999999046325684,10.819999694824219,15.739999771118164,65.44999694824219,46.400001525878906
2022-10-03,250.5515899658203,40.349998474121094,86.9000015258789,3.2200000286102295,49.5,3.619999885559082,10.760000228881836,15.5600004196167,65.3499984741211,46.400001525878906
2022-10-05,264.98822021484375,42.650001525878906,90.30000305175781,3.369999885559082,50.5,3.9100000858306885,11.5,15.65999984741211,70.19999694824219,48.900001525878906
2022-10-06,263.8484802246094,42.25,90.9000015258789,3.380000114440918,50.599998474121094,3.8399999141693115,11.0600004196167,15.420000076293945,70.05000305175781,48.900001525878906
2022-10-07,257.01007080078125,41.25,90.80000305175781,3.380000114440918,50.400001525878906,3.6600000858306885,10.899999618530273,14.619999885559082,70.44999694824219,48.650001525878906
2022-10-10,250.5515899658203,40.349998474121094,89.55000305175781,3.4100000858306885,50.25,3.5899999141693115,10.260000228881836,15.220000267028809,69.0,46.45000076293945
2022-10-11,241.81361389160156,39.70000076293945,89.55000305175781,3.390000104904175,49.95000076293945,3.559999942779541,10.220000267028809,15.5600004196167,67.30000305175781,44.900001525878906
2022-10-12,240.8638458251953,38.70000076293945,88.25,3.3399999141693115,50.099998474121094,3.5799999237060547,10.180000305175781,15.779999732971191,68.55000305175781,43.650001525878906
2022-10-13,233.83547973632812,38.75,90.5999984741211,3.299999952316284,50.04999923706055,3.2699999809265137,9.819999694824219,15.899999618530273,66.6500015258789,42.79999923706055
2022-10-14,236.684814453125,40.54999923706055,91.25,3.299999952316284,50.04999923706055,3.319999933242798,10.079999923706055,16.079999923706055,67.8499984741211,42.849998474121094
2022-10-17,234.78526306152344,41.150001525878906,91.69999694824219,3.309999942779541,50.20000076293945,3.309999942779541,9.869999885559082,16.34000015258789,67.6500015258789,42.25
2022-10-18,241.62367248535156,42.20000076293945,92.80000305175781,3.3399999141693115,50.150001525878906,3.619999885559082,10.300000190734863,16.559999465942383,68.3499984741211,42.70000076293945
2022-10-19,231.7459716796875,41.650001525878906,89.5,3.319999933242798,50.04999923706055,3.509999990463257,9.8100004196167,16.459999084472656,68.0,40.95000076293945
2022-10-20,220.72853088378906,41.79999923706055,90.94999694824219,3.369999885559082,50.099998474121094,3.5199999809265137,9.329999923706055,16.280000686645508,67.05000305175781,40.25
2022-10-21,221.1084442138672,41.54999923706055,90.5,3.4000000953674316,49.650001525878906,3.569999933242798,9.380000114440918,16.420000076293945,65.94999694824219,39.79999923706055
2022-10-24,195.84434509277344,42.099998474121094,88.69999694824219,3.319999933242798,48.70000076293945,3.0399999618530273,8.770000457763672,15.899999618530273,59.70000076293945,36.650001525878906
2022-10-25,196.03428649902344,39.95000076293945,85.94999694824219,3.309999942779541,48.5,3.2899999618530273,8.850000381469727,15.800000190734863,58.099998474121094,36.79999923706055
2022-10-26,200.97314453125,40.25,85.9000015258789,3.309999942779541,48.54999923706055,3.5799999237060547,8.869999885559082,15.65999984741211,59.099998474121094,37.349998474121094
2022-10-27,202.49278259277344,40.70000076293945,86.4000015258789,3.299999952316284,48.79999923706055,3.619999885559082,9.010000228881836,15.720000267028809,60.599998474121094,37.79999923706055
2022-10-28,190.7155303955078,40.04999923706055,85.3499984741211,3.2699999809265137,48.150001525878906,3.390000104904175,8.420000076293945,15.420000076293945,57.95000076293945,35.20000076293945
2022-10-31,195.27447509765625,40.25,84.44999694824219,3.0,47.25,3.319999933242798,8.4399995803833,14.960000038146973,59.45000076293945,35.849998474121094
2022-11-01,215.97964477539062,41.04999923706055,85.9000015258789,3.0399999618530273,47.400001525878906,3.640000104904175,9.020000457763672,15.239999771118164,63.400001525878906,39.0
2022-11-02,219.01893615722656,41.400001525878906,87.3499984741211,3.0999999046325684,48.099998474121094,3.8499999046325684,9.489999771118164,15.239999771118164,63.900001525878906,41.599998474121094
2022-11-03,210.28097534179688,40.29999923706055,86.44999694824219,3.109999895095825,47.650001525878906,3.7899999618530273,9.100000381469727,15.039999961853027,62.70000076293945,40.54999923706055
2022-11-04,226.61715698242188,41.45000076293945,88.25,3.180000066757202,48.04999923706055,4.039999961853027,10.260000228881836,15.359999656677246,65.55000305175781,42.150001525878906
2022-11-07,233.07565307617188,43.0,84.19999694824219,3.309999942779541,48.150001525878906,4.210000038146973,10.819999694824219,15.579999923706055,67.69999694824219,42.45000076293945
2022-11-08,233.45556640625,43.0,85.19999694824219,3.3299999237060547,48.349998474121094,4.179999828338623,10.979999542236328,15.680000305175781,68.69999694824219,43.599998474121094
2022-11-09,224.90756225585938,43.0,84.8499984741211,3.299999952316284,48.349998474121094,4.03000020980835,10.319999694824219,15.9399995803833,68.05000305175781,43.0
2022-11-10,219.7787628173828,42.5,85.8499984741211,3.25,48.29999923706055,3.940000057220459,9.739999771118164,15.699999809265137,67.1500015258789,42.25
2022-11-11,245.4227752685547,43.400001525878906,89.4000015258789,3.309999942779541,49.20000076293945,4.320000171661377,10.300000190734863,16.0,73.05000305175781,45.75
2022-11-14,247.51229858398438,43.650001525878906,91.9000015258789,3.359999895095825,48.95000076293945,5.0,10.539999961853027,17.139999389648438,75.69999694824219,45.599998474121094
2022-11-15,273.5362243652344,44.70000076293945,92.6500015258789,3.390000104904175,49.29999923706055,5.71999979019165,11.420000076293945,17.360000610351562,75.80000305175781,46.400001525878906
2022-11-16,279.61480712890625,44.349998474121094,92.75,3.4200000762939453,49.5,5.900000095367432,10.880000114440918,17.280000686645508,76.05000305175781,46.849998474121094
2022-11-17,277.3353271484375,44.349998474121094,91.94999694824219,3.380000114440918,49.849998474121094,5.630000114440918,10.760000228881836,17.239999771118164,76.4000015258789,47.29999923706055
2022-11-18,273.3462829589844,44.150001525878906,91.25,3.359999895095825,49.75,5.880000114440918,10.4399995803833,17.559999465942383,76.0999984741211,45.900001525878906
2022-11-21,268.977294921875,44.349998474121094,91.0999984741211,3.319999933242798,50.0,5.630000114440918,10.300000190734863,17.260000228881836,74.5,43.25
2022-11-22,263.46856689453125,44.75,91.30000305175781,3.4000000953674316,50.900001525878906,5.559999942779541,10.079999923706055,17.200000762939453,74.1500015258789,43.5
2022-11-23,267.8375549316406,45.20000076293945,90.94999694824219,3.430000066757202,51.099998474121094,5.599999904632568,10.020000457763672,17.260000228881836,74.5999984741211,43.20000076293945
2022-11-24,266.3179016113281,46.0,91.8499984741211,3.4200000762939453,51.20000076293945,5.619999885559082,9.989999771118164,17.34000015258789,74.94999694824219,43.25
2022-11-25,259.28955078125,46.0,92.19999694824219,3.450000047683716,51.849998474121094,5.570000171661377,9.6899995803833,17.3799991607666,74.55000305175781,42.849998474121094
2022-11-28,256.4402160644531,45.599998474121094,91.05000305175781,3.390000104904175,51.599998474121094,5.559999942779541,9.670000076293945,17.360000610351562,72.30000305175781,43.04999923706055
2022-11-29,271.44671630859375,46.25,92.69999694824219,3.4800000190734863,51.5,6.099999904632568,10.260000228881836,17.860000610351562,76.19999694824219,45.650001525878906
2022-11-30,272.7763977050781,47.25,93.69999694824219,3.5399999618530273,51.75,6.389999866485596,11.380000114440918,18.440000534057617,78.5,46.70000076293945
2022-12-01,279.61480712890625,47.29999923706055,93.5999984741211,3.5,51.5,6.610000133514404,11.600000381469727,18.31999969482422,80.3499984741211,48.29999923706055
2022-12-02,281.13446044921875,46.900001525878906,93.69999694824219,3.569999933242798,51.349998474121094,7.25,11.579999923706055,18.200000762939453,79.6500015258789,48.45000076293945
2022-12-05,298.23046875,47.20000076293945,93.5,3.5999999046325684,53.0,8.6899995803833,12.100000381469727,18.6200008392334,83.4000015258789,51.400001525878906
2022-12-06,296.1409606933594,47.349998474121094,95.3499984741211,3.5799999237060547,52.75,8.529999732971191,12.359999656677246,18.84000015258789,84.19999694824219,51.650001525878906
2022-12-07,285.12353515625,46.650001525878906,97.30000305175781,3.490000009536743,51.650001525878906,8.470000267028809,12.140000343322754,20.0,79.80000305175781,49.79999923706055
2022-12-08,301.459716796875,47.04999923706055,98.25,3.4600000381469727,51.400001525878906,9.829999923706055,12.619999885559082,20.5,83.75,52.599998474121094
2022-12-09,309.2478942871094,47.20000076293945,102.5,3.4700000286102295,51.650001525878906,9.399999618530273,12.539999961853027,20.149999618530273,85.5,52.900001525878906
2022-12-12,301.649658203125,47.599998474121094,100.9000015258789,3.5,51.349998474121094,9.15999984741211,12.020000457763672,20.850000381469727,85.0,51.349998474121094
2022-12-13,302.40948486328125,47.70000076293945,106.30000305175781,3.4800000190734863,51.45000076293945,8.75,12.180000305175781,20.350000381469727,86.80000305175781,52.599998474121094
2022-12-14,308.67803955078125,48.04999923706055,104.69999694824219,3.5399999618530273,51.400001525878906,8.130000114440918,12.0600004196167,20.25,84.0999984741211,52.5
2022-12-15,301.649658203125,47.20000076293945,104.19999694824219,3.559999942779541,51.29999923706055,7.889999866485596,12.0,20.299999237060547,84.6500015258789,51.849998474121094
2022-12-16,300.8898620605469,47.0,105.0999984741211,3.549999952316284,51.54999923706055,8.050000190734863,12.359999656677246,20.649999618530273,84.5999984741211,52.5
2022-12-19,304.3090515136719,46.95000076293945,105.0999984741211,3.509999990463257,51.20000076293945,7.389999866485596,12.119999885559082,19.3799991607666,83.55000305175781,50.150001525878906
2022-12-20,293.8614807128906,46.75,103.69999694824219,3.490000009536743,50.900001525878906,7.199999809265137,11.619999885559082,19.520000457763672,84.6500015258789,50.20000076293945
2022-12-21,295.3811340332031,47.5,103.5,3.5,51.29999923706055,7.349999904632568,11.5600004196167,19.399999618530273,84.30000305175781,50.5
2022-12-22,307.5382995605469,48.20000076293945,105.5,3.549999952316284,52.0,7.460000038146973,11.960000038146973,19.5,83.9000015258789,51.70000076293945
2022-12-23,304.11907958984375,47.900001525878906,105.9000015258789,3.5199999809265137,51.900001525878906,7.090000152587891,11.65999984741211,19.579999923706055,86.69999694824219,51.150001525878906
2022-12-28,309.8177795410156,48.5,105.19999694824219,3.609999895095825,52.04999923706055,7.059999942779541,11.359999656677246,19.65999984741211,86.9000015258789,52.20000076293945
2022-12-29,318.36578369140625,48.400001525878906,104.80000305175781,3.559999942779541,51.150001525878906,6.739999771118164,11.359999656677246,19.979999542236328,85.0999984741211,51.900001525878906
2022-12-30,317.2260437011719,48.54999923706055,106.80000305175781,3.569999933242798,51.75,6.650000095367432,11.399999618530273,19.84000015258789,86.80000305175781,51.599998474121094
2023-01-03,327.8635559082031,48.70000076293945,109.19999694824219,3.5999999046325684,52.5,6.650000095367432,11.859999656677246,20.350000381469727,88.30000305175781,53.599998474121094
2023-01-04,342.87005615234375,50.0,108.5,3.5999999046325684,53.54999923706055,7.400000095367432,12.039999961853027,20.600000381469727,91.3499984741211,54.25
2023-01-05,347.79998779296875,51.25,110.69999694824219,3.5799999237060547,53.70000076293945,7.239999771118164,12.380000114440918,20.5,89.0999984741211,52.900001525878906
2023-01-06,349.3999938964844,52.20000076293945,109.19999694824219,3.5899999141693115,53.25,6.880000114440918,11.9399995803833,20.200000762939453,88.19999694824219,51.04999923706055
2023-01-09,362.0,53.29999923706055,109.19999694824219,3.5999999046325684,53.20000076293945,7.409999847412109,11.65999984741211,20.25,87.30000305175781,53.20000076293945
2023-01-10,362.3999938964844,53.29999923706055,108.5999984741211,3.5799999237060547,53.20000076293945,7.670000076293945,12.359999656677246,19.84000015258789,86.3499984741211,53.5
2023-01-11,373.79998779296875,53.650001525878906,106.4000015258789,3.609999895095825,53.79999923706055,7.46999979019165,12.020000457763672,20.0,85.75,52.95000076293945
2023-01-12,364.0,54.099998474121094,108.5999984741211,3.75,54.75,7.320000171661377,12.239999771118164,20.299999237060547,88.4000015258789,53.20000076293945
2023-01-13,371.3999938964844,55.5,107.5,3.8299999237060547,55.5,7.590000152587891,12.119999885559082,20.299999237060547,87.94999694824219,53.400001525878906
2023-01-16,370.20001220703125,56.650001525878906,108.5999984741211,3.880000114440918,55.099998474121094,7.349999904632568,11.720000267028809,20.049999237060547,87.94999694824219,54.150001525878906
2023-01-17,373.79998779296875,56.650001525878906,109.19999694824219,3.869999885559082,54.900001525878906,7.349999904632568,11.5,19.34000015258789,85.5999984741211,52.95000076293945
2023-01-18,380.0,56.79999923706055,109.80000305175781,3.9200000762939453,55.150001525878906,7.300000190734863,11.680000305175781,19.219999313354492,86.75,54.900001525878906
2023-01-19,382.79998779296875,56.650001525878906,110.30000305175781,3.880000114440918,55.099998474121094,7.090000152587891,11.859999656677246,19.219999313354492,87.44999694824219,54.349998474121094
2023-01-20,391.79998779296875,56.900001525878906,111.5999984741211,4.019999980926514,55.900001525878906,7.369999885559082,12.039999961853027,19.31999969482422,87.5999984741211,54.900001525878906
2023-01-26,406.79998779296875,57.900001525878906,112.9000015258789,4.170000076293945,56.54999923706055,7.679999828338623,12.859999656677246,19.5,90.0,54.349998474121094
2023-01-27,415.0,57.95000076293945,113.30000305175781,4.199999809265137,56.70000076293945,7.659999847412109,13.039999961853027,19.719999313354492,89.0,54.599998474121094
2023-01-30,387.20001220703125,57.849998474121094,114.80000305175781,4.179999828338623,56.5,7.050000190734863,12.859999656677246,19.6200008392334,89.3499984741211,54.04999923706055
2023-01-31,382.20001220703125,57.95000076293945,111.0999984741211,4.170000076293945,56.20000076293945,6.96999979019165,12.640000343322754,19.219999313354492,88.55000305175781,54.400001525878906
2023-02-01,385.0,57.04999923706055,111.30000305175781,4.21999979019165,56.79999923706055,7.050000190734863,13.279999732971191,19.739999771118164,86.94999694824219,56.400001525878906
2023-02-02,383.0,57.650001525878906,111.0,4.210000038146973,56.79999923706055,6.829999923706055,12.84000015258789,19.780000686645508,85.3499984741211,55.349998474121094
2023-02-03,385.0,55.900001525878906,113.0999984741211,4.099999904632568,56.75,6.820000171661377,12.640000343322754,19.68000030517578,84.94999694824219,54.79999923706055
2023-02-06,376.79998779296875,56.599998474121094,112.19999694824219,4.070000171661377,56.599998474121094,6.329999923706055,12.15999984741211,19.299999237060547,85.5999984741211,54.25
2023-02-07,380.0,56.599998474121094,110.5,4.099999904632568,56.29999923706055,6.340000152587891,12.079999923706055,19.18000030517578,85.4000015258789,52.849998474121094
2023-02-08,382.20001220703125,57.79999923706055,112.30000305175781,4.119999885559082,56.150001525878906,6.110000133514404,11.760000228881836,19.34000015258789,85.69999694824219,52.70000076293945
2023-02-09,395.6000061035156,58.0,112.0,4.119999885559082,56.599998474121094,6.380000114440918,12.020000457763672,19.280000686645508,87.8499984741211,54.400001525878906
2023-02-10,383.3999938964844,58.0,112.0,4.099999904632568,56.95000076293945,6.050000190734863,11.619999885559082,20.100000381469727,86.19999694824219,53.849998474121094
2023-02-13,386.6000061035156,57.75,109.0999984741211,4.130000114440918,57.0,6.119999885559082,11.739999771118164,21.200000762939453,86.05000305175781,54.099998474121094
2023-02-14,378.6000061035156,58.20000076293945,111.69999694824219,4.130000114440918,56.79999923706055,5.949999809265137,11.699999809265137,21.600000381469727,86.30000305175781,53.599998474121094
2023-02-15,377.0,57.54999923706055,109.69999694824219,4.099999904632568,56.599998474121094,5.699999809265137,11.619999885559082,21.700000762939453,84.0999984741211,53.400001525878906
2023-02-16,382.6000061035156,58.099998474121094,111.0999984741211,4.119999885559082,57.75,5.900000095367432,11.699999809265137,21.5,85.19999694824219,52.5
2023-02-17,373.79998779296875,58.20000076293945,110.9000015258789,4.130000114440918,57.349998474121094,6.010000228881836,11.5600004196167,21.600000381469727,83.6500015258789,52.20000076293945
2023-02-20,377.0,58.75,111.30000305175781,4.170000076293945,59.099998474121094,6.090000152587891,11.520000457763672,21.5,83.25,51.75
2023-02-21,361.79998779296875,57.599998474121094,111.0,4.190000057220459,58.900001525878906,5.860000133514404,11.539999961853027,21.5,82.5,51.650001525878906
2023-02-22,356.0,60.650001525878906,111.9000015258789,4.150000095367432,58.349998474121094,5.789999961853027,11.380000114440918,21.850000381469727,82.4000015258789,51.75
2023-02-23,356.0,59.349998474121094,110.69999694824219,4.130000114440918,58.599998474121094,5.900000095367432,11.420000076293945,21.950000762939453,81.0999984741211,51.900001525878906
2023-02-24,349.3999938964844,59.54999923706055,108.4000015258789,4.119999885559082,57.95000076293945,5.710000038146973,10.800000190734863,21.600000381469727,81.19999694824219,53.25
2023-02-27,349.3999938964844,59.04999923706055,108.0999984741211,4.079999923706055,57.29999923706055,5.71999979019165,10.720000267028809,21.049999237060547,82.1500015258789,52.150001525878906
2023-02-28,343.6000061035156,59.29999923706055,107.19999694824219,4.019999980926514,58.79999923706055,5.599999904632568,10.180000305175781,21.0,83.25,52.20000076293945
2023-03-01,368.79998779296875,60.25,108.80000305175781,4.110000133514404,60.599998474121094,6.050000190734863,10.619999885559082,21.299999237060547,85.5,53.849998474121094
2023-03-02,362.79998779296875,58.25,107.5999984741211,4.150000095367432,61.0,6.0,10.479999542236328,21.5,86.1500015258789,52.79999923706055
2023-03-03,367.6000061035156,58.0,107.19999694824219,4.269999980926514,62.0,6.070000171661377,10.619999885559082,21.799999237060547,86.19999694824219,52.95000076293945
2023-03-06,363.0,58.150001525878906,109.0,4.309999942779541,64.0,5.96999979019165,10.600000381469727,22.399999618530273,86.6500015258789,54.29999923706055
2023-03-07,357.0,58.400001525878906,110.0,4.5,62.25,5.840000152587891,10.699999809265137,22.5,86.55000305175781,53.95000076293945
2023-03-08,349.6000061035156,57.95000076293945,106.5999984741211,4.480000019073486,62.0,5.679999828338623,10.239999771118164,22.350000381469727,84.75,52.45000076293945
2023-03-09,340.20001220703125,58.54999923706055,105.0,4.420000076293945,63.900001525878906,5.570000171661377,10.020000457763672,22.25,85.5,52.900001525878906
2023-03-10,331.6000061035156,56.400001525878906,102.0999984741211,4.320000171661377,62.0,5.380000114440918,9.470000267028809,21.700000762939453,81.55000305175781,50.75
2023-03-13,344.79998779296875,56.29999923706055,104.4000015258789,4.489999771118164,64.8499984741211,5.539999961853027,9.279999732971191,21.799999237060547,84.44999694824219,52.29999923706055
2023-03-14,341.6000061035156,53.650001525878906,106.0,4.320000171661377,63.70000076293945,5.369999885559082,8.90999984741211,21.600000381469727,80.75,51.099998474121094
2023-03-15,344.6000061035156,55.20000076293945,104.69999694824219,4.360000133514404,64.69999694824219,5.670000076293945,9.119999885559082,22.0,80.5,51.0
2023-03-16,336.0,53.900001525878906,103.9000015258789,4.190000057220459,64.44999694824219,5.889999866485596,9.15999984741211,23.799999237060547,76.4000015258789,50.400001525878906
2023-03-17,339.3999938964844,53.79999923706055,105.9000015258789,4.389999866485596,65.94999694824219,6.039999961853027,9.300000190734863,24.049999237060547,78.94999694824219,51.650001525878906
2023-03-20,334.79998779296875,50.45000076293945,104.5,4.269999980926514,63.599998474121094,5.809999942779541,9.149999618530273,23.0,75.6500015258789,50.150001525878906
2023-03-21,343.6000061035156,51.900001525878906,105.4000015258789,4.25,62.70000076293945,5.929999828338623,9.5,23.049999237060547,77.8499984741211,50.79999923706055
2023-03-22,347.20001220703125,53.5,106.19999694824219,4.320000171661377,63.45000076293945,5.940000057220459,9.760000228881836,22.850000381469727,80.6500015258789,51.650001525878906
2023-03-23,375.6000061035156,53.70000076293945,106.69999694824219,4.360000133514404,63.599998474121094,6.159999847412109,10.100000381469727,22.700000762939453,81.0999984741211,52.0
2023-03-24,376.79998779296875,52.150001525878906,107.19999694824219,4.25,62.54999923706055,6.380000114440918,10.020000457763672,22.799999237060547,81.55000305175781,51.599998474121094
2023-03-27,362.79998779296875,51.650001525878906,108.0999984741211,4.260000228881836,62.400001525878906,6.309999942779541,9.779999732971191,22.5,80.55000305175781,51.79999923706055
2023-03-28,378.20001220703125,52.650001525878906,108.9000015258789,4.300000190734863,62.150001525878906,6.0,9.970000267028809,23.350000381469727,81.8499984741211,51.599998474121094
2023-03-29,384.79998779296875,52.95000076293945,109.5,4.340000152587891,62.0,6.309999942779541,9.949999809265137,23.299999237060547,83.0999984741211,51.400001525878906
2023-03-30,385.0,53.79999923706055,110.5999984741211,4.679999828338623,62.349998474121094,5.809999942779541,9.970000267028809,23.149999618530273,83.0,51.599998474121094
2023-03-31,385.79998779296875,53.20000076293945,110.0,4.650000095367432,63.599998474121094,5.679999828338623,10.100000381469727,23.75,82.6500015258789,52.45000076293945
2023-04-03,388.20001220703125,54.20000076293945,108.5,4.71999979019165,64.30000305175781,5.789999961853027,10.0600004196167,24.049999237060547,83.5999984741211,55.54999923706055
2023-04-04,385.0,54.650001525878906,109.0999984741211,4.820000171661377,65.6500015258789,5.599999904632568,9.739999771118164,24.200000762939453,83.5,56.25
2023-04-06,385.3999938964844,54.20000076293945,109.69999694824219,4.789999961853027,65.94999694824219,5.809999942779541,9.75,25.0,83.69999694824219,54.70000076293945
2023-04-11,376.6000061035156,54.79999923706055,110.30000305175781,4.880000114440918,65.19999694824219,6.0,9.970000267028809,24.399999618530273,84.5,55.0
2023-04-12,357.20001220703125,54.75,110.5,4.980000019073486,65.19999694824219,5.849999904632568,9.850000381469727,25.0,85.6500015258789,55.20000076293945
2023-04-13,363.20001220703125,55.25,110.19999694824219,5.010000228881836,65.9000015258789,5.949999809265137,9.760000228881836,25.0,84.75,54.25
2023-04-14,365.3999938964844,55.599998474121094,110.5,5.079999923706055,66.94999694824219,5.860000133514404,10.140000343322754,24.899999618530273,84.55000305175781,53.79999923706055
2023-04-17,371.0,56.900001525878906,109.30000305175781,5.329999923706055,69.0,5.889999866485596,10.520000457763672,25.600000381469727,85.9000015258789,55.95000076293945
2023-04-18,365.3999938964844,56.349998474121094,109.30000305175781,5.309999942779541,68.9000015258789,5.860000133514404,10.380000114440918,25.799999237060547,85.75,55.5
2023-04-19,357.20001220703125,55.849998474121094,106.19999694824219,5.190000057220459,67.69999694824219,5.710000038146973,9.989999771118164,26.399999618530273,85.0,57.95000076293945
2023-04-20,357.0,56.349998474121094,107.4000015258789,5.230000019073486,67.5,5.730000019073486,9.869999885559082,27.399999618530273,83.75,58.29999923706055
2023-04-21,349.20001220703125,55.95000076293945,107.5,5.230000019073486,66.94999694824219,5.480000019073486,9.680000305175781,27.600000381469727,82.80000305175781,57.650001525878906
2023-04-24,345.0,55.95000076293945,107.5999984741211,5.21999979019165,67.30000305175781,5.75,9.640000343322754,27.450000762939453,82.44999694824219,56.75
2023-04-25,338.3999938964844,55.5,106.4000015258789,5.329999923706055,67.9000015258789,5.559999942779541,9.569999694824219,26.850000381469727,82.75,54.900001525878906
2023-04-26,348.20001220703125,55.25,107.30000305175781,5.329999923706055,67.19999694824219,5.630000114440918,9.75,27.450000762939453,83.8499984741211,54.29999923706055
2023-04-27,345.0,56.25,108.30000305175781,5.340000152587891,67.44999694824219,5.619999885559082,9.739999771118164,28.25,85.19999694824219,53.95000076293945
2023-04-28,344.3999938964844,56.150001525878906,109.0,5.429999828338623,67.6500015258789,5.610000133514404,9.649999618530273,27.75,84.94999694824219,55.5
2023-05-02,345.79998779296875,58.650001525878906,106.80000305175781,5.409999847412109,67.25,5.539999961853027,9.5,27.850000381469727,85.44999694824219,56.70000076293945
2023-05-03,339.3999938964844,58.849998474121094,106.80000305175781,5.170000076293945,66.8499984741211,5.309999942779541,9.399999618530273,27.549999237060547,84.5,55.650001525878906
2023-05-04,337.79998779296875,58.650001525878906,108.9000015258789,5.300000190734863,68.44999694824219,5.340000152587891,9.59000015258789,27.75,84.44999694824219,54.70000076293945
2023-05-05,342.79998779296875,58.45000076293945,110.5999984741211,5.269999980926514,68.44999694824219,5.510000228881836,9.65999984741211,27.549999237060547,81.55000305175781,53.849998474121094
2023-05-08,340.79998779296875,59.5,109.9000015258789,5.480000019073486,69.6500015258789,5.480000019073486,9.8100004196167,27.450000762939453,84.0,53.20000076293945
2023-05-09,328.3999938964844,59.29999923706055,107.69999694824219,5.489999771118164,68.1500015258789,5.179999828338623,9.640000343322754,27.600000381469727,80.9000015258789,51.20000076293945
2023-05-10,329.6000061035156,59.349998474121094,105.80000305175781,5.5,67.6500015258789,5.130000114440918,9.829999923706055,27.299999237060547,81.0,51.95000076293945
2023-05-11,326.3999938964844,58.95000076293945,105.0,5.420000076293945,67.0999984741211,5.110000133514404,9.869999885559082,27.049999237060547,80.94999694824219,51.54999923706055
2023-05-12,328.20001220703125,58.75,103.19999694824219,5.369999885559082,66.0,5.050000190734863,9.770000457763672,26.649999618530273,79.75,51.04999923706055
2023-05-15,341.0,59.25,105.0999984741211,5.420000076293945,66.1500015258789,5.110000133514404,9.829999923706055,26.700000762939453,82.0999984741211,51.95000076293945
2023-05-16,344.79998779296875,59.70000076293945,105.69999694824219,5.489999771118164,65.69999694824219,5.079999923706055,9.729999542236328,26.700000762939453,81.19999694824219,52.0
2023-05-17,342.79998779296875,58.650001525878906,103.80000305175781,5.340000152587891,64.3499984741211,4.869999885559082,9.470000267028809,26.799999237060547,79.19999694824219,51.04999923706055
2023-05-18,339.79998779296875,59.45000076293945,103.0,5.519999980926514,65.5999984741211,4.789999961853027,9.460000038146973,26.899999618530273,79.25,51.900001525878906
2023-05-19,333.20001220703125,59.45000076293945,103.5,5.400000095367432,66.4000015258789,4.679999828338623,9.420000076293945,26.799999237060547,78.9000015258789,52.0
2023-05-22,340.20001220703125,59.75,104.19999694824219,5.420000076293945,67.1500015258789,4.900000095367432,9.619999885559082,26.899999618530273,79.94999694824219,52.099998474121094
2023-05-23,335.6000061035156,59.599998474121094,103.30000305175781,5.400000095367432,65.94999694824219,4.889999866485596,9.680000305175781,27.049999237060547,78.30000305175781,52.150001525878906
2023-05-24,332.3999938964844,59.25,103.30000305175781,5.329999923706055,64.9000015258789,4.670000076293945,9.59000015258789,26.75,77.05000305175781,49.900001525878906
2023-05-25,322.3999938964844,58.349998474121094,101.80000305175781,5.21999979019165,64.4000015258789,4.769999980926514,9.279999732971191,26.450000762939453,76.5,49.349998474121094
2023-05-29,313.20001220703125,58.75,101.5,5.340000152587891,64.0,4.650000095367432,9.180000305175781,26.200000762939453,76.5999984741211,49.150001525878906
2023-05-30,316.20001220703125,58.849998474121094,102.0,5.349999904632568,64.3499984741211,4.739999771118164,9.239999771118164,25.649999618530273,76.5,50.20000076293945
2023-05-31,310.6000061035156,57.70000076293945,99.69999694824219,5.059999942779541,63.650001525878906,4.639999866485596,9.109999656677246,25.649999618530273,75.0999984741211,48.54999923706055
2023-06-01,315.3999938964844,57.349998474121094,98.80000305175781,5.179999828338623,63.25,4.630000114440918,9.010000228881836,25.600000381469727,75.19999694824219,47.79999923706055
2023-06-02,334.20001220703125,58.20000076293945,101.80000305175781,5.329999923706055,64.4000015258789,4.849999904632568,9.5,26.149999618530273,78.0,49.79999923706055
2023-06-05,338.20001220703125,59.150001525878906,103.19999694824219,5.369999885559082,65.44999694824219,4.929999828338623,9.380000114440918,26.399999618530273,79.9000015258789,50.25
2023-06-06,331.20001220703125,59.04999923706055,102.69999694824219,5.510000228881836,65.75,4.860000133514404,9.4399995803833,26.399999618530273,79.5,49.79999923706055
2023-06-07,335.6000061035156,59.650001525878906,102.69999694824219,5.510000228881836,63.20000076293945,4.929999828338623,9.539999961853027,26.100000381469727,79.94999694824219,51.099998474121094
2023-06-08,334.79998779296875,59.95000076293945,102.5,5.619999885559082,63.5,4.829999923706055,9.399999618530273,26.649999618530273,81.30000305175781,50.25
2023-06-09,336.0,60.0,102.69999694824219,5.769999980926514,65.1500015258789,4.800000190734863,9.539999961853027,26.850000381469727,80.75,50.599998474121094
2023-06-12,338.3999938964844,60.0,103.0,5.690000057220459,64.4000015258789,4.789999961853027,9.539999961853027,26.700000762939453,81.55000305175781,51.45000076293945
2023-06-13,344.79998779296875,59.900001525878906,102.9000015258789,5.570000171661377,63.70000076293945,4.909999847412109,9.670000076293945,26.899999618530273,82.5999984741211,51.70000076293945
2023-06-14,345.6000061035156,60.04999923706055,101.19999694824219,5.619999885559082,63.400001525878906,4.880000114440918,9.729999542236328,26.700000762939453,82.1500015258789,51.349998474121094
2023-06-15,355.0,60.04999923706055,101.5999984741211,5.699999809265137,63.95000076293945,5.159999847412109,9.930000305175781,26.399999618530273,81.4000015258789,51.79999923706055
2023-06-16,363.0,61.0,102.4000015258789,5.800000190734863,63.599998474121094,5.170000076293945,9.9399995803833,25.950000762939453,81.75,53.0
2023-06-19,357.20001220703125,61.400001525878906,102.5999984741211,5.730000019073486,64.5999984741211,4.989999771118164,9.979999542236328,24.600000381469727,82.0999984741211,52.5
2023-06-20,350.0,61.5,101.0999984741211,5.420000076293945,64.30000305175781,4.840000152587891,9.729999542236328,23.850000381469727,81.3499984741211,53.400001525878906
2023-06-21,340.3999938964844,61.29999923706055,100.0999984741211,5.489999771118164,63.5,4.650000095367432,9.579999923706055,24.0,80.25,52.70000076293945
2023-06-23,337.0,59.75,97.6500015258789,5.440000057220459,62.25,4.46999979019165,9.229999542236328,23.600000381469727,78.1500015258789,52.04999923706055
2023-06-26,332.79998779296875,59.599998474121094,96.69999694824219,5.420000076293945,63.25,4.570000171661377,9.25,23.200000762939453,77.0999984741211,50.79999923706055
2023-06-27,341.3999938964844,60.5,98.44999694824219,5.510000228881836,63.650001525878906,4.710000038146973,9.399999618530273,23.649999618530273,79.05000305175781,50.599998474121094
2023-06-28,336.20001220703125,60.849998474121094,99.19999694824219,5.539999961853027,63.5,4.730000019073486,9.369999885559082,23.850000381469727,79.4000015258789,51.599998474121094
2023-06-29,333.6000061035156,60.849998474121094,97.6500015258789,5.420000076293945,63.349998474121094,4.699999809265137,9.300000190734863,24.299999237060547,79.69999694824219,50.5
2023-06-30,331.6000061035156,61.0,98.69999694824219,5.420000076293945,64.05000305175781,4.710000038146973,9.5600004196167,24.5,79.0999984741211,49.70000076293945
2023-07-03,338.0,61.95000076293945,98.80000305175781,5.659999847412109,64.5,4.789999961853027,10.15999984741211,23.549999237060547,81.0,51.70000076293945
2023-07-04,339.20001220703125,62.25,99.4000015258789,5.679999828338623,64.9000015258789,4.869999885559082,10.140000343322754,24.0,81.55000305175781,51.599998474121094
2023-07-05,335.3999938964844,61.650001525878906,98.9000015258789,5.590000152587891,64.5,4.840000152587891,9.899999618530273,23.5,80.4000015258789,50.849998474121094
2023-07-06,326.79998779296875,61.0,96.8499984741211,5.460000038146973,64.0,4.679999828338623,9.779999732971191,23.549999237060547,77.19999694824219,49.95000076293945
2023-07-07,326.6000061035156,60.650001525878906,95.0999984741211,5.389999866485596,63.099998474121094,4.670000076293945,9.640000343322754,23.850000381469727,76.55000305175781,49.599998474121094
2023-07-10,328.79998779296875,60.95000076293945,93.55000305175781,5.380000114440918,62.650001525878906,4.860000133514404,9.600000381469727,23.700000762939453,76.6500015258789,50.04999923706055
2023-07-11,333.79998779296875,60.75,96.19999694824219,5.440000057220459,62.599998474121094,4.840000152587891,9.720000267028809,23.700000762939453,77.5,52.20000076293945
2023-07-12,340.0,61.400001525878906,96.3499984741211,5.539999961853027,62.400001525878906,4.869999885559082,9.779999732971191,23.350000381469727,78.5999984741211,52.75
2023-07-13,349.79998779296875,62.150001525878906,97.75,5.800000190734863,63.25,5.190000057220459,9.850000381469727,23.399999618530273,81.0,53.54999923706055
2023-07-14,352.6000061035156,62.79999923706055,97.44999694824219,5.860000133514404,64.44999694824219,5.190000057220459,9.770000457763672,23.450000762939453,80.5,54.45000076293945
2023-07-18,336.3999938964844,62.95000076293945,95.8499984741211,5.78000020980835,63.599998474121094,5.0,9.729999542236328,24.100000381469727,79.6500015258789,53.849998474121094
2023-07-19,333.0,63.25,95.5999984741211,5.869999885559082,64.19999694824219,4.960000038146973,9.6899995803833,23.899999618530273,78.5,53.79999923706055
2023-07-20,332.79998779296875,63.79999923706055,96.69999694824219,5.820000171661377,64.30000305175781,4.949999809265137,9.630000114440918,23.799999237060547,77.4000015258789,53.54999923706055
2023-07-21,333.0,64.30000305175781,97.75,5.849999904632568,64.94999694824219,5.050000190734863,9.5600004196167,24.0,78.5999984741211,53.75
2023-07-24,325.0,63.70000076293945,96.05000305175781,5.760000228881836,64.5,5.050000190734863,9.369999885559082,23.75,75.69999694824219,53.04999923706055
2023-07-25,345.0,64.5,96.75,5.75,65.0,5.289999961853027,10.100000381469727,24.149999618530273,76.94999694824219,53.400001525878906
2023-07-26,341.0,64.6500015258789,97.44999694824219,5.710000038146973,65.0,5.420000076293945,10.039999961853027,24.450000762939453,77.05000305175781,54.54999923706055
2023-07-27,343.79998779296875,64.94999694824219,99.05000305175781,5.699999809265137,65.19999694824219,5.400000095367432,10.899999618530273,24.5,78.19999694824219,56.650001525878906
2023-07-28,350.3999938964844,64.80000305175781,99.19999694824219,5.670000076293945,65.0,5.570000171661377,10.9399995803833,23.5,77.94999694824219,56.70000076293945
2023-07-31,354.3999938964844,65.19999694824219,97.55000305175781,5.690000057220459,64.0999984741211,5.519999980926514,11.260000228881836,24.450000762939453,77.4000015258789,56.599998474121094
2023-08-01,354.0,66.30000305175781,97.44999694824219,5.769999980926514,64.69999694824219,5.579999923706055,10.979999542236328,24.899999618530273,77.1500015258789,56.0
2023-08-02,343.3999938964844,64.19999694824219,96.05000305175781,5.599999904632568,64.05000305175781,5.369999885559082,10.819999694824219,23.950000762939453,75.25,54.900001525878906
2023-08-03,342.20001220703125,62.900001525878906,96.0,5.480000019073486,63.650001525878906,5.380000114440918,10.760000228881836,23.649999618530273,75.30000305175781,55.45000076293945
2023-08-04,343.3999938964844,63.849998474121094,93.4000015258789,5.539999961853027,64.80000305175781,5.550000190734863,10.800000190734863,24.600000381469727,74.05000305175781,55.099998474121094
2023-08-07,341.20001220703125,63.95000076293945,93.69999694824219,5.639999866485596,65.0999984741211,5.579999923706055,10.699999809265137,20.850000381469727,74.0,55.650001525878906
2023-08-08,334.79998779296875,64.0,92.19999694824219,5.730000019073486,64.9000015258789,5.5,10.380000114440918,21.450000762939453,72.5,55.0
2023-08-09,337.20001220703125,63.849998474121094,91.5999984741211,5.789999961853027,64.5,5.590000152587891,10.319999694824219,21.799999237060547,71.69999694824219,54.650001525878906
2023-08-10,339.79998779296875,62.599998474121094,92.4000015258789,5.909999847412109,64.8499984741211,5.619999885559082,10.260000228881836,21.799999237060547,73.75,55.599998474121094
2023-08-11,335.79998779296875,62.599998474121094,92.80000305175781,5.869999885559082,66.19999694824219,5.309999942779541,9.970000267028809,21.549999237060547,72.9000015258789,54.54999923706055
2023-08-14,333.20001220703125,62.349998474121094,91.25,5.769999980926514,66.30000305175781,5.230000019073486,9.770000457763672,21.350000381469727,71.9000015258789,54.0
2023-08-15,332.6000061035156,61.20000076293945,90.19999694824219,5.739999771118164,66.75,5.25,9.670000076293945,21.149999618530273,70.80000305175781,53.400001525878906
2023-08-16,328.79998779296875,59.95000076293945,89.55000305175781,5.650000095367432,65.55000305175781,5.21999979019165,9.569999694824219,21.649999618530273,69.8499984741211,52.70000076293945
2023-08-17,332.79998779296875,59.29999923706055,89.0999984741211,5.610000133514404,65.0999984741211,4.849999904632568,9.710000038146973,21.299999237060547,70.55000305175781,52.5
2023-08-18,325.0,58.650001525878906,88.3499984741211,5.610000133514404,64.19999694824219,4.349999904632568,9.460000038146973,21.200000762939453,69.6500015258789,50.75
2023-08-21,318.0,58.5,86.94999694824219,5.519999980926514,63.650001525878906,4.28000020980835,9.239999771118164,21.700000762939453,67.4000015258789,49.5
2023-08-22,319.0,58.54999923706055,87.19999694824219,5.539999961853027,64.80000305175781,4.400000095367432,9.300000190734863,21.899999618530273,68.25,50.95000076293945
2023-08-23,318.0,58.400001525878906,87.8499984741211,5.630000114440918,65.0,4.320000171661377,9.199999809265137,21.899999618530273,69.94999694824219,49.70000076293945
2023-08-24,325.20001220703125,58.849998474121094,89.30000305175781,5.619999885559082,65.44999694824219,4.429999828338623,9.449999809265137,21.950000762939453,69.69999694824219,50.849998474121094
2023-08-25,320.0,58.400001525878906,88.6500015258789,5.579999923706055,65.3499984741211,4.550000190734863,9.510000228881836,21.850000381469727,67.6500015258789,49.900001525878906
2023-08-28,325.20001220703125,58.75,88.05000305175781,5.639999866485596,65.6500015258789,4.670000076293945,9.550000190734863,22.75,68.4000015258789,50.20000076293945
2023-08-29,329.3999938964844,58.5,89.4000015258789,5.670000076293945,66.0,4.800000190734863,9.819999694824219,22.950000762939453,70.44999694824219,51.04999923706055
2023-08-30,325.79998779296875,59.349998474121094,89.5,5.619999885559082,66.0999984741211,4.699999809265137,9.829999923706055,22.5,71.19999694824219,51.70000076293945
2023-08-31,325.0,58.849998474121094,88.30000305175781,5.659999847412109,67.0999984741211,4.630000114440918,9.739999771118164,22.75,71.19999694824219,51.900001525878906
2023-09-04,333.3999938964844,58.75,90.44999694824219,5.869999885559082,65.44999694824219,4.78000020980835,10.079999923706055,23.0,71.94999694824219,51.650001525878906
2023-09-05,329.0,57.650001525878906,88.6500015258789,5.840000152587891,65.05000305175781,4.699999809265137,9.850000381469727,21.149999618530273,69.4000015258789,50.70000076293945
2023-09-06,327.6000061035156,57.75,89.1500015258789,5.849999904632568,64.9000015258789,4.639999866485596,9.819999694824219,21.100000381469727,68.80000305175781,50.45000076293945
2023-09-07,321.6000061035156,57.29999923706055,88.30000305175781,6.019999980926514,65.0,4.460000038146973,9.65999984741211,21.0,68.0,49.70000076293945
2023-09-11,324.0,57.650001525878906,79.94999694824219,6.0,65.05000305175781,4.730000019073486,9.789999961853027,21.899999618530273,66.30000305175781,49.400001525878906
2023-09-12,322.0,57.95000076293945,80.25,5.489999771118164,65.0999984741211,4.639999866485596,9.850000381469727,22.200000762939453,66.55000305175781,50.099998474121094
2023-09-13,320.20001220703125,59.0,81.5999984741211,5.489999771118164,65.19999694824219,4.599999904632568,9.699999809265137,21.399999618530273,67.05000305175781,50.20000076293945
2023-09-14,319.79998779296875,59.75,80.80000305175781,5.809999942779541,66.05000305175781,4.590000152587891,9.649999618530273,21.450000762939453,65.55000305175781,50.25
2023-09-15,317.20001220703125,60.849998474121094,82.19999694824219,5.809999942779541,67.25,4.679999828338623,9.640000343322754,21.799999237060547,66.55000305175781,50.5
2023-09-18,312.20001220703125,60.75,80.69999694824219,5.75,66.6500015258789,4.570000171661377,9.739999771118164,21.850000381469727,65.4000015258789,51.400001525878906
2023-09-19,312.3999938964844,60.70000076293945,80.94999694824219,5.739999771118164,68.05000305175781,4.699999809265137,9.649999618530273,22.450000762939453,65.25,51.29999923706055
2023-09-20,309.20001220703125,61.099998474121094,80.3499984741211,5.809999942779541,67.69999694824219,4.730000019073486,9.479999542236328,22.649999618530273,65.55000305175781,51.54999923706055
2023-09-21,303.0,60.79999923706055,79.55000305175781,5.769999980926514,68.05000305175781,4.5,9.359999656677246,22.549999237060547,64.55000305175781,51.04999923706055
2023-09-22,313.6000061035156,61.400001525878906,81.44999694824219,5.809999942779541,68.19999694824219,4.690000057220459,9.520000457763672,22.299999237060547,65.3499984741211,51.5
2023-09-25,304.3999938964844,61.04999923706055,80.19999694824219,5.78000020980835,66.94999694824219,4.659999847412109,9.3100004196167,22.25,63.599998474121094,48.54999923706055
2023-09-26,300.0,60.400001525878906,79.25,5.739999771118164,65.69999694824219,4.630000114440918,9.140000343322754,22.399999618530273,61.650001525878906,48.29999923706055
2023-09-27,302.0,60.849998474121094,79.4000015258789,5.820000171661377,66.30000305175781,4.579999923706055,9.149999618530273,22.299999237060547,64.05000305175781,48.0
2023-09-28,297.3999938964844,60.599998474121094,80.55000305175781,5.900000095367432,65.44999694824219,4.409999847412109,9.069999694824219,22.5,62.900001525878906,45.25
2023-09-29,306.20001220703125,61.70000076293945,83.80000305175781,5.900000095367432,65.69999694824219,4.880000114440918,9.239999771118164,22.700000762939453,63.849998474121094,47.150001525878906
2023-10-03,300.6000061035156,60.900001525878906,81.30000305175781,5.599999904632568,64.55000305175781,4.760000228881836,9.010000228881836,21.950000762939453,64.4000015258789,46.45000076293945
2023-10-04,297.6000061035156,60.849998474121094,82.94999694824219,5.480000019073486,64.19999694824219,4.710000038146973,8.880000114440918,21.899999618530273,65.4000015258789,45.25
2023-10-05,299.79998779296875,60.95000076293945,83.5999984741211,5.480000019073486,64.25,4.610000133514404,8.859999656677246,22.149999618530273,65.94999694824219,45.599998474121094
2023-10-06,305.20001220703125,62.04999923706055,84.0999984741211,5.5,64.75,4.800000190734863,8.90999984741211,22.350000381469727,67.5,46.099998474121094
2023-10-09,307.0,62.0,83.9000015258789,5.639999866485596,65.1500015258789,4.71999979019165,8.970000267028809,21.75,67.25,45.349998474121094
2023-10-10,308.20001220703125,62.20000076293945,85.0,5.699999809265137,65.0,4.739999771118164,9.039999961853027,21.75,67.30000305175781,46.150001525878906
2023-10-11,311.0,62.79999923706055,85.0999984741211,5.71999979019165,64.75,4.980000019073486,9.100000381469727,22.0,68.80000305175781,45.79999923706055
2023-10-12,316.6000061035156,63.20000076293945,85.6500015258789,5.619999885559082,64.69999694824219,5.010000228881836,9.449999809265137,22.350000381469727,70.0,46.25
2023-10-13,306.79998779296875,62.5,83.5999984741211,5.630000114440918,64.5999984741211,4.929999828338623,9.319999694824219,22.5,68.30000305175781,45.150001525878906
2023-10-16,301.20001220703125,61.79999923706055,83.25,5.659999847412109,64.8499984741211,4.809999942779541,9.210000038146973,21.049999237060547,68.30000305175781,43.79999923706055
2023-10-17,302.20001220703125,61.849998474121094,83.6500015258789,5.699999809265137,65.19999694824219,4.849999904632568,9.260000228881836,20.799999237060547,69.4000015258789,43.79999923706055
2023-10-18,300.0,62.25,83.44999694824219,5.760000228881836,65.8499984741211,4.659999847412109,9.329999923706055,20.850000381469727,69.25,43.5
2023-10-19,291.20001220703125,60.75,81.3499984741211,5.639999866485596,65.0999984741211,4.550000190734863,8.899999618530273,20.0,66.75,43.29999923706055
2023-10-20,289.0,59.79999923706055,81.5,5.619999885559082,64.25,4.5,8.760000228881836,19.68000030517578,66.94999694824219,43.70000076293945
2023-10-24,283.0,58.599998474121094,79.9000015258789,5.53000020980835,63.349998474121094,4.420000076293945,8.699999809265137,19.84000015258789,66.5999984741211,43.45000076293945
2023-10-25,287.79998779296875,58.45000076293945,79.5,5.309999942779541,62.0,4.400000095367432,8.779999732971191,19.600000381469727,67.0,43.95000076293945
2023-10-26,287.6000061035156,57.099998474121094,79.1500015258789,5.320000171661377,62.79999923706055,4.46999979019165,8.800000190734863,19.3799991607666,67.69999694824219,44.099998474121094
2023-10-27,292.79998779296875,58.04999923706055,80.69999694824219,5.340000152587891,62.849998474121094,4.639999866485596,8.920000076293945,19.8799991607666,68.69999694824219,44.0
2023-10-30,295.3999938964844,57.20000076293945,81.4000015258789,5.159999847412109,61.95000076293945,4.670000076293945,9.0,19.260000228881836,68.69999694824219,44.29999923706055
2023-10-31,289.20001220703125,56.150001525878906,80.3499984741211,5.099999904632568,61.95000076293945,4.610000133514404,8.869999885559082,18.700000762939453,67.8499984741211,43.849998474121094
2023-11-01,287.0,56.900001525878906,81.0999984741211,5.159999847412109,62.04999923706055,4.610000133514404,8.850000381469727,18.920000076293945,67.4000015258789,44.0
2023-11-02,288.6000061035156,57.0,82.5999984741211,5.190000057220459,62.54999923706055,4.690000057220459,9.1899995803833,18.65999984741211,68.30000305175781,43.599998474121094
2023-11-03,302.6000061035156,58.20000076293945,84.80000305175781,5.239999771118164,62.45000076293945,4.840000152587891,9.479999542236328,19.3799991607666,70.9000015258789,44.79999923706055
2023-11-06,312.6000061035156,58.54999923706055,80.4000015258789,5.059999942779541,62.349998474121094,4.980000019073486,9.800000190734863,19.420000076293945,72.55000305175781,46.0
2023-11-07,308.6000061035156,58.650001525878906,78.8499984741211,5.090000152587891,62.04999923706055,4.889999866485596,9.770000457763672,18.84000015258789,70.4000015258789,44.95000076293945
2023-11-08,308.3999938964844,58.29999923706055,78.05000305175781,4.980000019073486,61.849998474121094,4.929999828338623,9.5600004196167,19.219999313354492,69.44999694824219,44.849998474121094
2023-11-09,306.79998779296875,57.5,77.8499984741211,4.960000038146973,62.349998474121094,4.789999961853027,9.550000190734863,19.020000457763672,70.0,44.099998474121094
2023-11-10,302.79998779296875,57.29999923706055,76.9000015258789,4.940000057220459,61.650001525878906,4.71999979019165,9.270000457763672,19.139999389648438,69.3499984741211,41.25
2023-11-13,309.79998779296875,57.75,77.4000015258789,5.050000190734863,62.25,4.809999942779541,9.289999961853027,19.31999969482422,70.5,41.349998474121094
2023-11-14,307.79998779296875,58.349998474121094,77.9000015258789,5.079999923706055,62.150001525878906,4.809999942779541,9.300000190734863,19.600000381469727,71.30000305175781,41.54999923706055
2023-11-15,322.6000061035156,59.900001525878906,80.75,5.210000038146973,63.400001525878906,4.980000019073486,9.6899995803833,19.65999984741211,73.80000305175781,43.20000076293945
2023-11-16,324.79998779296875,59.400001525878906,79.8499984741211,5.199999809265137,63.29999923706055,4.900000095367432,9.550000190734863,19.219999313354492,72.6500015258789,42.900001525878906
2023-11-17,315.20001220703125,59.04999923706055,78.6500015258789,5.110000133514404,62.400001525878906,4.590000152587891,9.550000190734863,18.700000762939453,72.9000015258789,43.099998474121094
2023-11-20,326.6000061035156,60.20000076293945,80.3499984741211,5.179999828338623,62.79999923706055,4.699999809265137,9.5600004196167,19.559999465942383,73.25,43.900001525878906
2023-11-21,324.79998779296875,59.95000076293945,79.3499984741211,5.179999828338623,62.75,4.670000076293945,9.449999809265137,19.579999923706055,72.5999984741211,44.20000076293945
2023-11-22,324.3999938964844,59.75,79.75,5.210000038146973,62.79999923706055,4.630000114440918,9.34000015258789,19.760000228881836,73.0,43.79999923706055
2023-11-23,329.20001220703125,59.900001525878906,80.44999694824219,5.190000057220459,63.54999923706055,4.699999809265137,9.529999732971191,19.940000534057617,73.44999694824219,43.75
2023-11-24,321.20001220703125,59.45000076293945,79.3499984741211,5.150000095367432,63.349998474121094,4.570000171661377,9.170000076293945,20.0,71.4000015258789,43.349998474121094
2023-11-27,322.79998779296875,59.849998474121094,78.55000305175781,5.150000095367432,63.400001525878906,4.650000095367432,9.100000381469727,19.420000076293945,70.4000015258789,43.0
2023-11-28,319.6000061035156,59.650001525878906,77.8499984741211,5.110000133514404,62.5,4.659999847412109,9.050000190734863,19.799999237060547,70.1500015258789,42.29999923706055
2023-11-29,317.0,59.5,76.4000015258789,5.070000171661377,62.5,4.619999885559082,8.760000228881836,19.0,69.19999694824219,40.25
2023-11-30,327.0,59.20000076293945,76.6500015258789,5.130000114440918,63.29999923706055,4.440000057220459,8.510000228881836,19.3799991607666,67.4000015258789,40.400001525878906
2023-12-01,319.0,59.20000076293945,76.05000305175781,5.110000133514404,62.349998474121094,4.369999885559082,8.220000267028809,19.18000030517578,66.8499984741211,40.900001525878906
2023-12-04,316.79998779296875,59.70000076293945,76.19999694824219,5.119999885559082,62.849998474121094,4.329999923706055,8.15999984741211,18.959999084472656,66.19999694824219,40.75
2023-12-05,308.79998779296875,59.20000076293945,75.9000015258789,5.03000020980835,62.099998474121094,4.349999904632568,8.050000190734863,19.0,63.54999923706055,41.29999923706055
2023-12-06,311.6000061035156,59.54999923706055,76.75,4.96999979019165,62.900001525878906,4.300000190734863,8.109999656677246,19.0,63.20000076293945,41.0
2023-12-07,307.79998779296875,59.849998474121094,77.44999694824219,4.860000133514404,62.599998474121094,4.28000020980835,7.960000038146973,18.940000534057617,62.650001525878906,41.04999923706055
2023-12-08,305.6000061035156,60.0,77.19999694824219,4.860000133514404,62.349998474121094,4.25,7.829999923706055,18.700000762939453,63.849998474121094,41.900001525878906
2023-12-11,307.20001220703125,60.29999923706055,77.5,4.849999904632568,62.25,4.25,7.730000019073486,19.0,63.54999923706055,41.150001525878906
2023-12-12,311.3999938964844,60.650001525878906,77.6500015258789,4.869999885559082,62.20000076293945,4.25,7.869999885559082,19.0,62.849998474121094,41.150001525878906
2023-12-13,307.0,60.54999923706055,77.94999694824219,4.820000171661377,61.95000076293945,4.179999828338623,7.900000095367432,18.940000534057617,63.099998474121094,41.20000076293945
2023-12-14,306.3999938964844,61.0,80.5999984741211,4.829999923706055,62.29999923706055,4.28000020980835,7.980000019073486,19.18000030517578,65.3499984741211,41.54999923706055
2023-12-15,314.3999938964844,61.349998474121094,83.75,4.929999828338623,62.150001525878906,4.380000114440918,8.079999923706055,19.200000762939453,67.9000015258789,42.5
2023-12-18,311.6000061035156,60.349998474121094,82.25,4.920000076293945,61.650001525878906,4.28000020980835,7.940000057220459,19.15999984741211,67.05000305175781,42.0
2023-12-19,311.79998779296875,60.29999923706055,82.1500015258789,4.889999866485596,61.45000076293945,4.139999866485596,7.900000095367432,18.6200008392334,66.44999694824219,42.099998474121094
2023-12-20,314.20001220703125,61.20000076293945,82.05000305175781,4.889999866485596,61.54999923706055,4.099999904632568,7.940000057220459,18.940000534057617,67.30000305175781,42.849998474121094
2023-12-21,312.6000061035156,61.25,82.69999694824219,4.900000095367432,61.599998474121094,4.110000133514404,7.889999866485596,18.860000610351562,66.25,42.5
2023-12-22,274.0,61.79999923706055,82.75,4.949999809265137,61.75,3.9600000381469727,7.789999961853027,19.100000381469727,66.6500015258789,42.45000076293945
2023-12-27,285.0,62.54999923706055,83.69999694824219,5.130000114440918,63.45000076293945,3.940000057220459,7.920000076293945,19.479999542236328,66.8499984741211,42.29999923706055
2023-12-28,293.0,63.150001525878906,84.8499984741211,5.159999847412109,64.1500015258789,4.199999809265137,8.449999809265137,20.049999237060547,68.0999984741211,43.75
2023-12-29,293.6000061035156,63.0,84.44999694824219,5.159999847412109,64.80000305175781,4.239999771118164,8.59000015258789,20.450000762939453,68.05000305175781,43.75
