Date,TCS.NS,INFY.NS,RELIANCE.NS,HDFCBANK.NS,LT.NS,HINDUNILVR.NS,ASIANPAINT.NS,COALINDIA.NS,NTPC.NS,TATAMOTORS.NS
2022-01-03,3817.75,1898.449951171875,2218.752685546875,1519.6500244140625,1922.8499755859375,2361.300048828125,3422.39990234375,155.3000030517578,126.0,497.6000061035156
2022-01-04,3884.75,1899.1500244140625,2268.825439453125,1528.550048828125,1937.550048828125,2401.25,3459.300048828125,153.0,132.89999389648438,489.6000061035156
2022-01-05,3860.949951171875,1844.6500244140625,2279.43994140625,1564.8499755859375,1948.5999755859375,2415.800048828125,3526.800048828125,153.6999969482422,132.0,489.75
2022-01-06,3807.449951171875,1817.800048828125,2230.4287109375,1539.75,1924.5,2391.39990234375,3514.64990234375,154.64999389648438,130.89999389648438,488.8500061035156
2022-01-07,3853.5,1814.300048828125,2248.42724609375,1550.550048828125,1904.9000244140625,2416.14990234375,3576.300048828125,156.9499969482422,131.35000610351562,490.6000061035156
2022-01-10,3879.85009765625,1850.75,2250.273193359375,1559.1500244140625,1953.0999755859375,2407.050048828125,3553.5,160.6999969482422,131.85000610351562,503.70001220703125
2022-01-11,3915.89990234375,1855.5999755859375,2266.471923828125,1565.9000244140625,1961.1500244140625,2403.64990234375,3538.75,158.5500030517578,132.3000030517578,501.29998779296875
2022-01-12,3859.89990234375,1877.449951171875,2326.974365234375,1556.6500244140625,1974.199951171875,2413.14990234375,3543.800048828125,159.35000610351562,133.85000610351562,507.25
2022-01-13,3897.89990234375,1896.800048828125,2340.0810546875,1528.0,2018.4000244140625,2414.199951171875,3456.25,164.75,134.9499969482422,511.95001220703125
2022-01-14,3968.14990234375,1929.3499755859375,2343.49609375,1545.1500244140625,2044.75,2363.699951171875,3364.39990234375,164.75,135.35000610351562,509.8999938964844
2022-01-17,4019.14990234375,1939.5,2355.725830078125,1521.5,2069.39990234375,2389.550048828125,3378.64990234375,163.6999969482422,136.60000610351562,525.0
2022-01-18,3990.60009765625,1920.75,2327.62060546875,1529.25,2022.199951171875,2369.5,3373.699951171875,160.8000030517578,135.0,510.79998779296875
2022-01-19,3914.64990234375,1867.050048828125,2327.43603515625,1518.449951171875,2020.9000244140625,2309.89990234375,3280.39990234375,163.89999389648438,134.8000030517578,520.8499755859375
2022-01-20,3826.550048828125,1823.699951171875,2286.685546875,1509.0,2003.5,2261.800048828125,3306.39990234375,165.0500030517578,134.89999389648438,515.7000122070312
2022-01-21,3833.5,1785.699951171875,2287.0546875,1521.5999755859375,1956.050048828125,2325.39990234375,3274.85009765625,158.75,134.10000610351562,501.8500061035156
2022-01-24,3771.35009765625,1736.800048828125,2194.801025390625,1486.6500244140625,1899.9000244140625,2284.60009765625,3155.14990234375,156.3000030517578,132.60000610351562,478.45001220703125
2022-01-25,3769.89990234375,1722.1500244140625,2190.509033203125,1488.050048828125,1925.300048828125,2327.25,3147.10009765625,161.14999389648438,135.3000030517578,490.54998779296875
2022-01-27,3649.25,1678.5999755859375,2158.0654296875,1474.949951171875,1910.8499755859375,2295.35009765625,3116.949951171875,160.5500030517578,135.0,494.3999938964844
2022-01-28,3690.050048828125,1686.199951171875,2155.98876953125,1463.25,1897.550048828125,2283.550048828125,3110.85009765625,161.64999389648438,140.14999389648438,497.29998779296875
2022-01-31,3736.25,1736.199951171875,2202.8310546875,1485.699951171875,1909.199951171875,2273.75,3152.25,159.8000030517578,142.0500030517578,517.75
2022-02-01,3800.64990234375,1772.050048828125,2195.539306640625,1497.0,1990.5,2305.64990234375,3196.25,163.0500030517578,141.14999389648438,504.29998779296875
2022-02-02,3856.199951171875,1787.0999755859375,2200.015869140625,1531.199951171875,1982.699951171875,2327.89990234375,3197.699951171875,163.85000610351562,141.14999389648438,506.3999938964844
2022-02-03,3824.60009765625,1738.550048828125,2171.58740234375,1515.3499755859375,1933.6500244140625,2298.14990234375,3203.0,161.3000030517578,136.64999389648438,504.5
2022-02-04,3814.89990234375,1741.0999755859375,2151.7890625,1524.0,1947.949951171875,2306.60009765625,3236.64990234375,160.39999389648438,134.1999969482422,500.6000061035156
2022-02-07,3779.0,1715.0,2138.6826171875,1468.1500244140625,1884.5,2257.60009765625,3174.699951171875,160.9499969482422,135.14999389648438,494.6000061035156
2022-02-08,3743.449951171875,1717.300048828125,2174.63330078125,1461.8499755859375,1875.5999755859375,2264.35009765625,3216.35009765625,159.9499969482422,135.0,492.75
2022-02-09,3760.550048828125,1737.300048828125,2199.9697265625,1497.5999755859375,1888.800048828125,2277.64990234375,3228.35009765625,168.60000610351562,135.0500030517578,501.25
2022-02-10,3770.35009765625,1769.5999755859375,2197.70849609375,1525.0999755859375,1901.0,2283.14990234375,3238.75,168.0500030517578,136.4499969482422,507.45001220703125
2022-02-11,3694.949951171875,1721.3499755859375,2193.41650390625,1518.8499755859375,1871.25,2258.0,3216.300048828125,166.5,137.14999389648438,498.8500061035156
2022-02-14,3733.75,1682.199951171875,2158.48095703125,1473.699951171875,1799.0,2228.550048828125,3143.449951171875,161.64999389648438,132.5,471.45001220703125
2022-02-15,3817.800048828125,1738.25,2231.76708984375,1517.800048828125,1876.050048828125,2290.10009765625,3264.60009765625,163.64999389648438,135.35000610351562,504.0
2022-02-16,3813.10009765625,1733.300048828125,2227.152099609375,1515.75,1860.699951171875,2286.5,3252.85009765625,163.85000610351562,133.1999969482422,498.45001220703125
2022-02-17,3784.199951171875,1724.800048828125,2255.349609375,1506.5,1868.699951171875,2307.550048828125,3265.85009765625,163.0500030517578,132.75,499.95001220703125
2022-02-18,3793.89990234375,1706.949951171875,2237.720458984375,1512.3499755859375,1883.0999755859375,2312.550048828125,3258.449951171875,167.3000030517578,132.35000610351562,493.1499938964844
2022-02-21,3719.39990234375,1730.699951171875,2215.10693359375,1522.0999755859375,1863.949951171875,2294.800048828125,3251.64990234375,161.1999969482422,131.9499969482422,494.45001220703125
2022-02-22,3586.39990234375,1734.3499755859375,2205.046142578125,1510.699951171875,1844.449951171875,2269.949951171875,3227.14990234375,159.89999389648438,132.10000610351562,478.25
2022-02-23,3563.800048828125,1742.8499755859375,2191.247314453125,1500.9000244140625,1820.300048828125,2260.39990234375,3237.199951171875,158.5,130.1999969482422,477.0
2022-02-24,3401.64990234375,1678.1500244140625,2082.056396484375,1419.4000244140625,1757.3499755859375,2171.39990234375,3069.050048828125,150.0,124.4000015258789,427.95001220703125
2022-02-25,3520.75,1694.5999755859375,2108.085205078125,1456.0999755859375,1777.050048828125,2170.699951171875,3119.199951171875,163.4499969482422,130.35000610351562,459.75
2022-02-28,3554.199951171875,1715.5999755859375,2177.86376953125,1426.25,1816.75,2172.10009765625,3174.64990234375,169.5500030517578,133.5,454.04998779296875
2022-03-02,3546.14990234375,1702.800048828125,2213.86083984375,1374.25,1784.5,2149.10009765625,3028.949951171875,184.8000030517578,130.9499969482422,447.6000061035156
2022-03-03,3544.39990234375,1720.8499755859375,2195.170166015625,1371.0,1752.300048828125,2091.0,2871.89990234375,188.9499969482422,132.10000610351562,437.1000061035156
2022-03-04,3524.35009765625,1723.300048828125,2146.48193359375,1366.5,1711.75,2019.5,2738.14990234375,181.0,130.1999969482422,417.25
2022-03-07,3484.89990234375,1739.8499755859375,2067.10400390625,1324.800048828125,1634.449951171875,1943.949951171875,2708.449951171875,188.6999969482422,130.0500030517578,394.0
2022-03-08,3599.949951171875,1778.199951171875,2063.36572265625,1327.800048828125,1658.5,1949.0,2723.39990234375,189.14999389648438,133.75,391.75
2022-03-09,3632.60009765625,1813.3499755859375,2172.83349609375,1371.1500244140625,1690.949951171875,1997.9000244140625,2874.949951171875,186.64999389648438,131.5,405.8999938964844
2022-03-10,3620.949951171875,1825.9000244140625,2208.0458984375,1392.699951171875,1728.199951171875,2101.949951171875,2912.800048828125,178.9499969482422,132.9499969482422,419.6000061035156
2022-03-11,3599.14990234375,1822.0,2214.41455078125,1396.800048828125,1728.6500244140625,2094.39990234375,2932.0,181.75,131.9499969482422,418.1499938964844
2022-03-14,3643.0,1890.699951171875,2232.59765625,1442.550048828125,1746.75,2059.300048828125,2962.800048828125,180.35000610351562,132.14999389648438,411.70001220703125
2022-03-15,3593.89990234375,1839.300048828125,2181.463623046875,1424.0,1743.449951171875,2038.199951171875,2987.14990234375,172.89999389648438,131.0500030517578,413.6499938964844
2022-03-16,3655.89990234375,1889.4000244140625,2218.291259765625,1448.1500244140625,1756.199951171875,2072.14990234375,3042.0,176.89999389648438,132.75,424.8999938964844
2022-03-17,3672.75,1854.5999755859375,2290.6083984375,1480.050048828125,1787.9000244140625,2102.050048828125,3136.60009765625,176.5500030517578,132.89999389648438,433.79998779296875
2022-03-21,3626.699951171875,1853.050048828125,2277.409423828125,1486.5,1756.300048828125,2051.199951171875,3045.75,182.3000030517578,132.89999389648438,427.95001220703125
2022-03-22,3700.949951171875,1887.4000244140625,2336.250732421875,1494.1500244140625,1774.050048828125,1993.5,3051.14990234375,183.35000610351562,132.85000610351562,440.3500061035156
2022-03-23,3712.39990234375,1872.4000244140625,2343.6806640625,1479.25,1767.25,1978.550048828125,3016.800048828125,183.0500030517578,133.4499969482422,435.79998779296875
2022-03-24,3749.85009765625,1886.699951171875,2380.093017578125,1442.6500244140625,1771.550048828125,1965.9000244140625,3025.35009765625,187.39999389648438,135.39999389648438,433.20001220703125
2022-03-25,3707.449951171875,1876.550048828125,2395.96875,1430.9000244140625,1751.0999755859375,1953.0,3046.949951171875,186.10000610351562,134.75,432.1000061035156
2022-03-28,3707.699951171875,1873.9000244140625,2420.05908203125,1432.800048828125,1741.5999755859375,1975.0999755859375,3027.449951171875,191.25,134.8000030517578,432.70001220703125
2022-03-29,3705.35009765625,1886.0,2420.61279296875,1451.800048828125,1746.6500244140625,1987.050048828125,3042.60009765625,186.0,134.35000610351562,433.70001220703125
2022-03-30,3731.550048828125,1903.949951171875,2467.132080078125,1476.949951171875,1773.5999755859375,2015.9000244140625,3081.550048828125,182.89999389648438,135.3000030517578,435.6499938964844
2022-03-31,3739.949951171875,1906.8499755859375,2431.873291015625,1470.3499755859375,1767.6500244140625,2048.64990234375,3079.949951171875,183.0500030517578,135.0,433.75
2022-04-01,3758.75,1903.550048828125,2451.3486328125,1506.0,1790.0999755859375,2078.14990234375,3114.14990234375,186.14999389648438,142.9499969482422,441.1499938964844
2022-04-04,3770.35009765625,1882.949951171875,2458.59423828125,1656.800048828125,1826.3499755859375,2128.449951171875,3118.0,187.75,144.3000030517578,446.75
2022-04-05,3814.800048828125,1861.0999755859375,2423.84326171875,1608.25,1836.050048828125,2139.800048828125,3140.800048828125,187.89999389648438,149.10000610351562,458.04998779296875
2022-04-06,3755.35009765625,1828.8499755859375,2417.38232421875,1550.8499755859375,1852.800048828125,2142.050048828125,3154.0,193.85000610351562,153.0,456.1499938964844
2022-04-07,3684.14990234375,1811.0,2374.73974609375,1516.75,1826.300048828125,2164.800048828125,3155.0,190.75,153.5,449.5
2022-04-08,3685.64990234375,1814.5999755859375,2414.244140625,1514.6500244140625,1830.75,2183.050048828125,3206.25,194.5500030517578,152.0500030517578,452.04998779296875
2022-04-11,3696.39990234375,1766.550048828125,2409.2138671875,1496.1500244140625,1781.5,2163.050048828125,3157.449951171875,196.39999389648438,153.10000610351562,452.04998779296875
2022-04-12,3691.10009765625,1742.449951171875,2363.848388671875,1493.5,1747.699951171875,2132.25,3128.64990234375,186.0,152.60000610351562,438.29998779296875
2022-04-13,3661.949951171875,1748.550048828125,2355.172119140625,1464.949951171875,1760.800048828125,2152.14990234375,3080.64990234375,186.60000610351562,153.9499969482422,431.04998779296875
2022-04-18,3528.050048828125,1621.4000244140625,2347.97265625,1395.449951171875,1738.3499755859375,2177.64990234375,3021.550048828125,189.4499969482422,163.1999969482422,433.79998779296875
2022-04-19,3471.89990234375,1562.0,2437.45751953125,1342.199951171875,1705.75,2113.050048828125,2991.199951171875,197.75,160.64999389648438,424.95001220703125
2022-04-20,3556.800048828125,1587.699951171875,2509.12841796875,1354.300048828125,1691.5999755859375,2164.949951171875,3083.0,199.10000610351562,160.5,440.54998779296875
2022-04-21,3628.64990234375,1618.800048828125,2567.87744140625,1374.3499755859375,1714.5,2197.949951171875,3158.25,206.89999389648438,162.6999969482422,448.04998779296875
2022-04-22,3612.550048828125,1585.449951171875,2546.37158203125,1355.5999755859375,1694.3499755859375,2126.949951171875,3164.39990234375,202.14999389648438,160.4499969482422,438.8500061035156
2022-04-25,3548.199951171875,1561.0999755859375,2487.484130859375,1365.75,1657.3499755859375,2100.75,3130.60009765625,188.4499969482422,156.10000610351562,425.1499938964844
2022-04-26,3546.300048828125,1581.0,2561.924072265625,1372.050048828125,1699.949951171875,2148.35009765625,3125.64990234375,191.39999389648438,157.0,434.8999938964844
2022-04-27,3561.199951171875,1552.800048828125,2564.416259765625,1372.550048828125,1677.050048828125,2145.10009765625,3148.35009765625,187.5,155.64999389648438,430.25
2022-04-28,3584.300048828125,1582.5999755859375,2602.720703125,1371.3499755859375,1719.25,2241.85009765625,3247.699951171875,190.25,159.6999969482422,436.04998779296875
2022-04-29,3546.699951171875,1567.550048828125,2575.39990234375,1384.5999755859375,1694.3499755859375,2234.85009765625,3237.199951171875,182.85000610351562,156.1999969482422,437.6000061035156
2022-05-02,3542.39990234375,1541.0,2566.3544921875,1403.699951171875,1679.449951171875,2230.5,3200.0,187.64999389648438,157.5,432.8500061035156
2022-05-04,3479.75,1535.550048828125,2486.238037109375,1356.0,1633.949951171875,2171.550048828125,3100.85009765625,187.35000610351562,158.64999389648438,423.5
2022-05-05,3513.39990234375,1585.1500244140625,2437.5498046875,1352.949951171875,1637.6500244140625,2166.60009765625,3076.550048828125,185.85000610351562,158.39999389648438,426.29998779296875
2022-05-06,3432.60009765625,1542.8499755859375,2418.859130859375,1317.5999755859375,1622.449951171875,2149.199951171875,3016.25,187.39999389648438,159.0,408.54998779296875
2022-05-09,3445.10009765625,1570.3499755859375,2324.39013671875,1319.8499755859375,1616.1500244140625,2116.64990234375,3005.25,183.0500030517578,159.0,403.95001220703125
2022-05-10,3438.75,1553.0,2284.10107421875,1341.050048828125,1607.949951171875,2180.39990234375,3086.35009765625,170.0500030517578,155.4499969482422,391.75
2022-05-11,3412.0,1526.75,2260.703125,1348.5999755859375,1570.800048828125,2163.5,3053.64990234375,169.85000610351562,152.5500030517578,388.1499938964844
2022-05-12,3408.64990234375,1508.800048828125,2214.6455078125,1303.050048828125,1526.1500244140625,2138.800048828125,3039.949951171875,167.0500030517578,148.5500030517578,372.29998779296875
2022-05-13,3414.89990234375,1504.4000244140625,2239.7509765625,1291.3499755859375,1534.5,2194.10009765625,3064.0,168.6999969482422,144.14999389648438,404.29998779296875
2022-05-16,3376.800048828125,1489.0999755859375,2240.304931640625,1305.0999755859375,1542.9000244140625,2217.25,2999.89990234375,171.6999969482422,148.25,405.3500061035156
2022-05-17,3451.60009765625,1518.449951171875,2334.404541015625,1314.0,1604.0999755859375,2245.0,3050.0,184.5500030517578,150.5,424.1499938964844
2022-05-18,3448.800048828125,1509.199951171875,2342.896240234375,1313.9000244140625,1572.5,2291.39990234375,3100.10009765625,185.5500030517578,148.5,415.1499938964844
2022-05-19,3261.949951171875,1427.1500244140625,2288.900634765625,1287.050048828125,1547.949951171875,2264.550048828125,3046.89990234375,181.1999969482422,148.0,398.6499938964844
2022-05-20,3293.0,1455.1500244140625,2422.366455078125,1320.949951171875,1610.0999755859375,2325.949951171875,3109.949951171875,185.9499969482422,149.60000610351562,418.0
2022-05-23,3321.75,1468.4000244140625,2406.16796875,1304.0,1644.1500244140625,2379.800048828125,3174.199951171875,184.3000030517578,150.14999389648438,421.45001220703125
2022-05-24,3288.0,1441.0,2414.4287109375,1318.949951171875,1626.300048828125,2309.64990234375,3086.85009765625,182.35000610351562,146.89999389648438,425.75
2022-05-25,3167.64990234375,1410.449951171875,2410.875244140625,1328.800048828125,1574.75,2298.699951171875,2838.050048828125,180.6999969482422,152.64999389648438,417.0
2022-05-26,3226.949951171875,1423.949951171875,2387.892578125,1366.699951171875,1564.550048828125,2280.199951171875,2840.14990234375,183.25,154.14999389648438,420.6499938964844
2022-05-27,3261.300048828125,1461.3499755859375,2376.81640625,1392.050048828125,1600.300048828125,2330.60009765625,2834.85009765625,181.85000610351562,150.4499969482422,429.6000061035156
2022-05-30,3375.25,1526.800048828125,2459.609619140625,1401.550048828125,1660.8499755859375,2348.949951171875,2844.0,187.1999969482422,150.89999389648438,442.3999938964844
2022-05-31,3364.35009765625,1503.5999755859375,2429.93505859375,1388.949951171875,1654.5,2353.25,2859.64990234375,192.89999389648438,156.0,443.54998779296875
2022-06-01,3355.199951171875,1478.550048828125,2430.7197265625,1394.8499755859375,1648.0,2308.449951171875,2852.5,196.0500030517578,156.8000030517578,444.6000061035156
2022-06-02,3423.0,1508.0,2514.528076171875,1385.0999755859375,1637.1500244140625,2284.800048828125,2908.550048828125,198.1999969482422,159.0500030517578,439.1499938964844
2022-06-03,3440.14990234375,1521.699951171875,2565.4775390625,1380.300048828125,1652.050048828125,2291.949951171875,2886.89990234375,197.0,155.0,431.8999938964844
2022-06-06,3430.949951171875,1530.050048828125,2554.44775390625,1378.449951171875,1640.199951171875,2280.5,2817.449951171875,194.85000610351562,155.1999969482422,432.3500061035156
2022-06-07,3362.699951171875,1506.699951171875,2559.247314453125,1362.5999755859375,1589.449951171875,2211.60009765625,2744.699951171875,197.5500030517578,157.25,435.8500061035156
2022-06-08,3404.14990234375,1500.0,2514.29736328125,1367.4000244140625,1584.550048828125,2197.050048828125,2705.199951171875,197.64999389648438,157.0500030517578,435.6499938964844
2022-06-09,3427.10009765625,1515.0,2583.245361328125,1377.699951171875,1595.0999755859375,2197.699951171875,2686.800048828125,198.75,155.14999389648438,428.5
2022-06-10,3359.89990234375,1476.800048828125,2505.251953125,1351.0999755859375,1585.0999755859375,2199.89990234375,2708.75,198.5,155.25,428.04998779296875
2022-06-13,3219.60009765625,1424.5,2457.855712890625,1326.5999755859375,1532.050048828125,2196.89990234375,2660.75,191.0500030517578,148.89999389648438,406.70001220703125
2022-06-14,3210.550048828125,1440.550048828125,2425.7353515625,1312.0,1544.6500244140625,2171.0,2635.39990234375,192.1999969482422,151.39999389648438,405.1499938964844
2022-06-15,3206.300048828125,1422.199951171875,2396.384033203125,1307.449951171875,1560.3499755859375,2146.550048828125,2661.14990234375,190.0500030517578,148.14999389648438,414.1000061035156
2022-06-16,3142.0,1397.199951171875,2362.879150390625,1281.300048828125,1527.4000244140625,2146.699951171875,2657.449951171875,179.89999389648438,142.9499969482422,392.95001220703125
2022-06-17,3088.89990234375,1387.300048828125,2390.569091796875,1289.75,1489.949951171875,2110.449951171875,2580.199951171875,182.64999389648438,140.4499969482422,388.95001220703125
2022-06-20,3112.39990234375,1414.1500244140625,2347.234375,1322.1500244140625,1471.800048828125,2195.89990234375,2660.699951171875,176.85000610351562,137.25,382.70001220703125
2022-06-21,3211.949951171875,1449.9000244140625,2385.12353515625,1336.550048828125,1500.300048828125,2205.0,2678.35009765625,184.8000030517578,139.9499969482422,397.6000061035156
2022-06-22,3222.949951171875,1437.25,2312.66796875,1330.25,1478.75,2202.85009765625,2666.35009765625,179.35000610351562,137.64999389648438,393.1000061035156
2022-06-23,3308.800048828125,1452.449951171875,2275.14794921875,1335.1500244140625,1494.300048828125,2252.60009765625,2758.199951171875,177.14999389648438,136.5,407.20001220703125
2022-06-24,3293.10009765625,1441.0999755859375,2307.54541015625,1353.800048828125,1494.8499755859375,2303.89990234375,2760.89990234375,176.5500030517578,136.60000610351562,409.29998779296875
2022-06-27,3314.699951171875,1474.5999755859375,2300.715087890625,1356.25,1535.800048828125,2320.64990234375,2820.949951171875,182.0500030517578,138.5,414.5
2022-06-28,3318.14990234375,1480.1500244140625,2333.066162109375,1345.9000244140625,1551.5,2317.64990234375,2726.5,186.39999389648438,138.60000610351562,417.1000061035156
2022-06-29,3290.5,1463.25,2381.4775390625,1343.949951171875,1547.9000244140625,2233.449951171875,2697.800048828125,188.75,141.75,416.95001220703125
2022-06-30,3267.10009765625,1461.9000244140625,2395.7841796875,1348.0,1558.25,2230.60009765625,2695.199951171875,185.60000610351562,142.89999389648438,411.79998779296875
2022-07-01,3315.10009765625,1479.4000244140625,2223.229248046875,1353.75,1572.1500244140625,2282.35009765625,2773.14990234375,183.25,140.64999389648438,412.70001220703125
2022-07-04,3235.050048828125,1488.0,2227.84423828125,1355.6500244140625,1581.699951171875,2375.199951171875,2790.300048828125,182.0500030517578,141.39999389648438,408.45001220703125
2022-07-05,3216.300048828125,1475.949951171875,2245.888916015625,1352.5999755859375,1564.9000244140625,2401.5,2766.60009765625,182.4499969482422,140.85000610351562,412.0
2022-07-06,3260.75,1491.6500244140625,2226.13671875,1371.25,1556.1500244140625,2498.39990234375,2861.39990234375,181.6999969482422,138.9499969482422,416.3500061035156
2022-07-07,3287.85009765625,1498.699951171875,2204.215576171875,1395.800048828125,1611.0999755859375,2472.949951171875,2891.39990234375,186.0,140.4499969482422,430.8500061035156
2022-07-08,3265.449951171875,1514.449951171875,2207.261474609375,1397.0999755859375,1687.449951171875,2496.85009765625,2879.800048828125,189.8000030517578,143.6999969482422,441.54998779296875
2022-07-11,3113.800048828125,1473.1500244140625,2237.259033203125,1406.1500244140625,1663.0,2490.60009765625,2933.050048828125,193.35000610351562,144.8000030517578,437.04998779296875
2022-07-12,3084.699951171875,1438.5999755859375,2234.074462890625,1391.800048828125,1653.75,2449.550048828125,2893.199951171875,193.89999389648438,147.10000610351562,430.54998779296875
2022-07-13,3038.75,1444.449951171875,2194.477783203125,1357.8499755859375,1647.25,2497.75,2941.199951171875,193.4499969482422,148.60000610351562,427.1000061035156
2022-07-14,2998.75,1428.8499755859375,2212.568603515625,1351.050048828125,1646.1500244140625,2497.800048828125,2939.14990234375,192.0,148.3000030517578,428.04998779296875
2022-07-15,2994.60009765625,1430.3499755859375,2216.860595703125,1362.050048828125,1684.8499755859375,2568.5,2978.14990234375,193.39999389648438,149.75,440.20001220703125
2022-07-18,3063.5,1489.9000244140625,2235.736083984375,1347.550048828125,1727.6500244140625,2553.5,3017.85009765625,195.60000610351562,149.8000030517578,450.8999938964844
2022-07-19,3074.25,1484.1500244140625,2249.442626953125,1348.050048828125,1729.800048828125,2567.949951171875,3019.10009765625,198.25,150.75,449.04998779296875
2022-07-20,3164.800048828125,1515.300048828125,2310.26806640625,1365.050048828125,1739.949951171875,2604.5,3006.449951171875,197.85000610351562,150.5500030517578,453.45001220703125
2022-07-21,3177.300048828125,1532.9000244140625,2294.85400390625,1360.75,1765.1500244140625,2607.449951171875,3066.10009765625,198.60000610351562,150.85000610351562,454.8500061035156
2022-07-22,3171.0,1506.300048828125,2310.360595703125,1392.5,1767.75,2640.60009765625,3067.39990234375,197.10000610351562,148.9499969482422,454.8999938964844
2022-07-25,3166.75,1503.5999755859375,2234.0283203125,1396.5999755859375,1782.449951171875,2623.60009765625,3104.949951171875,200.89999389648438,150.10000610351562,449.54998779296875
2022-07-26,3115.89990234375,1451.1500244140625,2235.043701171875,1393.75,1751.25,2547.10009765625,3108.5,202.3000030517578,150.0,441.1499938964844
2022-07-27,3188.85009765625,1471.050048828125,2232.9208984375,1404.4000244140625,1796.6500244140625,2581.949951171875,3186.050048828125,203.4499969482422,149.6999969482422,444.04998779296875
2022-07-28,3260.5,1517.4000244140625,2267.902587890625,1416.8499755859375,1801.25,2620.10009765625,3272.39990234375,202.85000610351562,150.35000610351562,442.25
2022-07-29,3301.89990234375,1549.699951171875,2316.221435546875,1434.199951171875,1808.050048828125,2637.39990234375,3333.75,211.25,152.9499969482422,449.6000061035156
2022-08-01,3298.800048828125,1551.050048828125,2376.585693359375,1446.1500244140625,1814.699951171875,2593.0,3324.550048828125,212.75,156.5,479.20001220703125
2022-08-02,3291.800048828125,1543.5999755859375,2385.631103515625,1430.25,1793.050048828125,2635.25,3396.14990234375,215.25,159.5500030517578,476.25
2022-08-03,3339.5,1566.0999755859375,2405.66015625,1433.5999755859375,1789.800048828125,2626.35009765625,3439.64990234375,212.10000610351562,159.64999389648438,467.79998779296875
2022-08-04,3354.949951171875,1599.9000244140625,2373.86279296875,1431.9000244140625,1780.0999755859375,2627.949951171875,3460.5,207.14999389648438,154.6999969482422,468.8999938964844
2022-08-05,3365.050048828125,1616.6500244140625,2338.881103515625,1427.050048828125,1787.449951171875,2645.39990234375,3473.89990234375,208.4499969482422,155.60000610351562,465.25
2022-08-08,3374.449951171875,1619.4000244140625,2369.478515625,1462.050048828125,1829.6500244140625,2650.35009765625,3458.449951171875,215.39999389648438,159.39999389648438,468.25
2022-08-10,3354.25,1602.449951171875,2383.646728515625,1466.300048828125,1855.1500244140625,2642.800048828125,3411.64990234375,219.85000610351562,155.75,475.54998779296875
2022-08-11,3422.5,1619.949951171875,2391.58447265625,1485.699951171875,1867.1500244140625,2613.699951171875,3405.199951171875,218.60000610351562,153.64999389648438,476.6499938964844
2022-08-12,3401.550048828125,1594.0999755859375,2430.258056640625,1485.1500244140625,1846.449951171875,2594.949951171875,3427.85009765625,221.64999389648438,158.5,477.54998779296875
2022-08-16,3392.699951171875,1596.449951171875,2447.14892578125,1502.1500244140625,1848.9000244140625,2644.5,3501.0,222.89999389648438,158.75,489.8500061035156
2022-08-17,3401.10009765625,1606.25,2459.9326171875,1509.9000244140625,1855.699951171875,2684.64990234375,3523.699951171875,221.4499969482422,161.4499969482422,485.3999938964844
2022-08-18,3381.25,1582.949951171875,2456.379150390625,1511.699951171875,1894.550048828125,2682.050048828125,3535.35009765625,221.75,160.8000030517578,484.79998779296875
2022-08-19,3385.75,1597.0999755859375,2412.582763671875,1493.050048828125,1936.050048828125,2634.550048828125,3482.550048828125,217.14999389648438,157.75,471.0
2022-08-22,3354.550048828125,1575.6500244140625,2405.890869140625,1470.3499755859375,1880.6500244140625,2626.699951171875,3349.75,218.3000030517578,156.5,454.6000061035156
2022-08-23,3284.60009765625,1542.4000244140625,2442.99560546875,1465.800048828125,1877.050048828125,2592.75,3356.60009765625,222.85000610351562,158.64999389648438,460.45001220703125
2022-08-24,3255.35009765625,1537.5,2436.48828125,1472.8499755859375,1893.3499755859375,2588.25,3378.85009765625,223.64999389648438,160.8000030517578,463.20001220703125
2022-08-25,3218.199951171875,1518.1500244140625,2429.38134765625,1464.8499755859375,1877.9000244140625,2574.199951171875,3362.5,224.89999389648438,158.89999389648438,459.20001220703125
2022-08-26,3222.199951171875,1521.550048828125,2416.4130859375,1465.0999755859375,1905.4000244140625,2571.550048828125,3323.550048828125,229.9499969482422,163.39999389648438,465.04998779296875
2022-08-29,3132.550048828125,1461.75,2397.630126953125,1439.4000244140625,1881.5,2575.800048828125,3343.25,230.60000610351562,160.9499969482422,453.3500061035156
2022-08-30,3211.14990234375,1492.949951171875,2434.826904296875,1486.0999755859375,1922.5,2659.85009765625,3391.60009765625,234.8000030517578,164.0,471.1000061035156
2022-09-01,3131.699951171875,1464.199951171875,2363.248291015625,1472.1500244140625,1912.949951171875,2606.0,3446.550048828125,230.3000030517578,160.6999969482422,466.8999938964844
2022-09-02,3130.39990234375,1453.0,2335.650634765625,1485.5,1940.5,2603.60009765625,3431.050048828125,229.3000030517578,161.8000030517578,461.75
2022-09-05,3133.39990234375,1461.300048828125,2371.924560546875,1495.050048828125,1968.3499755859375,2600.60009765625,3424.800048828125,231.60000610351562,164.5,459.0
2022-09-06,3127.050048828125,1455.0999755859375,2396.8916015625,1489.3499755859375,1962.300048828125,2573.10009765625,3395.25,232.6999969482422,168.4499969482422,457.75
2022-09-07,3149.60009765625,1457.6500244140625,2382.954345703125,1482.300048828125,1958.0999755859375,2564.60009765625,3400.35009765625,238.85000610351562,167.3000030517578,445.8500061035156
2022-09-08,3169.64990234375,1475.9000244140625,2386.3232421875,1497.5999755859375,1974.4000244140625,2577.14990234375,3450.14990234375,236.4499969482422,166.8000030517578,442.20001220703125
2022-09-09,3217.64990234375,1511.6500244140625,2371.463134765625,1498.5999755859375,1949.75,2588.699951171875,3441.85009765625,237.60000610351562,166.60000610351562,445.8999938964844
2022-09-12,3242.949951171875,1536.199951171875,2397.999267578125,1493.550048828125,1961.9000244140625,2580.39990234375,3432.199951171875,231.5,166.39999389648438,451.0
2022-09-13,3229.35009765625,1544.949951171875,2418.0283203125,1513.0999755859375,1991.3499755859375,2586.60009765625,3422.199951171875,231.3000030517578,167.39999389648438,456.79998779296875
2022-09-14,3120.39990234375,1475.4000244140625,2389.046142578125,1528.6500244140625,1953.9000244140625,2571.39990234375,3438.949951171875,231.9499969482422,172.35000610351562,450.20001220703125
2022-09-15,3104.35009765625,1432.800048828125,2365.371337890625,1520.699951171875,1957.5,2560.39990234375,3395.39990234375,234.25,175.10000610351562,447.25
2022-09-16,3008.699951171875,1377.050048828125,2306.7607421875,1492.75,1920.0,2528.14990234375,3322.550048828125,231.0500030517578,172.8000030517578,432.5
2022-09-19,3028.800048828125,1390.300048828125,2309.760498046875,1502.5999755859375,1910.699951171875,2579.25,3316.25,229.89999389648438,171.0,425.45001220703125
2022-09-20,3040.300048828125,1388.550048828125,2310.129638671875,1520.699951171875,1932.699951171875,2583.550048828125,3393.199951171875,229.85000610351562,171.89999389648438,434.25
2022-09-21,3001.199951171875,1377.25,2316.49853515625,1518.3499755859375,1895.6500244140625,2623.60009765625,3356.050048828125,231.5500030517578,168.60000610351562,427.6499938964844
2022-09-22,3007.39990234375,1367.949951171875,2294.66943359375,1486.0,1888.199951171875,2692.75,3436.0,227.0500030517578,168.64999389648438,432.20001220703125
2022-09-23,2982.050048828125,1365.449951171875,2251.65771484375,1446.1500244140625,1856.8499755859375,2682.050048828125,3395.25,222.85000610351562,163.9499969482422,423.1000061035156
2022-09-26,2994.39990234375,1380.25,2194.293212890625,1426.6500244140625,1851.449951171875,2660.550048828125,3438.050048828125,215.5,158.60000610351562,397.5
2022-09-27,3017.449951171875,1393.550048828125,2211.738037109375,1413.8499755859375,1841.199951171875,2679.25,3470.64990234375,213.89999389648438,159.0,398.79998779296875
2022-09-28,3035.64990234375,1394.699951171875,2152.8505859375,1389.550048828125,1835.449951171875,2702.10009765625,3570.64990234375,210.8000030517578,157.9499969482422,399.1000061035156
2022-09-29,2997.300048828125,1398.6500244140625,2146.251220703125,1382.3499755859375,1815.5,2700.550048828125,3384.800048828125,213.89999389648438,159.5500030517578,402.25
2022-09-30,3004.550048828125,1413.449951171875,2194.66259765625,1421.3499755859375,1847.699951171875,2696.449951171875,3342.449951171875,212.25,159.64999389648438,404.6000061035156
2022-10-03,2984.949951171875,1393.75,2187.0478515625,1413.199951171875,1819.300048828125,2622.5,3302.89990234375,214.9499969482422,160.35000610351562,397.6499938964844
2022-10-04,3091.14990234375,1429.4000244140625,2227.3828125,1453.0,1871.550048828125,2667.949951171875,3337.75,223.25,162.5500030517578,407.8999938964844
2022-10-06,3101.949951171875,1455.1500244140625,2235.597412109375,1437.0,1912.949951171875,2614.0,3328.949951171875,233.5,162.89999389648438,414.1000061035156
2022-10-07,3064.89990234375,1451.199951171875,2245.058349609375,1430.800048828125,1924.550048828125,2599.699951171875,3343.699951171875,229.6999969482422,164.3000030517578,412.1499938964844
2022-10-10,3118.550048828125,1462.6500244140625,2220.552734375,1415.0,1909.6500244140625,2605.60009765625,3277.949951171875,229.85000610351562,163.9499969482422,395.95001220703125
2022-10-11,3069.550048828125,1423.800048828125,2176.3408203125,1400.6500244140625,1878.949951171875,2550.64990234375,3298.699951171875,225.4499969482422,161.0500030517578,393.3500061035156
2022-10-12,3100.75,1428.699951171875,2192.35498046875,1409.800048828125,1911.25,2591.35009765625,3248.199951171875,232.10000610351562,165.0,396.54998779296875
2022-10-13,3103.300048828125,1419.9000244140625,2199.32373046875,1393.5999755859375,1876.1500244140625,2566.39990234375,3209.0,234.5500030517578,164.75,399.0
2022-10-14,3099.14990234375,1474.25,2188.1552734375,1439.0,1911.5999755859375,2575.800048828125,3185.5,236.35000610351562,165.10000610351562,396.25
2022-10-17,3111.75,1489.949951171875,2223.275390625,1446.550048828125,1883.199951171875,2590.550048828125,3197.60009765625,238.0,168.4499969482422,396.1000061035156
2022-10-18,3144.699951171875,1503.699951171875,2262.5029296875,1443.8499755859375,1918.0999755859375,2602.25,3225.85009765625,241.6999969482422,166.9499969482422,404.25
2022-10-19,3121.85009765625,1485.449951171875,2301.868896484375,1458.6500244140625,1904.9000244140625,2583.0,3212.75,238.1999969482422,164.0500030517578,399.04998779296875
2022-10-20,3157.300048828125,1500.9000244140625,2308.052978515625,1448.800048828125,1904.1500244140625,2600.89990234375,3140.89990234375,241.0,166.9499969482422,398.1000061035156
2022-10-21,3137.39990234375,1500.5,2281.285888671875,1438.5999755859375,1876.75,2653.89990234375,3092.39990234375,238.6999969482422,165.0500030517578,398.04998779296875
2022-10-24,3161.699951171875,1517.8499755859375,2288.900634765625,1461.050048828125,1909.75,2573.10009765625,3121.64990234375,240.5,166.9499969482422,401.6000061035156
2022-10-25,3162.10009765625,1526.300048828125,2253.5498046875,1450.9000244140625,1949.0999755859375,2505.39990234375,3084.89990234375,239.9499969482422,169.35000610351562,404.54998779296875
2022-10-27,3157.39990234375,1523.949951171875,2262.41064453125,1454.4000244140625,1964.050048828125,2519.0,3043.449951171875,240.89999389648438,170.64999389648438,407.70001220703125
2022-10-28,3163.25,1513.25,2331.6357421875,1458.699951171875,1975.050048828125,2524.25,3053.39990234375,244.39999389648438,174.0500030517578,409.8999938964844
2022-10-31,3193.14990234375,1537.6500244140625,2353.280029296875,1496.699951171875,2023.0999755859375,2550.699951171875,3107.699951171875,245.9499969482422,173.10000610351562,412.75
2022-11-01,3259.699951171875,1573.0,2335.05078125,1513.25,2024.449951171875,2551.800048828125,3159.39990234375,245.64999389648438,181.8000030517578,421.3500061035156
2022-11-02,3241.699951171875,1553.300048828125,2349.634033203125,1514.199951171875,2013.300048828125,2518.300048828125,3131.89990234375,245.8000030517578,180.9499969482422,422.1499938964844
2022-11-03,3206.75,1530.75,2358.402587890625,1507.550048828125,2008.699951171875,2546.35009765625,3141.300048828125,246.1999969482422,178.14999389648438,416.25
2022-11-04,3217.39990234375,1514.0,2393.107421875,1497.1500244140625,2015.0999755859375,2520.35009765625,3181.35009765625,246.0500030517578,176.9499969482422,425.3500061035156
2022-11-07,3233.699951171875,1507.449951171875,2405.890869140625,1508.800048828125,2017.6500244140625,2532.800048828125,3103.550048828125,249.5500030517578,175.85000610351562,435.0
2022-11-09,3216.050048828125,1511.199951171875,2403.4912109375,1508.3499755859375,2003.5,2508.800048828125,3086.5,255.8000030517578,173.39999389648438,433.1499938964844
2022-11-10,3205.64990234375,1501.949951171875,2374.416748046875,1524.75,1977.6500244140625,2513.60009765625,3045.14990234375,253.60000610351562,172.10000610351562,412.20001220703125
2022-11-11,3315.949951171875,1570.0999755859375,2429.150634765625,1611.1500244140625,2011.0999755859375,2503.050048828125,3055.39990234375,253.25,171.4499969482422,423.5
2022-11-14,3335.5,1585.300048828125,2417.38232421875,1615.050048828125,1999.800048828125,2457.800048828125,3053.199951171875,247.1999969482422,171.4499969482422,433.70001220703125
2022-11-15,3332.60009765625,1594.0,2406.537109375,1619.0,1996.550048828125,2457.5,3079.300048828125,232.14999389648438,172.10000610351562,437.1499938964844
2022-11-16,3355.35009765625,1602.800048828125,2392.73828125,1632.9000244140625,2003.5999755859375,2477.85009765625,3083.050048828125,234.89999389648438,169.9499969482422,431.54998779296875
2022-11-17,3349.0,1587.4000244140625,2398.92236328125,1618.1500244140625,2029.550048828125,2460.0,3071.60009765625,232.39999389648438,168.3000030517578,423.1499938964844
2022-11-18,3343.449951171875,1593.4000244140625,2397.630126953125,1613.9000244140625,2024.449951171875,2483.699951171875,3095.5,229.5500030517578,165.85000610351562,423.79998779296875
2022-11-21,3283.5,1568.199951171875,2354.47998046875,1597.3499755859375,2011.449951171875,2501.39990234375,3095.300048828125,229.4499969482422,164.39999389648438,421.1000061035156
2022-11-22,3314.949951171875,1585.050048828125,2367.540283203125,1595.0,2029.800048828125,2515.699951171875,3103.85009765625,229.10000610351562,167.0500030517578,424.70001220703125
2022-11-23,3308.300048828125,1583.1500244140625,2360.15625,1599.1500244140625,2025.0,2507.35009765625,3100.800048828125,230.60000610351562,168.0500030517578,424.04998779296875
2022-11-24,3380.14990234375,1629.800048828125,2380.508544921875,1625.1500244140625,2052.199951171875,2549.14990234375,3115.300048828125,228.5,169.5,423.3999938964844
2022-11-25,3389.64990234375,1635.6500244140625,2416.0439453125,1617.6500244140625,2062.75,2537.449951171875,3108.14990234375,231.39999389648438,169.75,433.20001220703125
2022-11-28,3395.25,1623.4000244140625,2499.06787109375,1600.25,2064.449951171875,2525.199951171875,3151.199951171875,229.85000610351562,170.39999389648438,433.25
2022-11-29,3397.35009765625,1629.050048828125,2503.359619140625,1597.8499755859375,2050.550048828125,2634.199951171875,3135.050048828125,227.1999969482422,170.14999389648438,433.1499938964844
2022-11-30,3390.800048828125,1634.949951171875,2521.03515625,1608.449951171875,2074.85009765625,2684.35009765625,3175.14990234375,227.25,172.1999969482422,439.3999938964844
2022-12-01,3475.64990234375,1657.0999755859375,2513.60498046875,1619.5,2104.25,2662.85009765625,3179.35009765625,226.10000610351562,172.1999969482422,438.25
2022-12-02,3439.14990234375,1637.9000244140625,2512.54345703125,1607.0999755859375,2085.5,2615.10009765625,3143.449951171875,226.60000610351562,172.14999389648438,435.3999938964844
2022-12-05,3425.89990234375,1639.75,2475.900390625,1612.949951171875,2085.60009765625,2619.85009765625,3156.89990234375,231.25,175.14999389648438,428.75
2022-12-06,3385.35009765625,1612.9000244140625,2483.0537109375,1611.1500244140625,2093.5,2654.550048828125,3161.699951171875,231.64999389648438,175.1999969482422,427.1000061035156
2022-12-07,3380.60009765625,1605.5,2446.41064453125,1610.449951171875,2124.0,2707.35009765625,3226.5,229.75,171.85000610351562,420.1000061035156
2022-12-08,3350.550048828125,1620.1500244140625,2445.2568359375,1619.5,2167.699951171875,2705.449951171875,3221.449951171875,230.39999389648438,170.35000610351562,417.20001220703125
2022-12-09,3292.75,1569.300048828125,2408.198486328125,1631.050048828125,2154.050048828125,2722.25,3226.949951171875,228.85000610351562,169.5,413.29998779296875
2022-12-12,3286.449951171875,1547.199951171875,2411.890380859375,1643.75,2163.699951171875,2717.25,3166.35009765625,232.39999389648438,168.89999389648438,414.1499938964844
2022-12-13,3332.10009765625,1572.1500244140625,2422.874267578125,1648.300048828125,2172.89990234375,2710.300048828125,3178.5,231.5500030517578,169.1999969482422,418.5
2022-12-14,3365.35009765625,1579.4000244140625,2414.105712890625,1662.25,2195.449951171875,2684.64990234375,3145.949951171875,232.14999389648438,171.60000610351562,417.8999938964844
2022-12-15,3305.10009765625,1540.5,2379.816162109375,1631.800048828125,2177.550048828125,2663.25,3130.60009765625,228.1999969482422,172.10000610351562,416.70001220703125
2022-12-16,3240.25,1522.199951171875,2368.0478515625,1639.6500244140625,2175.0,2671.300048828125,3055.89990234375,224.64999389648438,169.8000030517578,421.6000061035156
2022-12-19,3202.050048828125,1507.3499755859375,2399.153076171875,1644.75,2184.0,2718.10009765625,3080.949951171875,227.3000030517578,171.8000030517578,418.0
2022-12-20,3243.949951171875,1507.300048828125,2419.920654296875,1633.4000244140625,2163.25,2674.550048828125,3082.14990234375,226.10000610351562,169.75,410.5
2022-12-21,3268.550048828125,1509.550048828125,2385.49267578125,1617.5999755859375,2146.300048828125,2666.199951171875,3069.64990234375,223.85000610351562,167.9499969482422,402.6000061035156
2022-12-22,3259.699951171875,1522.050048828125,2379.30859375,1612.050048828125,2109.949951171875,2645.35009765625,3088.550048828125,222.6999969482422,165.89999389648438,394.45001220703125
2022-12-23,3228.35009765625,1497.0999755859375,2309.52978515625,1597.6500244140625,2062.75,2621.10009765625,3057.89990234375,215.0500030517578,163.0,378.3500061035156
2022-12-26,3252.89990234375,1502.4000244140625,2329.697265625,1629.449951171875,2091.050048828125,2617.449951171875,3056.050048828125,220.75,165.64999389648438,384.79998779296875
2022-12-27,3259.5,1514.8499755859375,2348.75732421875,1631.0999755859375,2124.10009765625,2593.25,3112.60009765625,221.25,165.1999969482422,394.1499938964844
2022-12-28,3257.10009765625,1510.1500244140625,2348.526611328125,1629.800048828125,2121.10009765625,2583.60009765625,3123.699951171875,223.1999969482422,165.85000610351562,391.29998779296875
2022-12-29,3268.75,1517.550048828125,2347.465087890625,1641.300048828125,2110.89990234375,2568.050048828125,3115.14990234375,221.64999389648438,166.75,385.8999938964844
2022-12-30,3256.699951171875,1508.199951171875,2351.064697265625,1628.1500244140625,2085.800048828125,2561.050048828125,3087.89990234375,225.0500030517578,166.4499969482422,387.95001220703125
2023-01-02,3261.449951171875,1524.0,2377.554931640625,1628.699951171875,2089.449951171875,2558.39990234375,3047.25,224.75,168.0,394.79998779296875
2023-01-03,3311.35009765625,1522.550048828125,2360.15625,1639.3499755859375,2088.949951171875,2542.050048828125,3028.25,224.10000610351562,167.60000610351562,393.8999938964844
2023-01-04,3314.64990234375,1494.800048828125,2324.620849609375,1610.050048828125,2070.550048828125,2536.10009765625,3016.85009765625,217.14999389648438,166.60000610351562,385.6000061035156
2023-01-05,3311.10009765625,1475.199951171875,2320.46728515625,1599.699951171875,2087.35009765625,2583.699951171875,3004.35009765625,218.14999389648438,169.89999389648438,386.8999938964844
2023-01-06,3211.550048828125,1448.5,2341.557861328125,1594.4000244140625,2086.550048828125,2576.449951171875,2978.39990234375,214.25,169.0,382.0
2023-01-09,3319.949951171875,1484.449951171875,2396.845458984375,1597.5,2121.699951171875,2624.050048828125,2984.14990234375,214.9499969482422,170.39999389648438,389.45001220703125
2023-01-10,3286.39990234375,1469.75,2361.40234375,1568.300048828125,2106.64990234375,2643.85009765625,2960.35009765625,216.75,167.9499969482422,412.8999938964844
2023-01-11,3328.699951171875,1471.25,2331.6357421875,1590.9000244140625,2125.35009765625,2593.25,2940.39990234375,213.39999389648438,166.0500030517578,418.20001220703125
2023-01-12,3334.35009765625,1480.5999755859375,2281.285888671875,1599.4000244140625,2159.75,2590.050048828125,2915.949951171875,213.89999389648438,165.9499969482422,412.25
2023-01-13,3374.550048828125,1503.6500244140625,2277.593994140625,1600.6500244140625,2153.39990234375,2624.0,2909.14990234375,215.10000610351562,167.8000030517578,411.5
2023-01-16,3334.050048828125,1525.5,2255.903564453125,1585.300048828125,2137.199951171875,2597.10009765625,2916.050048828125,213.75,165.9499969482422,413.0
2023-01-17,3378.39990234375,1539.5,2287.931640625,1608.9000244140625,2213.10009765625,2667.550048828125,2940.89990234375,213.10000610351562,167.6999969482422,415.29998779296875
2023-01-18,3390.0,1545.4000244140625,2284.147216796875,1637.300048828125,2266.5,2686.199951171875,2945.25,216.85000610351562,169.4499969482422,408.3999938964844
2023-01-19,3373.10009765625,1538.9000244140625,2281.701416015625,1644.0999755859375,2273.10009765625,2649.75,2866.14990234375,223.9499969482422,168.6999969482422,400.75
2023-01-20,3363.10009765625,1525.550048828125,2254.565185546875,1660.949951171875,2249.949951171875,2548.75,2787.800048828125,227.0,168.6999969482422,403.1499938964844
2023-01-23,3414.89990234375,1548.0,2243.166015625,1673.0999755859375,2233.5,2596.39990234375,2784.449951171875,230.10000610351562,166.85000610351562,408.3999938964844
2023-01-24,3436.300048828125,1551.9000244140625,2229.921142578125,1695.5,2207.5,2600.5,2810.60009765625,227.60000610351562,166.0500030517578,422.1499938964844
2023-01-25,3429.75,1543.0,2199.0927734375,1648.6500244140625,2174.699951171875,2622.35009765625,2775.0,226.14999389648438,165.89999389648438,419.04998779296875
2023-01-27,3411.050048828125,1519.1500244140625,2157.373291015625,1615.800048828125,2159.85009765625,2612.14990234375,2722.64990234375,222.39999389648438,166.3000030517578,445.6000061035156
2023-01-30,3433.64990234375,1538.800048828125,2178.048583984375,1614.1500244140625,2112.89990234375,2568.14990234375,2766.199951171875,225.85000610351562,168.85000610351562,443.6499938964844
2023-01-31,3358.699951171875,1533.75,2172.602783203125,1603.5,2124.39990234375,2576.75,2725.85009765625,224.85000610351562,171.14999389648438,452.1000061035156
2023-02-01,3408.35009765625,1551.0999755859375,2159.72705078125,1627.550048828125,2145.550048828125,2574.25,2743.75,220.64999389648438,170.0,446.6499938964844
2023-02-02,3460.39990234375,1583.75,2147.774169921875,1603.3499755859375,2144.89990234375,2634.85009765625,2705.64990234375,217.64999389648438,166.89999389648438,444.79998779296875
2023-02-03,3482.300048828125,1599.4000244140625,2149.666259765625,1658.800048828125,2166.550048828125,2648.75,2760.39990234375,218.89999389648438,165.5500030517578,445.45001220703125
2023-02-06,3459.949951171875,1569.8499755859375,2133.467529296875,1651.75,2156.10009765625,2637.60009765625,2754.199951171875,219.60000610351562,166.0500030517578,442.0
2023-02-07,3472.550048828125,1562.4000244140625,2128.344970703125,1654.199951171875,2165.300048828125,2601.199951171875,2758.050048828125,219.6999969482422,165.25,435.45001220703125
2023-02-08,3520.10009765625,1590.5,2170.84912109375,1654.0,2130.85009765625,2582.800048828125,2765.60009765625,215.5,165.5,440.1000061035156
2023-02-09,3540.85009765625,1617.0,2174.63330078125,1650.550048828125,2147.39990234375,2586.699951171875,2814.60009765625,214.5500030517578,166.0,436.75
2023-02-10,3537.550048828125,1608.550048828125,2156.727294921875,1657.0999755859375,2163.85009765625,2577.5,2804.60009765625,211.5,165.0,445.8500061035156
2023-02-13,3482.39990234375,1567.449951171875,2144.451416015625,1658.3499755859375,2203.300048828125,2581.0,2790.75,213.0500030517578,167.85000610351562,441.04998779296875
2023-02-14,3500.10009765625,1593.25,2194.985595703125,1673.699951171875,2191.64990234375,2579.60009765625,2777.0,211.75,166.0500030517578,440.54998779296875
2023-02-15,3520.64990234375,1597.050048828125,2244.68896484375,1670.300048828125,2175.050048828125,2548.449951171875,2786.14990234375,212.89999389648438,165.8000030517578,444.1499938964844
2023-02-16,3558.050048828125,1601.800048828125,2242.935302734375,1664.25,2178.300048828125,2527.10009765625,2805.949951171875,215.4499969482422,167.39999389648438,441.6000061035156
2023-02-17,3501.14990234375,1583.800048828125,2252.3037109375,1655.9000244140625,2226.35009765625,2515.5,2833.60009765625,217.5,168.0500030517578,439.8999938964844
2023-02-20,3487.300048828125,1592.449951171875,2228.490478515625,1640.3499755859375,2225.5,2511.449951171875,2825.550048828125,218.3000030517578,167.89999389648438,443.0
2023-02-21,3451.0,1579.5,2246.673583984375,1646.5,2229.449951171875,2516.14990234375,2817.10009765625,214.0500030517578,173.25,436.5
2023-02-22,3401.550048828125,1561.800048828125,2195.723876953125,1614.199951171875,2194.75,2494.050048828125,2795.949951171875,211.85000610351562,170.5,429.45001220703125
2023-02-23,3413.800048828125,1550.699951171875,2185.20166015625,1603.25,2159.14990234375,2490.64990234375,2705.949951171875,214.89999389648438,169.60000610351562,433.20001220703125
2023-02-24,3400.449951171875,1550.6500244140625,2200.154296875,1588.949951171875,2134.050048828125,2484.199951171875,2738.5,217.0500030517578,171.0,427.75
2023-02-27,3331.85009765625,1509.300048828125,2185.524658203125,1592.9000244140625,2113.699951171875,2468.14990234375,2749.89990234375,216.9499969482422,172.39999389648438,417.95001220703125
2023-02-28,3312.85009765625,1487.550048828125,2143.712890625,1599.5999755859375,2109.14990234375,2460.64990234375,2828.800048828125,215.39999389648438,170.5,420.70001220703125
2023-03-01,3385.699951171875,1496.050048828125,2163.4189453125,1598.050048828125,2115.300048828125,2466.25,2840.89990234375,218.75,172.25,426.0
2023-03-02,3321.449951171875,1472.1500244140625,2146.943359375,1584.449951171875,2121.60009765625,2455.35009765625,2833.89990234375,222.85000610351562,170.8000030517578,420.45001220703125
2023-03-03,3342.14990234375,1479.300048828125,2201.723388671875,1615.9000244140625,2152.050048828125,2471.0,2828.85009765625,222.9499969482422,172.60000610351562,428.0
2023-03-06,3371.85009765625,1507.449951171875,2223.229248046875,1627.300048828125,2141.14990234375,2484.85009765625,2864.550048828125,224.89999389648438,176.8000030517578,440.1000061035156
2023-03-08,3390.39990234375,1492.699951171875,2231.21337890625,1630.550048828125,2170.800048828125,2485.10009765625,2859.550048828125,224.85000610351562,178.85000610351562,439.29998779296875
2023-03-09,3336.85009765625,1480.4000244140625,2177.5869140625,1630.699951171875,2193.199951171875,2461.39990234375,2853.550048828125,224.8000030517578,179.4499969482422,432.20001220703125
2023-03-10,3331.0,1471.550048828125,2143.851318359375,1588.6500244140625,2157.85009765625,2465.449951171875,2830.199951171875,224.35000610351562,180.75,435.8500061035156
2023-03-13,3281.949951171875,1435.0999755859375,2108.5927734375,1568.550048828125,2133.85009765625,2455.10009765625,2784.199951171875,220.8000030517578,179.6999969482422,422.3999938964844
2023-03-14,3214.949951171875,1420.0,2100.701171875,1564.3499755859375,2144.199951171875,2442.449951171875,2745.60009765625,221.0500030517578,177.89999389648438,416.6499938964844
2023-03-15,3198.89990234375,1419.6500244140625,2064.79638671875,1541.9000244140625,2176.64990234375,2406.10009765625,2827.39990234375,219.89999389648438,178.1999969482422,411.3500061035156
2023-03-16,3185.0,1404.0999755859375,2054.5048828125,1551.9000244140625,2173.60009765625,2459.35009765625,2893.25,220.85000610351562,179.60000610351562,415.70001220703125
2023-03-17,3179.300048828125,1420.699951171875,2051.920654296875,1572.6500244140625,2195.75,2447.39990234375,2862.64990234375,221.64999389648438,176.9499969482422,419.0
2023-03-20,3143.300048828125,1403.6500244140625,2031.7530517578125,1561.75,2177.550048828125,2511.199951171875,2855.14990234375,217.0500030517578,176.0,410.75
2023-03-21,3106.10009765625,1390.699951171875,2094.932373046875,1579.449951171875,2208.449951171875,2462.60009765625,2839.10009765625,217.0500030517578,177.10000610351562,412.54998779296875
2023-03-22,3130.800048828125,1389.25,2101.301025390625,1575.800048828125,2213.949951171875,2476.35009765625,2839.85009765625,213.9499969482422,174.35000610351562,416.1000061035156
2023-03-23,3124.64990234375,1374.550048828125,2074.71875,1563.1500244140625,2206.64990234375,2485.10009765625,2797.800048828125,213.35000610351562,174.60000610351562,419.1499938964844
2023-03-24,3120.5,1380.6500244140625,2033.6451416015625,1560.6500244140625,2166.14990234375,2480.800048828125,2798.5,208.4499969482422,172.6999969482422,416.5
2023-03-27,3122.300048828125,1388.949951171875,2065.2578125,1567.449951171875,2154.0,2499.0,2803.75,208.39999389648438,171.25,412.04998779296875
2023-03-28,3115.89990234375,1377.5999755859375,2074.9033203125,1580.199951171875,2133.60009765625,2482.800048828125,2784.449951171875,208.89999389648438,172.0,401.6000061035156
2023-03-29,3138.89990234375,1383.550048828125,2062.62744140625,1587.800048828125,2147.449951171875,2530.85009765625,2770.5,212.9499969482422,174.0,409.20001220703125
2023-03-31,3205.89990234375,1427.949951171875,2151.558349609375,1609.550048828125,2164.199951171875,2560.35009765625,2761.64990234375,213.64999389648438,175.10000610351562,420.79998779296875
2023-04-03,3200.0,1410.8499755859375,2151.927490234375,1610.550048828125,2170.14990234375,2536.10009765625,2777.0,220.14999389648438,177.8000030517578,424.25
2023-04-05,3239.800048828125,1423.550048828125,2146.7587890625,1653.75,2257.75,2582.75,2808.5,222.5,175.89999389648438,426.54998779296875
2023-04-06,3220.699951171875,1421.9000244140625,2161.157470703125,1666.3499755859375,2274.25,2565.25,2809.85009765625,221.6999969482422,175.1999969482422,437.6499938964844
2023-04-10,3263.39990234375,1427.5999755859375,2145.835693359375,1658.449951171875,2309.699951171875,2532.14990234375,2776.35009765625,222.0500030517578,177.60000610351562,461.29998779296875
2023-04-11,3213.800048828125,1406.1500244140625,2156.4501953125,1663.300048828125,2301.5,2547.75,2753.800048828125,223.64999389648438,178.10000610351562,458.70001220703125
2023-04-12,3241.64990234375,1428.300048828125,2165.957275390625,1684.9000244140625,2288.5,2528.949951171875,2786.75,227.6999969482422,175.8000030517578,465.5
2023-04-13,3188.85009765625,1389.199951171875,2174.125732421875,1692.449951171875,2258.75,2536.199951171875,2809.75,225.5,173.0500030517578,469.5
2023-04-17,3139.5,1258.300048828125,2185.155517578125,1666.6500244140625,2214.0,2551.85009765625,2843.10009765625,229.60000610351562,169.60000610351562,472.1499938964844
2023-04-18,3130.75,1259.3499755859375,2160.142333984375,1659.5999755859375,2216.60009765625,2541.050048828125,2854.60009765625,232.1999969482422,170.10000610351562,473.0
2023-04-19,3089.60009765625,1232.199951171875,2170.895263671875,1665.699951171875,2219.60009765625,2531.60009765625,2809.699951171875,230.39999389648438,167.10000610351562,469.3999938964844
2023-04-20,3104.800048828125,1223.4000244140625,2165.4033203125,1671.9000244140625,2232.75,2492.60009765625,2843.85009765625,229.5500030517578,169.6999969482422,476.79998779296875
2023-04-21,3160.85009765625,1227.3499755859375,2168.126220703125,1674.5999755859375,2215.199951171875,2497.949951171875,2882.10009765625,230.0500030517578,169.6999969482422,471.20001220703125
2023-04-24,3174.800048828125,1226.300048828125,2176.433349609375,1688.1500244140625,2228.89990234375,2499.75,2891.10009765625,231.5500030517578,170.9499969482422,475.20001220703125
2023-04-25,3176.0,1224.9000244140625,2193.09326171875,1664.1500244140625,2247.949951171875,2490.449951171875,2898.0,230.25,171.10000610351562,473.54998779296875
2023-04-26,3198.14990234375,1227.550048828125,2180.217529296875,1671.800048828125,2276.14990234375,2510.800048828125,2910.0,229.75,169.85000610351562,478.20001220703125
2023-04-27,3187.949951171875,1246.25,2194.016357421875,1681.0,2305.60009765625,2468.949951171875,2899.949951171875,231.75,170.9499969482422,481.6000061035156
2023-04-28,3219.25,1252.75,2234.12060546875,1687.5999755859375,2364.39990234375,2457.300048828125,2902.35009765625,233.10000610351562,172.0,484.95001220703125
2023-05-02,3219.39990234375,1277.449951171875,2253.08837890625,1687.25,2384.449951171875,2451.699951171875,2899.550048828125,236.10000610351562,175.60000610351562,480.25
2023-05-03,3179.89990234375,1269.1500244140625,2233.75146484375,1693.1500244140625,2356.300048828125,2486.0,2929.699951171875,236.89999389648438,176.35000610351562,483.70001220703125
2023-05-04,3220.699951171875,1273.550048828125,2259.503173828125,1727.800048828125,2356.89990234375,2506.75,2982.85009765625,237.4499969482422,176.35000610351562,480.79998779296875
2023-05-05,3230.699951171875,1259.0999755859375,2253.734375,1625.6500244140625,2377.5,2500.75,3012.949951171875,237.39999389648438,174.25,477.1000061035156
2023-05-08,3250.60009765625,1265.5999755859375,2281.56298828125,1644.449951171875,2365.39990234375,2516.300048828125,3019.449951171875,232.85000610351562,177.0500030517578,500.5
2023-05-09,3283.25,1270.699951171875,2288.623779296875,1644.5,2374.35009765625,2515.800048828125,3034.800048828125,236.35000610351562,176.0,503.6499938964844
2023-05-10,3286.800048828125,1263.25,2304.361083984375,1652.0999755859375,2364.449951171875,2522.699951171875,3041.39990234375,236.5500030517578,177.0500030517578,509.5
2023-05-11,3282.14990234375,1256.0999755859375,2289.316162109375,1653.199951171875,2242.14990234375,2592.39990234375,3139.75,236.14999389648438,179.5500030517578,511.6000061035156
2023-05-12,3274.300048828125,1245.199951171875,2293.05419921875,1667.800048828125,2221.10009765625,2623.39990234375,3131.10009765625,235.0500030517578,174.9499969482422,515.9500122070312
2023-05-15,3255.050048828125,1258.3499755859375,2297.576904296875,1675.800048828125,2246.85009765625,2662.25,3132.0,237.6999969482422,175.9499969482422,530.8499755859375
2023-05-16,3258.14990234375,1264.300048828125,2264.856689453125,1647.300048828125,2227.199951171875,2675.89990234375,3138.10009765625,240.9499969482422,177.4499969482422,521.1500244140625
2023-05-17,3208.699951171875,1246.9000244140625,2251.47314453125,1638.449951171875,2219.60009765625,2661.75,3092.449951171875,241.60000610351562,176.0,515.5
2023-05-18,3199.85009765625,1246.0,2246.62744140625,1645.0,2188.199951171875,2627.550048828125,3109.050048828125,239.60000610351562,175.10000610351562,508.45001220703125
2023-05-19,3222.85009765625,1268.9000244140625,2253.9189453125,1646.9000244140625,2190.050048828125,2641.449951171875,3084.449951171875,239.89999389648438,173.3000030517578,524.9500122070312
2023-05-22,3298.699951171875,1292.800048828125,2265.964111328125,1641.050048828125,2216.60009765625,2638.10009765625,3084.89990234375,238.6999969482422,174.10000610351562,522.5
2023-05-23,3297.050048828125,1300.050048828125,2265.548828125,1637.199951171875,2197.64990234375,2628.300048828125,3120.60009765625,239.3000030517578,174.14999389648438,528.5
2023-05-24,3303.35009765625,1298.6500244140625,2252.349853515625,1615.800048828125,2185.14990234375,2614.949951171875,3101.5,241.0,174.9499969482422,520.2000122070312
2023-05-25,3293.5,1304.3499755859375,2252.072998046875,1609.5999755859375,2204.699951171875,2597.25,3123.550048828125,240.0500030517578,174.5,514.8499755859375
2023-05-26,3328.89990234375,1317.449951171875,2313.498779296875,1615.800048828125,2218.449951171875,2652.35009765625,3128.39990234375,241.5,174.5,518.4500122070312
2023-05-29,3320.35009765625,1314.4000244140625,2326.512939453125,1635.5,2224.550048828125,2650.300048828125,3137.39990234375,246.10000610351562,176.3000030517578,521.4500122070312
2023-05-30,3316.199951171875,1323.8499755859375,2325.9130859375,1636.75,2210.800048828125,2656.550048828125,3144.39990234375,244.3000030517578,176.8000030517578,518.7999877929688
2023-05-31,3289.5,1318.300048828125,2279.716796875,1610.8499755859375,2205.64990234375,2667.550048828125,3192.949951171875,241.25,173.85000610351562,526.2999877929688
2023-06-01,3324.0,1319.5,2273.578857421875,1604.0,2207.800048828125,2697.89990234375,3240.699951171875,230.35000610351562,174.39999389648438,535.2000122070312
2023-06-02,3305.60009765625,1299.0,2266.148681640625,1606.5,2234.550048828125,2716.699951171875,3237.25,230.89999389648438,174.5500030517578,535.9000244140625
2023-06-05,3288.89990234375,1304.5,2286.5009765625,1604.4000244140625,2268.300048828125,2695.800048828125,3199.75,229.6999969482422,174.10000610351562,546.25
2023-06-06,3232.300048828125,1279.0,2288.439208984375,1599.4000244140625,2277.949951171875,2691.14990234375,3212.75,227.8000030517578,175.39999389648438,555.75
2023-06-07,3274.89990234375,1288.949951171875,2305.791748046875,1607.699951171875,2315.5,2716.199951171875,3224.800048828125,230.6999969482422,177.35000610351562,567.9500122070312
2023-06-08,3236.449951171875,1282.800048828125,2307.176025390625,1608.699951171875,2340.300048828125,2679.89990234375,3212.25,228.10000610351562,182.0500030517578,559.7000122070312
2023-06-09,3209.300048828125,1265.949951171875,2290.839111328125,1610.5999755859375,2363.0,2636.199951171875,3180.550048828125,227.64999389648438,182.8000030517578,562.2999877929688
2023-06-12,3246.89990234375,1291.949951171875,2292.86962890625,1600.800048828125,2339.949951171875,2643.449951171875,3194.75,229.0,185.6999969482422,564.1500244140625
2023-06-13,3243.699951171875,1304.8499755859375,2326.74365234375,1603.5,2354.39990234375,2675.89990234375,3262.85009765625,228.9499969482422,185.35000610351562,562.2000122070312
2023-06-14,3251.050048828125,1300.4000244140625,2355.356689453125,1601.75,2355.050048828125,2698.75,3270.199951171875,228.9499969482422,187.1999969482422,570.2999877929688
2023-06-15,3216.300048828125,1286.800048828125,2356.0029296875,1582.050048828125,2361.300048828125,2689.699951171875,3294.35009765625,228.60000610351562,186.6999969482422,568.4500122070312
2023-06-16,3174.89990234375,1291.6500244140625,2378.939453125,1602.75,2366.800048828125,2715.64990234375,3316.85009765625,228.5500030517578,188.1999969482422,569.7999877929688
2023-06-19,3210.39990234375,1294.0,2355.310546875,1604.1500244140625,2366.35009765625,2683.25,3309.699951171875,227.14999389648438,185.85000610351562,566.0499877929688
2023-06-20,3227.699951171875,1303.4000244140625,2360.202392578125,1607.5,2382.0,2676.10009765625,3318.699951171875,227.25,187.5,583.25
2023-06-21,3258.199951171875,1299.3499755859375,2366.84814453125,1635.5999755859375,2394.449951171875,2676.60009765625,3316.10009765625,228.4499969482422,187.5,581.4000244140625
2023-06-22,3238.5,1281.550048828125,2340.265625,1643.5999755859375,2416.25,2654.35009765625,3248.050048828125,226.9499969482422,184.5,569.3499755859375
2023-06-23,3216.35009765625,1265.0,2321.113525390625,1643.5,2389.550048828125,2641.60009765625,3297.699951171875,225.89999389648438,186.6999969482422,559.6500244140625
2023-06-26,3189.64990234375,1270.3499755859375,2303.391845703125,1635.550048828125,2377.550048828125,2652.10009765625,3308.14990234375,224.3000030517578,184.89999389648438,567.8499755859375
2023-06-27,3197.35009765625,1279.1500244140625,2304.22265625,1658.5999755859375,2388.050048828125,2651.35009765625,3326.0,225.14999389648438,186.0500030517578,573.0999755859375
2023-06-28,3215.449951171875,1293.3499755859375,2334.727783203125,1676.1500244140625,2421.449951171875,2661.25,3348.25,227.25,189.10000610351562,586.6500244140625
2023-06-30,3302.25,1335.5,2353.8798828125,1701.4000244140625,2475.550048828125,2678.14990234375,3362.050048828125,231.0,189.14999389648438,595.5499877929688
2023-07-03,3272.300048828125,1333.699951171875,2414.290283203125,1719.800048828125,2454.050048828125,2701.050048828125,3358.699951171875,231.64999389648438,191.25,590.7999877929688
2023-07-04,3308.85009765625,1345.1500244140625,2389.41552734375,1728.199951171875,2461.85009765625,2700.0,3347.699951171875,231.8000030517578,194.0500030517578,591.4500122070312
2023-07-05,3319.949951171875,1347.300048828125,2385.49267578125,1673.300048828125,2470.800048828125,2755.85009765625,3374.39990234375,231.39999389648438,193.39999389648438,588.25
2023-07-06,3322.89990234375,1343.9000244140625,2435.5654296875,1675.0,2488.60009765625,2757.10009765625,3399.39990234375,234.60000610351562,196.75,600.7999877929688
2023-07-07,3329.25,1330.199951171875,2430.81201171875,1660.4000244140625,2449.35009765625,2698.10009765625,3343.699951171875,234.0,192.60000610351562,618.2000122070312
2023-07-10,3271.949951171875,1329.1500244140625,2524.4501953125,1656.449951171875,2438.75,2656.550048828125,3343.14990234375,233.75,191.5500030517578,618.6500244140625
2023-07-11,3272.39990234375,1348.5999755859375,2551.817138671875,1648.4000244140625,2474.550048828125,2684.5,3392.550048828125,234.0,192.39999389648438,628.5
2023-07-12,3259.89990234375,1333.300048828125,2554.63232421875,1632.949951171875,2454.949951171875,2673.64990234375,3406.75,234.39999389648438,190.8000030517578,621.4500122070312
2023-07-13,3340.550048828125,1365.0999755859375,2531.7880859375,1641.0999755859375,2450.14990234375,2654.699951171875,3398.550048828125,229.89999389648438,187.89999389648438,620.6500244140625
2023-07-14,3514.64990234375,1425.949951171875,2529.665283203125,1644.5,2472.25,2676.89990234375,3429.75,231.0500030517578,187.4499969482422,624.9000244140625
2023-07-17,3491.699951171875,1422.949951171875,2581.353271484375,1678.9000244140625,2468.800048828125,2681.699951171875,3460.39990234375,230.1999969482422,186.5,618.5
2023-07-18,3496.85009765625,1475.199951171875,2603.2744140625,1677.5,2474.699951171875,2682.800048828125,3513.449951171875,228.25,187.35000610351562,612.0999755859375
2023-07-19,3470.050048828125,1474.949951171875,2623.026611328125,1685.0999755859375,2494.14990234375,2671.60009765625,3514.64990234375,228.60000610351562,192.5500030517578,620.5999755859375
2023-07-20,3463.300048828125,1449.5,2619.85009765625,1688.75,2489.699951171875,2703.25,3526.0,229.75,192.89999389648438,621.6500244140625
2023-07-21,3368.300048828125,1331.5999755859375,2538.75,1675.75,2586.25,2604.0,3517.699951171875,229.0,195.10000610351562,625.75
2023-07-24,3394.75,1336.5999755859375,2487.39990234375,1678.4000244140625,2605.25,2580.25,3543.699951171875,230.9499969482422,195.89999389648438,629.25
2023-07-25,3399.14990234375,1334.5999755859375,2485.800048828125,1696.5999755859375,2560.89990234375,2568.14990234375,3400.39990234375,229.9499969482422,200.64999389648438,639.4500122070312
2023-07-26,3388.300048828125,1348.8499755859375,2526.199951171875,1690.699951171875,2646.25,2583.300048828125,3373.0,230.5,201.60000610351562,641.0999755859375
2023-07-27,3396.89990234375,1353.1500244140625,2502.699951171875,1673.1500244140625,2660.199951171875,2569.85009765625,3369.39990234375,229.0500030517578,201.9499969482422,643.7000122070312
2023-07-28,3355.39990234375,1340.5,2527.85009765625,1643.5,2649.550048828125,2584.60009765625,3390.699951171875,227.10000610351562,210.0,635.2999877929688
2023-07-31,3421.449951171875,1355.699951171875,2549.25,1651.199951171875,2681.35009765625,2560.800048828125,3377.35009765625,229.25,218.35000610351562,644.2999877929688
2023-08-01,3452.050048828125,1365.199951171875,2513.199951171875,1662.25,2666.64990234375,2551.10009765625,3342.949951171875,240.35000610351562,225.14999389648438,643.6500244140625
2023-08-02,3440.64990234375,1356.8499755859375,2486.35009765625,1640.5,2622.14990234375,2568.949951171875,3362.89990234375,234.5500030517578,219.10000610351562,622.6500244140625
2023-08-03,3399.949951171875,1364.300048828125,2475.89990234375,1628.6500244140625,2598.10009765625,2551.300048828125,3336.35009765625,230.0500030517578,220.10000610351562,618.9500122070312
2023-08-04,3443.550048828125,1378.3499755859375,2509.550048828125,1652.199951171875,2626.89990234375,2546.0,3339.64990234375,233.75,217.9499969482422,615.0
2023-08-07,3484.050048828125,1393.0,2523.85009765625,1651.25,2635.89990234375,2569.199951171875,3343.0,232.9499969482422,217.9499969482422,609.5
2023-08-08,3470.60009765625,1390.199951171875,2508.64990234375,1649.9000244140625,2632.199951171875,2565.85009765625,3348.050048828125,230.25,217.5500030517578,607.2999877929688
2023-08-09,3462.5,1394.4000244140625,2525.199951171875,1650.5,2651.60009765625,2552.199951171875,3331.0,234.75,218.6999969482422,622.5499877929688
2023-08-10,3442.10009765625,1389.0999755859375,2536.449951171875,1635.8499755859375,2643.5,2536.699951171875,3237.89990234375,234.89999389648438,217.39999389648438,618.25
2023-08-11,3448.800048828125,1371.8499755859375,2547.14990234375,1618.800048828125,2638.5,2501.800048828125,3185.35009765625,234.89999389648438,213.0,611.7999877929688
2023-08-14,3449.85009765625,1393.550048828125,2577.25,1610.9000244140625,2659.89990234375,2533.10009765625,3202.60009765625,233.89999389648438,213.0,607.3499755859375
2023-08-16,3458.39990234375,1418.5,2575.14990234375,1606.199951171875,2691.050048828125,2552.60009765625,3194.050048828125,233.0500030517578,217.4499969482422,618.75
2023-08-17,3435.75,1411.550048828125,2538.0,1597.300048828125,2652.5,2543.25,3183.25,232.3000030517578,215.75,613.75
2023-08-18,3367.10009765625,1388.800048828125,2556.800048828125,1590.75,2641.949951171875,2554.75,3163.550048828125,227.4499969482422,215.14999389648438,615.7999877929688
2023-08-21,3401.64990234375,1405.4000244140625,2520.0,1589.5,2662.25,2562.75,3182.300048828125,230.10000610351562,218.8000030517578,620.5
2023-08-22,3382.14990234375,1403.75,2519.39990234375,1582.699951171875,2678.800048828125,2565.800048828125,3179.699951171875,230.75,221.6999969482422,620.2000122070312
2023-08-23,3398.25,1407.949951171875,2522.199951171875,1586.5999755859375,2717.60009765625,2574.050048828125,3168.800048828125,230.89999389648438,221.6999969482422,613.9000244140625
2023-08-24,3387.75,1423.5999755859375,2479.800048828125,1579.300048828125,2688.14990234375,2581.25,3225.60009765625,229.25,220.85000610351562,610.9500122070312
2023-08-25,3381.300048828125,1420.0999755859375,2468.35009765625,1561.5,2638.39990234375,2563.550048828125,3259.300048828125,227.6999969482422,217.89999389648438,605.0999755859375
2023-08-28,3375.550048828125,1415.6500244140625,2443.75,1577.75,2695.35009765625,2555.699951171875,3259.699951171875,229.4499969482422,218.6999969482422,602.4000244140625
2023-08-29,3376.14990234375,1417.6500244140625,2420.35009765625,1590.300048828125,2718.949951171875,2526.14990234375,3285.699951171875,229.9499969482422,221.10000610351562,607.1500244140625
2023-08-30,3390.949951171875,1435.1500244140625,2418.050048828125,1578.699951171875,2709.0,2531.949951171875,3294.699951171875,228.75,220.39999389648438,605.5499877929688
2023-08-31,3356.800048828125,1435.449951171875,2407.0,1571.449951171875,2702.699951171875,2505.050048828125,3256.10009765625,230.0500030517578,220.3000030517578,601.0
2023-09-01,3379.199951171875,1443.8499755859375,2412.64990234375,1574.699951171875,2702.10009765625,2504.800048828125,3259.550048828125,236.89999389648438,230.6999969482422,611.2000122070312
2023-09-04,3418.5,1465.0999755859375,2410.699951171875,1584.550048828125,2711.10009765625,2501.39990234375,3235.550048828125,247.8000030517578,235.8000030517578,609.0
2023-09-05,3429.35009765625,1478.9000244140625,2423.60009765625,1574.9000244140625,2732.949951171875,2507.050048828125,3223.300048828125,255.35000610351562,234.60000610351562,611.1500244140625
2023-09-06,3429.89990234375,1477.449951171875,2428.699951171875,1595.5,2730.449951171875,2523.5,3225.300048828125,255.8000030517578,231.89999389648438,610.25
2023-09-07,3455.25,1466.199951171875,2432.0,1610.8499755859375,2846.39990234375,2507.449951171875,3246.35009765625,274.0,234.10000610351562,614.9000244140625
2023-09-08,3441.89990234375,1469.5999755859375,2448.199951171875,1623.4000244140625,2901.60009765625,2513.800048828125,3238.050048828125,282.1000061035156,240.25,627.25
2023-09-11,3480.64990234375,1476.449951171875,2474.60009765625,1631.800048828125,2894.199951171875,2536.25,3259.39990234375,278.95001220703125,243.10000610351562,634.8499755859375
2023-09-12,3580.800048828125,1501.0999755859375,2438.85009765625,1636.9000244140625,2944.10009765625,2498.85009765625,3256.85009765625,270.75,235.10000610351562,620.7999877929688
2023-09-13,3567.85009765625,1498.3499755859375,2451.050048828125,1643.9000244140625,2906.75,2506.550048828125,3277.75,279.6499938964844,237.14999389648438,625.9000244140625
2023-09-14,3560.050048828125,1506.949951171875,2453.300048828125,1642.9000244140625,2918.60009765625,2500.800048828125,3240.25,277.54998779296875,237.9499969482422,624.5999755859375
2023-09-15,3598.300048828125,1511.5999755859375,2457.85009765625,1661.75,2908.550048828125,2469.699951171875,3196.64990234375,279.29998779296875,236.1999969482422,634.25
2023-09-18,3606.14990234375,1491.800048828125,2436.449951171875,1629.050048828125,2919.85009765625,2488.64990234375,3206.300048828125,281.25,241.1999969482422,640.6500244140625
2023-09-20,3606.050048828125,1490.25,2382.14990234375,1563.699951171875,2890.0,2466.85009765625,3214.35009765625,284.29998779296875,241.75,638.5
2023-09-21,3585.300048828125,1501.75,2364.800048828125,1553.3499755859375,2899.35009765625,2473.35009765625,3244.199951171875,280.45001220703125,238.9499969482422,627.0499877929688
2023-09-22,3603.64990234375,1496.1500244140625,2354.949951171875,1529.6500244140625,2918.5,2482.449951171875,3274.85009765625,283.3500061035156,237.9499969482422,620.4500122070312
2023-09-25,3577.14990234375,1474.1500244140625,2340.449951171875,1531.0,2902.5,2475.85009765625,3323.25,288.04998779296875,239.64999389648438,618.7000122070312
2023-09-26,3585.699951171875,1460.6500244140625,2342.5,1537.6500244140625,2912.550048828125,2478.949951171875,3292.800048828125,286.75,240.1999969482422,619.7999877929688
2023-09-27,3589.300048828125,1467.0,2368.89990234375,1526.8499755859375,2965.050048828125,2501.75,3301.800048828125,291.54998779296875,239.3000030517578,620.1500244140625
2023-09-28,3536.75,1439.449951171875,2334.10009765625,1523.699951171875,3010.0,2460.35009765625,3170.35009765625,290.20001220703125,237.0500030517578,614.0999755859375
2023-09-29,3528.60009765625,1435.449951171875,2345.0,1526.300048828125,3023.550048828125,2465.60009765625,3161.050048828125,295.20001220703125,245.5500030517578,630.2000122070312
2023-10-03,3513.85009765625,1434.0,2318.14990234375,1508.050048828125,3073.25,2468.89990234375,3166.85009765625,291.8999938964844,241.1999969482422,620.4500122070312
2023-10-04,3537.75,1444.3499755859375,2314.14990234375,1529.550048828125,3027.75,2507.85009765625,3169.89990234375,287.95001220703125,235.14999389648438,613.5999755859375
2023-10-05,3589.35009765625,1463.449951171875,2314.10009765625,1535.75,3096.050048828125,2519.550048828125,3206.25,289.3500061035156,233.85000610351562,619.5999755859375
2023-10-06,3621.39990234375,1478.699951171875,2318.0,1534.050048828125,3093.699951171875,2499.39990234375,3195.75,287.79998779296875,235.5500030517578,622.4500122070312
2023-10-09,3638.35009765625,1475.449951171875,2298.25,1516.25,3074.699951171875,2511.300048828125,3152.800048828125,287.79998779296875,234.6999969482422,617.3499755859375
2023-10-10,3628.89990234375,1495.1500244140625,2308.39990234375,1524.8499755859375,3076.0,2516.199951171875,3151.5,303.25,235.89999389648438,630.5499877929688
2023-10-11,3609.89990234375,1494.4000244140625,2345.050048828125,1539.5999755859375,3088.699951171875,2556.39990234375,3163.89990234375,301.8500061035156,238.6999969482422,634.0
2023-10-12,3542.550048828125,1465.5,2349.39990234375,1549.8499755859375,3081.75,2557.0,3159.10009765625,307.20001220703125,241.60000610351562,636.9500122070312
2023-10-13,3570.85009765625,1431.1500244140625,2349.300048828125,1535.75,3089.60009765625,2569.449951171875,3148.800048828125,307.95001220703125,242.0500030517578,667.0999755859375
2023-10-16,3524.050048828125,1434.1500244140625,2344.050048828125,1529.5999755859375,3101.89990234375,2558.300048828125,3112.050048828125,312.0,243.4499969482422,666.2000122070312
2023-10-17,3507.050048828125,1442.449951171875,2355.25,1541.199951171875,3066.300048828125,2556.14990234375,3113.550048828125,317.3999938964844,245.9499969482422,655.7000122070312
2023-10-18,3487.25,1440.550048828125,2324.0,1519.75,3045.60009765625,2548.25,3096.449951171875,316.95001220703125,242.0,668.5
2023-10-19,3455.64990234375,1433.6500244140625,2306.14990234375,1514.949951171875,3054.39990234375,2548.10009765625,3101.800048828125,314.79998779296875,239.5,668.7999877929688
2023-10-20,3494.550048828125,1427.25,2299.10009765625,1522.800048828125,3012.35009765625,2495.14990234375,3105.85009765625,312.3999938964844,241.0,663.2000122070312
2023-10-23,3410.14990234375,1408.6500244140625,2263.199951171875,1506.050048828125,2958.300048828125,2483.5,3072.0,306.1000061035156,236.5500030517578,647.3499755859375
2023-10-25,3390.10009765625,1370.050048828125,2257.949951171875,1496.5,2916.10009765625,2477.300048828125,3060.800048828125,310.29998779296875,232.0500030517578,637.8499755859375
2023-10-26,3336.75,1359.449951171875,2226.5,1463.4000244140625,2864.60009765625,2476.39990234375,2960.300048828125,305.25,231.64999389648438,626.5499877929688
2023-10-27,3350.949951171875,1380.3499755859375,2265.800048828125,1469.1500244140625,2901.89990234375,2482.050048828125,2955.14990234375,313.95001220703125,236.60000610351562,641.0499877929688
2023-10-30,3378.550048828125,1377.050048828125,2312.5,1485.0999755859375,2926.35009765625,2478.89990234375,2967.10009765625,314.54998779296875,234.60000610351562,628.5
2023-10-31,3368.75,1368.4000244140625,2287.89990234375,1476.5,2929.050048828125,2484.0,2995.699951171875,314.25,235.8000030517578,628.6500244140625
2023-11-01,3330.64990234375,1354.1500244140625,2297.39990234375,1474.5,2895.300048828125,2472.25,2934.550048828125,306.6499938964844,232.60000610351562,627.7000122070312
2023-11-02,3360.10009765625,1370.1500244140625,2320.199951171875,1476.75,2918.10009765625,2486.800048828125,2955.39990234375,308.8500061035156,235.25,636.4500122070312
2023-11-03,3350.89990234375,1389.050048828125,2319.699951171875,1483.75,2911.25,2509.25,2977.85009765625,312.0,234.35000610351562,647.5
2023-11-06,3380.25,1403.300048828125,2339.0,1494.5,2975.449951171875,2497.39990234375,3029.300048828125,316.54998779296875,235.85000610351562,646.0499877929688
2023-11-07,3370.449951171875,1404.300048828125,2323.800048828125,1487.25,2961.300048828125,2496.449951171875,3033.35009765625,314.25,239.14999389648438,645.0
2023-11-08,3381.550048828125,1391.0,2335.89990234375,1491.550048828125,2996.449951171875,2519.35009765625,3095.25,317.3999938964844,236.6999969482422,642.5499877929688
2023-11-09,3347.449951171875,1374.800048828125,2310.550048828125,1485.6500244140625,3024.85009765625,2476.699951171875,3080.199951171875,323.54998779296875,237.9499969482422,649.3499755859375
2023-11-10,3333.449951171875,1368.8499755859375,2314.89990234375,1491.5,3033.25,2486.550048828125,3076.449951171875,323.3999938964844,242.75,651.0499877929688
2023-11-13,3331.550048828125,1373.550048828125,2314.60009765625,1488.800048828125,3048.5,2478.14990234375,3085.60009765625,349.3500061035156,245.6999969482422,653.25
2023-11-15,3404.300048828125,1410.5,2356.449951171875,1504.4000244140625,3064.949951171875,2486.39990234375,3116.199951171875,350.6000061035156,247.3000030517578,671.5499877929688
2023-11-16,3497.85009765625,1444.9000244140625,2360.699951171875,1508.3499755859375,3051.14990234375,2491.199951171875,3130.300048828125,345.79998779296875,252.35000610351562,680.4000244140625
2023-11-17,3502.449951171875,1437.550048828125,2355.550048828125,1505.0999755859375,3109.0,2528.800048828125,3168.89990234375,345.25,251.60000610351562,681.5499877929688
2023-11-20,3519.60009765625,1436.5999755859375,2349.35009765625,1505.199951171875,3088.800048828125,2506.449951171875,3140.35009765625,347.75,251.0500030517578,674.2999877929688
2023-11-21,3510.199951171875,1439.0,2378.89990234375,1517.949951171875,3074.85009765625,2505.25,3133.25,334.20001220703125,250.0,681.7000122070312
2023-11-22,3530.14990234375,1457.800048828125,2388.199951171875,1512.550048828125,3082.300048828125,2521.89990234375,3133.0,332.1499938964844,253.64999389648438,681.2000122070312
2023-11-23,3508.25,1449.25,2395.5,1521.300048828125,3045.64990234375,2519.89990234375,3122.949951171875,334.45001220703125,252.75,679.9500122070312
2023-11-24,3457.10009765625,1437.4000244140625,2393.89990234375,1532.0999755859375,3054.25,2515.199951171875,3136.14990234375,332.79998779296875,253.89999389648438,673.7000122070312
2023-11-28,3470.14990234375,1442.699951171875,2394.39990234375,1528.6500244140625,3050.0,2510.550048828125,3148.35009765625,341.95001220703125,257.54998779296875,697.5
2023-11-29,3513.75,1459.5999755859375,2400.699951171875,1559.1500244140625,3083.75,2525.050048828125,3148.35009765625,342.3500061035156,258.3999938964844,712.3499755859375
2023-11-30,3487.60009765625,1455.1500244140625,2377.449951171875,1558.800048828125,3109.199951171875,2545.550048828125,3119.89990234375,342.1499938964844,261.29998779296875,706.4000244140625
2023-12-01,3511.64990234375,1452.300048828125,2394.300048828125,1555.4000244140625,3190.64990234375,2563.64990234375,3173.39990234375,346.6499938964844,268.95001220703125,705.4500122070312
2023-12-04,3512.449951171875,1464.3499755859375,2420.199951171875,1609.4000244140625,3313.550048828125,2602.300048828125,3194.550048828125,354.70001220703125,274.79998779296875,705.5999755859375
2023-12-05,3531.60009765625,1453.949951171875,2437.75,1623.699951171875,3315.449951171875,2563.25,3226.25,355.54998779296875,285.45001220703125,708.9500122070312
2023-12-06,3604.10009765625,1474.300048828125,2461.10009765625,1627.800048828125,3392.300048828125,2567.64990234375,3252.550048828125,352.1499938964844,281.1000061035156,722.4500122070312
2023-12-07,3614.89990234375,1465.9000244140625,2457.050048828125,1630.449951171875,3355.60009765625,2518.25,3251.800048828125,351.95001220703125,283.79998779296875,721.9500122070312
2023-12-08,3626.699951171875,1491.1500244140625,2455.75,1653.199951171875,3378.449951171875,2522.300048828125,3232.0,351.0,285.04998779296875,714.5499877929688
2023-12-11,3642.89990234375,1488.5,2459.35009765625,1651.0,3385.800048828125,2503.64990234375,3233.0,353.6499938964844,287.29998779296875,720.7999877929688
2023-12-12,3672.10009765625,1476.050048828125,2424.050048828125,1634.5999755859375,3342.39990234375,2502.75,3224.75,347.5,283.3999938964844,715.4000244140625
2023-12-13,3593.550048828125,1449.0,2433.949951171875,1630.9000244140625,3399.800048828125,2511.89990234375,3243.64990234375,345.20001220703125,294.04998779296875,720.2999877929688
2023-12-14,3667.25,1501.449951171875,2464.14990234375,1650.1500244140625,3433.10009765625,2516.35009765625,3241.35009765625,347.6000061035156,295.3999938964844,719.75
2023-12-15,3861.0,1578.4000244140625,2495.60009765625,1656.550048828125,3488.0,2522.89990234375,3313.89990234375,350.0,305.1000061035156,732.4000244140625
2023-12-18,3859.199951171875,1564.3499755859375,2521.0,1655.699951171875,3491.60009765625,2535.5,3332.050048828125,347.6499938964844,303.20001220703125,730.7999877929688
2023-12-19,3816.199951171875,1558.300048828125,2558.10009765625,1652.9000244140625,3498.949951171875,2560.699951171875,3336.050048828125,366.95001220703125,309.6499938964844,728.9500122070312
2023-12-20,3780.050048828125,1536.4000244140625,2527.14990234375,1657.0,3418.5,2557.5,3297.14990234375,352.1499938964844,297.6499938964844,705.25
2023-12-21,3787.5,1536.0,2562.550048828125,1686.699951171875,3424.14990234375,2553.199951171875,3302.949951171875,355.5,301.95001220703125,708.8499755859375
2023-12-22,3824.0,1562.9000244140625,2565.050048828125,1670.8499755859375,3477.949951171875,2575.60009765625,3341.300048828125,363.25,302.79998779296875,724.7000122070312
2023-12-26,3795.550048828125,1543.949951171875,2578.050048828125,1682.449951171875,3490.050048828125,2584.75,3383.35009765625,366.04998779296875,309.6000061035156,719.5499877929688
2023-12-27,3811.199951171875,1567.0999755859375,2586.85009765625,1703.300048828125,3544.0,2608.300048828125,3404.449951171875,365.6000061035156,306.04998779296875,740.9000244140625
2023-12-28,3799.89990234375,1562.6500244140625,2605.550048828125,1705.25,3518.050048828125,2633.800048828125,3397.25,380.95001220703125,313.8999938964844,753.9000244140625
2023-12-29,3793.39990234375,1542.9000244140625,2584.949951171875,1709.25,3526.0,2663.949951171875,3402.39990234375,376.0,311.1499938964844,779.9500122070312
