Date,7203.T,6758.T,8306.T,4502.T,3382.T,9432.T,1802.T,9501.T,3407.T,5401.T
2022-01-04,2234.5,14970.0,646.7000122070312,3213.0,1730.0,127.72000122070312,899.0,299.0,1096.5,1909.0
2022-01-05,2292.0,15520.0,663.7000122070312,3199.0,1748.0,130.63999938964844,915.0,298.0,1121.0,1953.5
2022-01-06,2284.5,14455.0,663.0,3175.0,1715.6666259765625,132.1199951171875,903.0,297.0,1112.0,1960.5
2022-01-07,2307.5,14540.0,685.7999877929688,3196.0,1705.6666259765625,131.8000030517578,898.0,294.0,1121.5,2022.0
2022-01-11,2322.0,14405.0,701.4000244140625,3275.0,1673.0,132.27999877929688,902.0,298.0,1123.0,2048.5
2022-01-12,2359.5,14520.0,704.0,3344.0,1696.0,132.44000244140625,911.0,297.0,1150.5,2062.0
2022-01-13,2412.0,14470.0,714.2000122070312,3363.0,1640.3333740234375,131.1999969482422,910.0,295.0,1147.5,2166.5
2022-01-14,2390.0,14190.0,707.7999877929688,3344.0,1720.3333740234375,130.8800048828125,905.0,294.0,1138.0,2190.5
2022-01-17,2423.0,14235.0,715.5,3380.0,1731.0,131.32000732421875,930.0,294.0,1146.5,2175.5
2022-01-18,2423.5,14230.0,703.9000244140625,3362.0,1730.0,129.63999938964844,924.0,294.0,1142.0,2021.5
2022-01-19,2303.0,12410.0,690.7000122070312,3305.0,1698.3333740234375,128.75999450683594,916.0,285.0,1123.0,1929.0
2022-01-20,2342.5,13135.0,684.2999877929688,3325.0,1745.3333740234375,130.0,916.0,291.0,1140.5,1931.5
2022-01-21,2284.5,12955.0,674.7000122070312,3323.0,1746.6666259765625,130.47999572753906,928.0,297.0,1141.5,1904.5
2022-01-24,2278.5,12835.0,685.7999877929688,3340.0,1753.6666259765625,130.63999938964844,932.0,301.0,1147.5,1896.5
2022-01-25,2236.5,12480.0,673.5999755859375,3282.0,1761.0,131.36000061035156,927.0,304.0,1129.5,1836.0
2022-01-26,2221.5,12620.0,682.0999755859375,3308.0,1777.6666259765625,128.8000030517578,926.0,307.0,1114.5,1870.0
2022-01-27,2163.0,11770.0,682.0,3287.0,1772.0,127.55999755859375,917.0,309.0,1079.0,1838.0
2022-01-28,2237.0,12235.0,700.5999755859375,3327.0,1810.0,129.60000610351562,929.0,323.0,1120.0,1804.5
2022-01-31,2245.5,12720.0,691.0999755859375,3328.0,1864.3333740234375,130.67999267578125,926.0,306.0,1121.0,1855.5
2022-02-01,2227.0,12770.0,698.5999755859375,3305.0,1946.0,132.0399932861328,915.0,330.0,1086.0,1833.5
2022-02-02,2273.5,13400.0,719.0,3325.0,1943.3333740234375,131.32000732421875,927.0,335.0,1117.0,1902.0
2022-02-03,2293.5,12585.0,719.2999877929688,3325.0,1978.3333740234375,133.52000427246094,938.0,355.0,1127.0,1907.5
2022-02-04,2277.5,12600.0,725.7000122070312,3384.0,1928.6666259765625,134.47999572753906,934.0,354.0,1117.5,1938.0
2022-02-07,2275.5,12660.0,740.2999877929688,3443.0,1931.3333740234375,133.9600067138672,942.0,357.0,1116.0,1967.0
2022-02-08,2296.0,12525.0,751.5999755859375,3498.0,1916.6666259765625,134.36000061035156,959.0,360.0,1086.0,2009.5
2022-02-09,2317.5,12580.0,752.4000244140625,3474.0,1890.0,131.67999267578125,947.0,360.0,1113.5,2057.0
2022-02-10,2254.0,12855.0,746.0999755859375,3520.0,1897.0,131.8800048828125,976.0,365.0,1144.5,2073.5
2022-02-14,2182.0,12495.0,753.7000122070312,3499.0,1901.3333740234375,131.9199981689453,974.0,366.0,1129.0,2044.0
2022-02-15,2153.5,12210.0,734.0999755859375,3485.0,1944.0,131.39999389648438,975.0,355.0,1122.0,1981.0
2022-02-16,2192.5,12335.0,745.7999877929688,3535.0,1948.0,132.9199981689453,978.0,363.0,1142.5,2033.5
2022-02-17,2160.5,12160.0,738.7999877929688,3543.0,1903.0,131.52000427246094,974.0,364.0,1119.5,2014.0
2022-02-18,2184.0,12075.0,726.2999877929688,3536.0,1899.3333740234375,131.83999633789062,976.0,371.0,1109.5,2041.0
2022-02-21,2173.0,11890.0,739.0999755859375,3494.0,1908.6666259765625,133.1999969482422,969.0,367.0,1090.0,2074.0
2022-02-22,2123.5,11575.0,730.0,3456.0,1886.3333740234375,132.39999389648438,967.0,366.0,1059.5,2025.0
2022-02-24,2091.0,11455.0,722.7000122070312,3456.0,1893.0,132.32000732421875,952.0,360.0,1058.0,2020.0
2022-02-25,2104.0,11810.0,707.4000244140625,3434.0,1834.6666259765625,130.39999389648438,954.0,354.0,1062.0,2039.0
2022-02-28,2138.5,11810.0,712.7999877929688,3501.0,1863.6666259765625,131.72000122070312,961.0,362.0,1077.5,2108.5
2022-03-01,2133.0,11775.0,700.7999877929688,3497.0,1849.6666259765625,133.16000366210938,964.0,388.0,1080.5,2139.0
2022-03-02,2038.5,11590.0,681.5,3450.0,1826.3333740234375,134.0399932861328,932.0,385.0,1026.5,2148.0
2022-03-03,2047.0,11755.0,709.2999877929688,3498.0,1844.0,135.36000061035156,953.0,388.0,1052.0,2181.5
2022-03-04,1974.0,11385.0,695.7000122070312,3460.0,1823.6666259765625,137.0399932861328,946.0,374.0,1024.0,2146.0
2022-03-07,1845.0,11110.0,678.9000244140625,3419.0,1835.0,135.0800018310547,941.0,377.0,989.2000122070312,2110.5
2022-03-08,1811.0,11150.0,656.7000122070312,3328.0,1818.6666259765625,134.60000610351562,893.0,357.0,948.7999877929688,1972.5
2022-03-09,1845.5,10940.0,674.7999877929688,3292.0,1811.0,134.9199981689453,868.0,332.0,963.0,1988.5
2022-03-10,1945.5,11820.0,700.2000122070312,3406.0,1806.3333740234375,136.63999938964844,911.0,330.0,1013.0,2071.5
2022-03-11,1860.5,11520.0,703.9000244140625,3391.0,1790.3333740234375,136.8800048828125,914.0,325.0,992.7000122070312,2104.0
2022-03-14,1914.0,11380.0,723.7000122070312,3429.0,1749.3333740234375,138.44000244140625,887.0,325.0,1005.0,2139.0
2022-03-15,1955.0,11505.0,734.7000122070312,3416.0,1797.6666259765625,141.1999969482422,903.0,334.0,1028.0,2084.0
2022-03-16,1991.0,11820.0,740.0,3506.0,1844.3333740234375,140.60000610351562,902.0,362.0,1039.5,2152.0
2022-03-17,2036.0,12270.0,759.0999755859375,3521.0,1852.0,139.32000732421875,917.0,367.0,1069.0,2139.0
2022-03-18,2020.0,12425.0,761.0999755859375,3594.0,1840.6666259765625,139.44000244140625,914.0,374.0,1084.5,2158.0
2022-03-22,2055.0,12570.0,804.0,3596.0,1865.6666259765625,143.1199951171875,951.0,387.0,1084.0,2201.5
2022-03-23,2137.0,12845.0,806.5999755859375,3620.0,1866.6666259765625,146.1999969482422,956.0,388.0,1097.5,2241.5
2022-03-24,2200.0,12985.0,798.9000244140625,3631.0,1844.6666259765625,146.0,945.0,380.0,1103.5,2256.5
2022-03-25,2189.0,12855.0,795.2000122070312,3612.0,1817.6666259765625,143.9600067138672,949.0,381.0,1114.0,2283.5
2022-03-28,2202.0,12720.0,788.2000122070312,3581.0,1840.6666259765625,145.52000427246094,947.0,390.0,1108.0,2250.5
2022-03-29,2261.0,12950.0,795.7999877929688,3605.0,1916.0,146.75999450683594,943.0,394.0,1115.0,2276.5
2022-03-30,2218.5,12935.0,775.7999877929688,3493.0,1925.6666259765625,143.1199951171875,920.0,411.0,1074.5,2159.0
2022-03-31,2222.5,12730.0,760.2999877929688,3498.0,1937.6666259765625,141.8000030517578,900.0,403.0,1062.5,2171.0
2022-04-01,2205.0,12530.0,770.7000122070312,3544.0,1930.0,144.44000244140625,905.0,401.0,1062.0,2133.5
2022-04-04,2211.0,12650.0,768.4000244140625,3593.0,1931.0,146.24000549316406,905.0,396.0,1070.0,2107.0
2022-04-05,2217.5,12715.0,752.9000244140625,3616.0,1923.3333740234375,144.67999267578125,905.0,388.0,1056.0,2079.5
2022-04-06,2190.0,12435.0,754.0999755859375,3598.0,1913.6666259765625,145.0,890.0,380.0,1031.0,2024.5
2022-04-07,2168.5,12045.0,742.0999755859375,3640.0,1935.6666259765625,144.55999755859375,878.0,376.0,1022.0,2021.5
2022-04-08,2095.5,12195.0,740.9000244140625,3695.0,1870.0,150.39999389648438,887.0,382.0,1064.0,2049.5
2022-04-11,2101.5,11715.0,759.5999755859375,3722.0,1866.6666259765625,148.0399932861328,894.0,444.0,1055.0,2065.0
2022-04-12,2069.5,11405.0,757.2999877929688,3706.0,1885.0,150.1999969482422,892.0,427.0,1031.5,2052.5
2022-04-13,2119.5,11500.0,746.7000122070312,3737.0,1881.6666259765625,149.60000610351562,898.0,435.0,1057.5,2077.5
2022-04-14,2131.5,11505.0,749.4000244140625,3760.0,1902.3333740234375,150.9199981689453,908.0,477.0,1075.0,2121.5
2022-04-15,2160.0,11215.0,752.0999755859375,3757.0,1857.6666259765625,150.0399932861328,901.0,483.0,1068.0,2120.0
2022-04-18,2155.0,11140.0,752.0999755859375,3733.0,1850.0,149.63999938964844,894.0,472.0,1060.0,2091.0
2022-04-19,2177.0,11280.0,755.2999877929688,3723.0,1851.0,151.16000366210938,899.0,487.0,1069.0,2138.0
2022-04-20,2258.5,11430.0,774.4000244140625,3760.0,1936.6666259765625,151.67999267578125,903.0,489.0,1076.0,2158.0
2022-04-21,2250.0,11600.0,774.5,3759.0,1933.0,151.0399932861328,914.0,468.0,1090.0,2134.5
2022-04-22,2210.0,11280.0,764.9000244140625,3738.0,1900.3333740234375,150.8800048828125,912.0,464.0,1085.5,2081.5
2022-04-25,2190.0,11105.0,751.0999755859375,3713.0,1876.3333740234375,151.55999755859375,868.0,450.0,1077.5,2011.5
2022-04-26,2180.0,11070.0,744.2000122070312,3692.0,1891.3333740234375,150.52000427246094,881.0,454.0,1043.5,2012.5
2022-04-27,2165.5,10985.0,736.7000122070312,3710.0,1849.0,150.0399932861328,865.0,448.0,1021.5,1976.5
2022-04-28,2235.5,11220.0,754.2999877929688,3769.0,1906.0,153.8800048828125,896.0,448.0,1071.5,2069.5
2022-05-02,2228.0,11160.0,756.2000122070312,3771.0,1936.0,153.44000244140625,894.0,456.0,1079.0,2070.5
2022-05-06,2276.0,11110.0,779.5,3828.0,1997.6666259765625,154.32000732421875,908.0,530.0,1089.5,2076.5
2022-05-09,2245.0,10840.0,762.9000244140625,3811.0,1920.6666259765625,153.67999267578125,888.0,525.0,1073.0,1970.5
2022-05-10,2178.5,10500.0,750.2000122070312,3774.0,1901.6666259765625,154.0399932861328,901.0,519.0,1062.0,1938.5
2022-05-11,2082.0,10720.0,728.5999755859375,3735.0,1878.6666259765625,153.63999938964844,878.0,505.0,1065.5,2073.0
2022-05-12,2050.0,10790.0,729.4000244140625,3616.0,1866.6666259765625,150.52000427246094,908.0,507.0,1058.5,2039.5
2022-05-13,2055.0,11100.0,730.7999877929688,3671.0,1895.0,151.27999877929688,933.0,505.0,1030.5,2076.0
2022-05-16,2049.5,11180.0,728.9000244140625,3661.0,1879.3333740234375,152.24000549316406,918.0,500.0,1028.0,2039.0
2022-05-17,2033.0,11240.0,717.0999755859375,3679.0,1851.3333740234375,151.67999267578125,918.0,487.0,1043.0,2084.0
2022-05-18,2044.0,11570.0,727.0,3690.0,1841.0,155.44000244140625,916.0,506.0,1048.5,2094.0
2022-05-19,2005.0,11390.0,715.5,3681.0,1767.3333740234375,155.32000732421875,916.0,506.0,1049.5,2100.0
2022-05-20,2048.0,11525.0,725.7999877929688,3729.0,1767.3333740234375,155.39999389648438,907.0,493.0,1050.0,2155.5
2022-05-23,2061.5,11450.0,733.9000244140625,3810.0,1751.6666259765625,156.44000244140625,913.0,501.0,1050.5,2124.5
2022-05-24,2050.0,11370.0,739.0,3797.0,1725.6666259765625,156.8800048828125,906.0,501.0,1033.0,2118.5
2022-05-25,2043.5,11205.0,733.4000244140625,3787.0,1741.0,158.52000427246094,906.0,508.0,1031.0,2100.0
2022-05-26,2082.0,11265.0,740.9000244140625,3762.0,1750.0,160.67999267578125,916.0,502.0,1028.5,2136.0
2022-05-27,2084.0,11425.0,738.7999877929688,3744.0,1754.0,159.83999633789062,917.0,500.0,1033.0,2202.5
2022-05-30,2126.5,11995.0,738.2999877929688,3744.0,1803.6666259765625,159.55999755859375,920.0,486.0,1053.0,2218.0
2022-05-31,2122.5,12115.0,729.7000122070312,3703.0,1803.3333740234375,156.44000244140625,913.0,481.0,1043.0,2250.5
2022-06-01,2197.5,12370.0,745.5999755859375,3714.0,1827.6666259765625,159.1999969482422,937.0,490.0,1064.5,2225.5
2022-06-02,2193.0,11975.0,740.9000244140625,3609.0,1800.3333740234375,157.60000610351562,938.0,494.0,1054.5,2223.5
2022-06-03,2165.0,12200.0,739.7000122070312,3619.0,1816.6666259765625,156.27999877929688,952.0,507.0,1059.0,2207.5
2022-06-06,2163.0,12075.0,738.7999877929688,3649.0,1811.6666259765625,157.0800018310547,957.0,492.0,1055.5,2229.5
2022-06-07,2190.5,12125.0,749.4000244140625,3625.0,1830.0,156.9199981689453,964.0,502.0,1070.0,2239.0
2022-06-08,2230.0,12345.0,742.5,3636.0,1861.6666259765625,158.0800018310547,981.0,528.0,1094.5,2226.5
2022-06-09,2239.0,12290.0,747.9000244140625,3665.0,1848.0,156.9199981689453,979.0,523.0,1085.0,2209.5
2022-06-10,2203.5,12130.0,745.0,3632.0,1848.3333740234375,157.63999938964844,975.0,508.0,1088.0,2150.0
2022-06-13,2131.5,11530.0,735.9000244140625,3587.0,1798.6666259765625,157.63999938964844,967.0,509.0,1058.5,2094.0
2022-06-14,2095.0,11230.0,732.5999755859375,3591.0,1761.6666259765625,154.83999633789062,962.0,498.0,1057.0,2059.5
2022-06-15,2080.0,11115.0,740.2000122070312,3535.0,1735.3333740234375,152.9600067138672,951.0,492.0,1057.0,2015.0
2022-06-16,2140.0,11285.0,747.2999877929688,3582.0,1720.0,154.60000610351562,956.0,485.0,1065.0,2041.5
2022-06-17,2063.0,11215.0,731.0999755859375,3552.0,1728.0,152.44000244140625,956.0,475.0,1043.5,1971.5
2022-06-20,2089.5,11025.0,730.7999877929688,3582.0,1711.0,153.16000366210938,944.0,457.0,1030.0,1894.0
2022-06-21,2138.5,11465.0,751.2000122070312,3614.0,1716.6666259765625,153.36000061035156,956.0,467.0,1041.5,1910.5
2022-06-22,2156.0,11370.0,749.2000122070312,3695.0,1738.3333740234375,157.36000061035156,962.0,471.0,1041.5,1899.5
2022-06-23,2126.5,11245.0,750.5,3705.0,1761.3333740234375,159.44000244140625,969.0,473.0,1019.5,1878.0
2022-06-24,2111.5,11250.0,736.4000244140625,3707.0,1774.6666259765625,157.9600067138672,960.0,477.0,1038.5,1882.0
2022-06-27,2121.5,11505.0,735.7999877929688,3776.0,1788.0,155.52000427246094,962.0,513.0,1055.5,1907.0
2022-06-28,2167.5,11600.0,740.7999877929688,3802.0,1792.3333740234375,158.67999267578125,975.0,550.0,1062.0,1920.0
2022-06-29,2128.0,11485.0,741.4000244140625,3799.0,1777.6666259765625,156.8800048828125,976.0,579.0,1048.5,1936.0
2022-06-30,2100.0,11095.0,729.4000244140625,3818.0,1755.6666259765625,155.83999633789062,985.0,567.0,1036.0,1899.0
2022-07-01,2067.0,10810.0,728.0,3759.0,1750.6666259765625,155.39999389648438,966.0,579.0,1034.0,1899.5
2022-07-04,2113.0,11035.0,734.7999877929688,3812.0,1803.0,156.52000427246094,975.0,654.0,1045.5,1923.0
2022-07-05,2116.5,11105.0,743.0,3838.0,1771.3333740234375,155.8800048828125,970.0,653.0,1042.0,1923.5
2022-07-06,2058.0,10830.0,710.0,3862.0,1758.6666259765625,153.0399932861328,946.0,612.0,1027.0,1870.0
2022-07-07,2105.0,11225.0,713.7000122070312,3932.0,1786.6666259765625,153.8800048828125,960.0,610.0,1047.0,1886.5
2022-07-08,2111.0,11145.0,724.5999755859375,3884.0,1775.0,153.1999969482422,957.0,619.0,1055.5,1930.0
2022-07-11,2152.0,11380.0,739.5,3973.0,1827.3333740234375,156.55999755859375,973.0,619.0,1069.0,1952.5
2022-07-12,2116.5,11210.0,729.0999755859375,3972.0,1826.6666259765625,156.63999938964844,967.0,608.0,1029.0,1918.5
2022-07-13,2134.5,11190.0,731.7000122070312,3940.0,1850.0,156.24000549316406,968.0,640.0,1034.0,1935.5
2022-07-14,2135.0,11205.0,718.7999877929688,3948.0,1819.6666259765625,156.1999969482422,977.0,591.0,1032.5,1957.5
2022-07-15,2163.0,11205.0,700.7999877929688,3989.0,1814.6666259765625,156.60000610351562,956.0,589.0,1031.5,1969.5
2022-07-19,2177.0,11465.0,717.2999877929688,3961.0,1787.0,154.9600067138672,965.0,575.0,1052.5,2011.5
2022-07-20,2194.0,11940.0,727.4000244140625,4040.0,1790.0,155.83999633789062,977.0,576.0,1076.0,2036.0
2022-07-21,2193.5,11950.0,726.5,4046.0,1782.6666259765625,156.24000549316406,976.0,566.0,1083.0,1974.5
2022-07-22,2202.5,12025.0,731.5999755859375,3997.0,1785.6666259765625,156.63999938964844,976.0,519.0,1082.5,1974.5
2022-07-25,2166.0,11705.0,735.7000122070312,4001.0,1785.6666259765625,155.47999572753906,982.0,512.0,1084.0,1947.5
2022-07-26,2166.0,11730.0,739.5999755859375,3960.0,1768.3333740234375,154.9199981689453,989.0,503.0,1081.5,1959.5
2022-07-27,2169.0,11660.0,745.5999755859375,3985.0,1776.6666259765625,155.1199951171875,984.0,498.0,1080.0,1980.5
2022-07-28,2125.0,11675.0,744.5,3985.0,1795.3333740234375,155.39999389648438,988.0,519.0,1071.0,1978.0
2022-07-29,2137.0,11695.0,745.4000244140625,3925.0,1809.6666259765625,152.27999877929688,976.0,523.0,1065.5,1970.0
2022-08-01,2212.0,11320.0,749.0,3808.0,1810.3333740234375,152.0399932861328,986.0,510.0,1077.5,2003.5
2022-08-02,2154.5,11230.0,735.5,3710.0,1775.6666259765625,149.8800048828125,972.0,508.0,1068.5,1970.0
2022-08-03,2156.0,11455.0,722.2000122070312,3711.0,1773.0,149.8800048828125,961.0,493.0,1068.0,1948.0
2022-08-04,2091.5,11480.0,709.2000122070312,3718.0,1764.6666259765625,149.8800048828125,950.0,476.0,1021.5,1925.0
2022-08-05,2123.0,11685.0,707.4000244140625,3734.0,1794.3333740234375,151.36000061035156,949.0,472.0,1015.0,2085.0
2022-08-08,2116.0,11725.0,721.9000244140625,3765.0,1812.3333740234375,151.63999938964844,958.0,493.0,1020.5,2116.0
2022-08-09,2076.0,11435.0,709.2000122070312,3748.0,1778.3333740234375,148.8000030517578,946.0,489.0,1016.5,2105.5
2022-08-10,2088.0,11210.0,713.5,3782.0,1783.6666259765625,149.75999450683594,940.0,500.0,1018.5,2114.5
2022-08-12,2135.0,11455.0,727.0999755859375,3798.0,1816.6666259765625,147.9199981689453,952.0,499.0,1034.5,2135.5
2022-08-15,2132.5,11585.0,726.2999877929688,3801.0,1853.3333740234375,148.67999267578125,952.0,490.0,1043.0,2125.5
2022-08-16,2121.0,11605.0,725.2999877929688,3801.0,1844.6666259765625,147.44000244140625,948.0,492.0,1035.5,2117.0
2022-08-17,2183.0,11960.0,734.2999877929688,3844.0,1887.0,149.24000549316406,958.0,510.0,1046.0,2167.0
2022-08-18,2143.5,11750.0,727.5,3864.0,1864.0,149.52000427246094,953.0,505.0,1032.0,2140.0
2022-08-19,2150.0,12000.0,728.0,3816.0,1877.3333740234375,150.44000244140625,957.0,506.0,1035.0,2146.0
2022-08-22,2150.0,11930.0,732.4000244140625,3834.0,1915.0,151.60000610351562,964.0,508.0,1035.0,2143.0
2022-08-23,2107.5,11535.0,723.0999755859375,3840.0,1896.6666259765625,151.72000122070312,957.0,502.0,1025.5,2150.0
2022-08-24,2100.0,11375.0,728.0999755859375,3810.0,1909.3333740234375,151.32000732421875,965.0,552.0,1028.0,2146.5
2022-08-25,2109.0,11395.0,731.5,3851.0,1911.3333740234375,151.27999877929688,970.0,550.0,1031.5,2146.0
2022-08-26,2108.0,11510.0,732.0,3814.0,1901.6666259765625,150.60000610351562,975.0,556.0,1031.5,2173.5
2022-08-29,2090.0,11295.0,725.0999755859375,3821.0,1873.6666259765625,150.1199951171875,961.0,527.0,1020.0,2182.0
2022-08-30,2105.0,11325.0,728.2999877929688,3865.0,1867.3333740234375,152.44000244140625,968.0,545.0,1025.0,2226.0
2022-08-31,2101.5,11135.0,721.0999755859375,3850.0,1844.3333740234375,150.75999450683594,966.0,544.0,1023.0,2208.5
2022-09-01,2052.5,11000.0,715.7000122070312,3837.0,1808.6666259765625,149.67999267578125,964.0,534.0,1013.5,2236.5
2022-09-02,2049.0,10880.0,717.5,3833.0,1850.3333740234375,150.8000030517578,970.0,527.0,1016.0,2190.0
2022-09-05,2037.0,10865.0,718.2000122070312,3820.0,1851.3333740234375,149.9199981689453,965.0,528.0,1020.5,2216.0
2022-09-06,2048.5,10775.0,718.2999877929688,3823.0,1853.3333740234375,149.0800018310547,959.0,505.0,1024.5,2251.5
2022-09-07,2034.5,10525.0,711.5,3784.0,1887.0,150.60000610351562,953.0,501.0,1017.5,2232.5
2022-09-08,2080.5,10775.0,726.2999877929688,3885.0,1963.0,157.1199951171875,965.0,503.0,1038.5,2260.0
2022-09-09,2078.5,10695.0,727.7999877929688,3914.0,1956.6666259765625,158.27999877929688,972.0,507.0,1043.5,2278.0
2022-09-12,2070.0,10760.0,725.2999877929688,3894.0,2007.6666259765625,158.47999572753906,974.0,501.0,1046.0,2288.0
2022-09-13,2067.0,10765.0,727.5,3919.0,1994.3333740234375,157.47999572753906,979.0,497.0,1045.0,2302.0
2022-09-14,2038.0,10375.0,725.2999877929688,3852.0,1978.3333740234375,155.0800018310547,960.0,488.0,1020.5,2310.5
2022-09-15,2040.0,10470.0,723.5999755859375,3876.0,1975.0,154.52000427246094,963.0,488.0,1014.5,2253.0
2022-09-16,2030.5,10410.0,731.2999877929688,3882.0,1983.6666259765625,153.8000030517578,976.0,484.0,1009.5,2226.0
2022-09-20,2048.5,10355.0,733.7999877929688,3842.0,1996.6666259765625,156.60000610351562,984.0,484.0,1012.5,2251.0
2022-09-21,2000.0,10170.0,731.9000244140625,3790.0,1972.3333740234375,154.8000030517578,974.0,466.0,1003.5,2249.0
2022-09-22,2028.0,10070.0,723.5,3789.0,1971.3333740234375,154.67999267578125,970.0,468.0,1001.5,2242.0
2022-09-26,1963.0,9682.0,687.2000122070312,3740.0,1951.6666259765625,155.52000427246094,950.0,465.0,965.5,2187.0
2022-09-27,1986.0,9632.0,692.5999755859375,3748.0,1966.6666259765625,155.0399932861328,946.0,467.0,972.5,2187.0
2022-09-28,1953.5,9561.0,683.2000122070312,3719.0,1931.0,153.8800048828125,938.0,462.0,970.7000122070312,2120.0
2022-09-29,1958.5,9589.0,669.2999877929688,3776.0,1957.6666259765625,156.9600067138672,936.0,471.0,964.0999755859375,2043.0
2022-09-30,1876.0,9286.0,651.5,3767.0,1935.3333740234375,156.24000549316406,928.0,462.0,955.5,2006.5
2022-10-03,1941.5,9509.0,648.0,3726.0,1853.0,153.47999572753906,925.0,448.0,959.7000122070312,2026.0
2022-10-04,2004.0,9749.0,668.2000122070312,3874.0,1938.6666259765625,158.72000122070312,960.0,473.0,985.2000122070312,2101.5
2022-10-05,2001.0,9763.0,665.4000244140625,3846.0,1922.0,159.1199951171875,955.0,468.0,994.7999877929688,2114.0
2022-10-06,2000.0,9925.0,667.7000122070312,3833.0,1895.0,159.47999572753906,957.0,461.0,998.4000244140625,2125.0
2022-10-07,1985.5,9891.0,652.7000122070312,3789.0,1828.6666259765625,158.72000122070312,949.0,462.0,983.9000244140625,2085.5
2022-10-11,1966.5,9486.0,650.0999755859375,3761.0,1750.0,160.0,948.0,468.0,967.7000122070312,2096.5
2022-10-12,1990.0,9348.0,646.2999877929688,3779.0,1814.3333740234375,158.0399932861328,950.0,457.0,950.7999877929688,2105.5
2022-10-13,1983.5,9305.0,646.0,3766.0,1833.0,156.44000244140625,948.0,449.0,948.9000244140625,2101.0
2022-10-14,2008.0,9705.0,659.2000122070312,3828.0,1871.0,158.75999450683594,961.0,466.0,969.4000244140625,2139.0
2022-10-17,2000.0,9646.0,675.2999877929688,3817.0,1856.0,158.83999633789062,952.0,469.0,960.0,2136.5
2022-10-18,2007.5,9754.0,681.9000244140625,3814.0,1853.0,160.60000610351562,954.0,477.0,962.9000244140625,2137.5
2022-10-19,2003.5,9805.0,688.7000122070312,3779.0,1890.6666259765625,160.9600067138672,962.0,490.0,962.2999877929688,2134.0
2022-10-20,2004.0,9725.0,693.0,3768.0,1897.6666259765625,163.72000122070312,964.0,482.0,949.9000244140625,2117.5
2022-10-21,1987.5,9580.0,695.2999877929688,3719.0,1869.3333740234375,161.36000061035156,944.0,477.0,937.0,2089.5
2022-10-24,1996.5,9614.0,705.2999877929688,3710.0,1863.6666259765625,159.67999267578125,936.0,476.0,947.9000244140625,2094.5
2022-10-25,2016.0,9791.0,710.0999755859375,3772.0,1859.0,162.9199981689453,952.0,479.0,953.0,2094.5
2022-10-26,2020.0,9884.0,709.4000244140625,3825.0,1864.0,164.24000549316406,953.0,472.0,963.0999755859375,2065.0
2022-10-27,1999.0,9870.0,691.0999755859375,3807.0,1827.6666259765625,162.0,941.0,484.0,955.4000244140625,2051.0
2022-10-28,2030.0,9789.0,687.5,3835.0,1836.6666259765625,163.52000427246094,937.0,483.0,948.7000122070312,2028.0
2022-10-31,2059.5,9988.0,699.5,3918.0,1851.3333740234375,163.75999450683594,955.0,485.0,954.5,2042.5
2022-11-01,2019.5,10050.0,703.2999877929688,3939.0,1864.0,162.47999572753906,952.0,481.0,957.5,2080.0
2022-11-02,2014.5,10755.0,702.2999877929688,3914.0,1846.0,162.0800018310547,957.0,456.0,960.2000122070312,2132.5
2022-11-04,1985.0,10700.0,702.0,3838.0,1824.6666259765625,160.1999969482422,944.0,458.0,952.9000244140625,2114.5
2022-11-07,1993.0,10845.0,703.7999877929688,3866.0,1855.3333740234375,160.16000366210938,957.0,453.0,962.5999755859375,2179.0
2022-11-08,2003.0,11200.0,710.7999877929688,3901.0,1867.3333740234375,162.0800018310547,980.0,463.0,983.9000244140625,2204.0
2022-11-09,1988.5,11190.0,708.5,3880.0,1859.0,156.72000122070312,994.0,458.0,971.0,2201.5
2022-11-10,1958.5,11020.0,710.7000122070312,3896.0,1885.0,157.24000549316406,1012.0,463.0,962.2999877929688,2174.0
2022-11-11,2001.0,11630.0,710.7999877929688,3868.0,1889.6666259765625,154.9600067138672,994.0,465.0,980.0,2188.5
2022-11-14,1986.0,11595.0,703.2999877929688,3790.0,1808.0,151.1999969482422,962.0,457.0,991.9000244140625,2149.0
2022-11-15,1998.0,11590.0,722.5,3839.0,1845.6666259765625,150.32000732421875,965.0,453.0,1006.0,2209.5
2022-11-16,1996.0,11390.0,719.5,3851.0,1844.3333740234375,150.0800018310547,973.0,452.0,1002.0,2221.5
2022-11-17,1993.5,11195.0,717.7000122070312,3895.0,1858.3333740234375,150.39999389648438,990.0,456.0,1015.0,2192.0
2022-11-18,1993.0,11220.0,713.2000122070312,3936.0,1873.3333740234375,153.8800048828125,999.0,460.0,1017.5,2196.5
2022-11-21,2003.0,11255.0,719.7000122070312,3958.0,1859.3333740234375,153.72000122070312,1007.0,464.0,1015.5,2228.0
2022-11-22,2050.0,11445.0,735.5,4012.0,1897.3333740234375,156.1999969482422,1027.0,479.0,1016.0,2268.5
2022-11-24,2046.5,11690.0,751.2000122070312,4039.0,1908.6666259765625,155.27999877929688,1044.0,500.0,1025.5,2288.5
2022-11-25,2054.5,11600.0,758.7000122070312,4035.0,1901.6666259765625,155.44000244140625,1043.0,523.0,1025.0,2258.5
2022-11-28,2033.0,11510.0,751.9000244140625,4036.0,1900.6666259765625,155.16000366210938,1025.0,528.0,1017.5,2178.0
2022-11-29,2005.5,11370.0,764.4000244140625,4008.0,1889.0,153.55999755859375,1022.0,516.0,1014.5,2188.0
2022-11-30,2010.5,11255.0,755.0999755859375,4050.0,1859.6666259765625,152.8000030517578,1024.0,499.0,1019.0,2192.5
2022-12-01,1998.5,11325.0,748.0,4033.0,1850.3333740234375,152.75999450683594,1009.0,493.0,1025.0,2194.0
2022-12-02,1971.0,11180.0,738.7000122070312,3967.0,1808.0,148.9199981689453,990.0,494.0,1003.5,2180.0
2022-12-05,1951.0,11145.0,741.9000244140625,3955.0,1803.6666259765625,148.52000427246094,993.0,486.0,1009.0,2220.5
2022-12-06,1943.5,11015.0,748.5,3980.0,1806.6666259765625,149.60000610351562,1004.0,485.0,1015.0,2263.0
2022-12-07,1949.5,10875.0,755.7999877929688,4000.0,1830.6666259765625,148.8000030517578,1013.0,495.0,1012.5,2262.5
2022-12-08,1938.5,10665.0,747.4000244140625,4019.0,1833.3333740234375,147.8800048828125,1004.0,489.0,995.9000244140625,2269.5
2022-12-09,1954.0,10910.0,754.7999877929688,4091.0,1857.6666259765625,150.1199951171875,1012.0,516.0,999.0,2276.0
2022-12-12,1963.0,10875.0,755.5,4051.0,1862.6666259765625,149.1999969482422,1005.0,510.0,999.0,2241.0
2022-12-13,1968.5,10990.0,758.0,4160.0,1865.0,150.1999969482422,1011.0,507.0,997.5,2267.5
2022-12-14,1978.0,11150.0,757.5999755859375,4168.0,1880.3333740234375,150.36000061035156,1016.0,513.0,1009.5,2290.0
2022-12-15,1978.5,11045.0,761.7000122070312,4180.0,1896.0,150.83999633789062,1018.0,512.0,1002.0,2291.0
2022-12-16,1941.0,10855.0,761.2000122070312,4159.0,1893.0,149.24000549316406,1009.0,503.0,982.5,2261.0
2022-12-19,1910.0,10745.0,772.2000122070312,4112.0,1889.6666259765625,150.24000549316406,1007.0,498.0,981.2000122070312,2245.0
2022-12-20,1845.0,10350.0,818.4000244140625,4072.0,1861.6666259765625,149.0800018310547,1004.0,499.0,965.4000244140625,2198.0
2022-12-21,1808.0,10185.0,850.5,4063.0,1845.3333740234375,149.32000732421875,1002.0,494.0,947.2999877929688,2205.0
2022-12-22,1841.0,10280.0,869.5,4070.0,1876.3333740234375,151.47999572753906,1009.0,499.0,950.7000122070312,2223.5
2022-12-23,1818.0,10200.0,898.0,4100.0,1877.6666259765625,152.1999969482422,1008.0,514.0,946.4000244140625,2226.0
2022-12-26,1823.0,10230.0,881.0999755859375,4102.0,1876.3333740234375,151.24000549316406,1013.0,492.0,956.2000122070312,2276.5
2022-12-27,1817.5,10155.0,897.7999877929688,4122.0,1905.6666259765625,151.44000244140625,1014.0,483.0,952.0999755859375,2285.5
2022-12-28,1819.0,10180.0,897.5,4130.0,1913.3333740234375,151.9600067138672,1017.0,482.0,951.5,2318.0
2022-12-29,1817.0,10115.0,881.5,4130.0,1886.6666259765625,151.1199951171875,1007.0,482.0,945.7999877929688,2294.5
2022-12-30,1812.5,10035.0,889.0,4111.0,1886.6666259765625,150.47999572753906,998.0,476.0,941.4000244140625,2292.0
2023-01-04,1799.0,10165.0,926.2000122070312,4031.0,1846.6666259765625,150.47999572753906,982.0,459.0,931.0,2232.5
2023-01-05,1807.5,10385.0,912.0,4075.0,1847.0,150.52000427246094,953.0,460.0,932.7000122070312,2250.5
2023-01-06,1825.0,10635.0,902.4000244140625,4080.0,1851.0,149.63999938964844,949.0,455.0,929.5,2287.0
2023-01-10,1827.0,10725.0,893.2999877929688,4026.0,1876.6666259765625,147.83999633789062,949.0,436.0,926.7999877929688,2368.0
2023-01-11,1837.5,11100.0,908.0,4099.0,1916.3333740234375,149.0800018310547,955.0,435.0,933.5,2455.0
2023-01-12,1857.5,11145.0,953.5999755859375,4095.0,1930.3333740234375,149.75999450683594,946.0,425.0,938.0999755859375,2468.0
2023-01-13,1815.5,10965.0,977.0999755859375,4095.0,2047.3333740234375,149.60000610351562,947.0,432.0,936.0999755859375,2540.5
2023-01-16,1817.5,10855.0,949.0,4103.0,2000.0,149.0,940.0,432.0,924.2000122070312,2512.0
2023-01-17,1863.0,11120.0,950.5999755859375,4119.0,2014.6666259765625,149.72000122070312,945.0,433.0,937.2999877929688,2537.5
2023-01-18,1909.5,11350.0,943.0999755859375,4164.0,2006.6666259765625,150.44000244140625,954.0,446.0,947.5,2569.0
2023-01-19,1864.5,11380.0,926.0,4150.0,1987.6666259765625,150.1199951171875,948.0,438.0,937.2999877929688,2555.0
2023-01-20,1883.0,11430.0,937.5999755859375,4172.0,1987.0,152.0399932861328,966.0,452.0,943.7999877929688,2628.0
2023-01-23,1889.0,11450.0,936.7999877929688,4199.0,2015.6666259765625,153.1999969482422,977.0,445.0,953.9000244140625,2690.0
2023-01-24,1911.5,11670.0,960.2999877929688,4200.0,2051.0,155.8000030517578,986.0,452.0,958.5,2613.5
2023-01-25,1905.0,11665.0,962.2000122070312,4220.0,2043.0,155.9600067138672,992.0,466.0,952.7000122070312,2731.5
2023-01-26,1893.0,11515.0,952.0,4176.0,2036.3333740234375,156.27999877929688,995.0,470.0,960.0,2721.5
2023-01-27,1900.5,11630.0,978.0,4134.0,2045.6666259765625,155.1199951171875,995.0,473.0,971.0,2757.0
2023-01-30,1902.0,11600.0,980.0,4135.0,2048.333251953125,155.52000427246094,996.0,467.0,972.2999877929688,2702.0
2023-01-31,1896.5,11580.0,952.7000122070312,4090.0,2042.3333740234375,155.67999267578125,1006.0,485.0,982.4000244140625,2695.0
2023-02-01,1903.0,11470.0,948.5,4075.0,2030.0,155.44000244140625,988.0,478.0,979.7000122070312,2719.0
2023-02-02,1880.5,11490.0,935.5999755859375,4054.0,1997.0,153.75999450683594,968.0,459.0,966.5999755859375,2706.0
2023-02-03,1891.5,12200.0,928.5,4171.0,1983.3333740234375,153.1999969482422,958.0,447.0,964.0999755859375,2682.0
2023-02-06,1913.5,12015.0,909.0,4171.0,1999.3333740234375,153.9600067138672,982.0,455.0,970.2000122070312,2730.0
2023-02-07,1897.0,12055.0,938.0999755859375,4182.0,1984.3333740234375,154.27999877929688,969.0,459.0,964.5,2670.0
2023-02-08,1897.5,11955.0,943.2999877929688,4243.0,1987.6666259765625,154.8800048828125,976.0,463.0,945.0999755859375,2635.5
2023-02-09,1901.0,11945.0,944.9000244140625,4219.0,1971.3333740234375,153.67999267578125,974.0,456.0,942.2000122070312,2662.5
2023-02-10,1879.0,11940.0,957.7999877929688,4218.0,1999.3333740234375,153.67999267578125,980.0,457.0,942.2999877929688,2783.5
2023-02-13,1876.5,11710.0,966.2999877929688,4176.0,2014.3333740234375,154.39999389648438,980.0,458.0,940.4000244140625,2837.0
2023-02-14,1882.5,11780.0,972.5999755859375,4212.0,2029.6666259765625,155.0399932861328,984.0,462.0,937.7000122070312,2889.5
2023-02-15,1874.0,11705.0,981.0999755859375,4196.0,2022.0,155.36000061035156,970.0,461.0,928.4000244140625,2956.0
2023-02-16,1913.0,11760.0,974.9000244140625,4186.0,2035.6666259765625,155.55999755859375,964.0,463.0,936.5999755859375,2988.5
2023-02-17,1907.5,11480.0,981.0,4182.0,2027.6666259765625,155.52000427246094,969.0,470.0,938.2000122070312,3050.0
2023-02-20,1902.5,11440.0,998.2999877929688,4263.0,2044.6666259765625,158.8800048828125,978.0,480.0,954.0999755859375,3097.0
2023-02-21,1890.0,11350.0,983.2000122070312,4305.0,2023.0,158.60000610351562,987.0,479.0,956.7000122070312,3078.0
2023-02-22,1865.0,11120.0,975.2000122070312,4293.0,2002.6666259765625,158.0,984.0,471.0,941.9000244140625,3101.0
2023-02-24,1858.0,11355.0,963.0,4203.0,2025.3333740234375,159.1999969482422,986.0,464.0,945.0,3070.0
2023-02-27,1857.0,11400.0,965.7999877929688,4199.0,2015.6666259765625,158.63999938964844,1018.0,456.0,956.0,3132.0
2023-02-28,1862.5,11430.0,965.0999755859375,4212.0,2030.0,157.8800048828125,1007.0,452.0,949.7999877929688,3037.0
2023-03-01,1863.5,11435.0,955.4000244140625,4180.0,2020.6666259765625,157.0399932861328,1014.0,454.0,953.7999877929688,3095.0
2023-03-02,1863.5,11380.0,945.7000122070312,4182.0,2016.3333740234375,156.72000122070312,1017.0,446.0,950.2000122070312,3116.0
2023-03-03,1884.5,11545.0,960.0,4246.0,2059.333251953125,159.47999572753906,1023.0,454.0,960.9000244140625,3148.0
2023-03-06,1905.5,11840.0,972.5,4276.0,2090.0,159.16000366210938,1030.0,458.0,968.0,3165.0
2023-03-07,1914.5,11990.0,983.0999755859375,4300.0,2087.0,159.72000122070312,1035.0,464.0,973.5999755859375,3217.0
2023-03-08,1907.5,12060.0,980.9000244140625,4335.0,2110.0,160.63999938964844,1052.0,466.0,971.7000122070312,3207.0
2023-03-09,1919.5,12025.0,993.5999755859375,4403.0,2196.333251953125,161.0399932861328,1065.0,468.0,984.0,3282.0
2023-03-10,1896.0,11700.0,932.7000122070312,4348.0,2066.666748046875,159.44000244140625,1057.0,468.0,973.2000122070312,3222.0
2023-03-13,1864.0,11605.0,900.2999877929688,4292.0,2046.6666259765625,158.55999755859375,1036.0,457.0,943.2999877929688,3196.0
2023-03-14,1809.0,11285.0,823.0,4280.0,1978.6666259765625,157.16000366210938,1007.0,448.0,922.4000244140625,3070.0
2023-03-15,1812.0,11320.0,861.5,4350.0,1970.6666259765625,157.8800048828125,1024.0,458.0,935.4000244140625,3150.0
2023-03-16,1790.0,11235.0,837.5999755859375,4281.0,1963.6666259765625,160.27999877929688,1005.0,461.0,923.0,3002.0
2023-03-17,1786.0,11630.0,840.9000244140625,4380.0,1972.0,160.24000549316406,996.0,458.0,922.5,3001.0
2023-03-20,1767.0,11560.0,825.4000244140625,4291.0,1923.6666259765625,159.67999267578125,980.0,443.0,897.5,2956.5
2023-03-22,1801.0,11730.0,850.7999877929688,4365.0,1924.6666259765625,161.75999450683594,994.0,448.0,905.9000244140625,3004.0
2023-03-23,1787.0,11580.0,839.2000122070312,4251.0,1921.3333740234375,159.52000427246094,990.0,449.0,909.2000122070312,3019.0
2023-03-24,1784.0,11595.0,830.0,4263.0,1939.0,158.75999450683594,996.0,453.0,904.7000122070312,2999.5
2023-03-27,1790.0,11450.0,825.5999755859375,4295.0,1950.0,159.75999450683594,1002.0,447.0,912.2999877929688,2998.0
2023-03-28,1805.5,11330.0,839.5999755859375,4289.0,1976.6666259765625,159.9199981689453,1011.0,448.0,917.5,2992.5
2023-03-29,1852.0,11495.0,844.0,4369.0,1983.3333740234375,161.8800048828125,1025.0,459.0,929.5,3031.0
2023-03-30,1842.0,11735.0,827.5,4320.0,1980.0,159.0399932861328,1000.0,477.0,918.0,3002.0
2023-03-31,1880.0,11985.0,847.9000244140625,4350.0,1991.6666259765625,158.47999572753906,1013.0,473.0,926.2999877929688,3120.0
2023-04-03,1897.0,12030.0,861.0,4350.0,2004.0,158.60000610351562,1025.0,482.0,938.7999877929688,3119.0
2023-04-04,1899.0,12015.0,863.5999755859375,4342.0,1975.0,159.52000427246094,1030.0,489.0,941.0,3069.0
2023-04-05,1852.5,11810.0,841.0,4315.0,1947.6666259765625,158.0,1002.0,485.0,917.5999755859375,2978.5
2023-04-06,1826.5,11555.0,833.7000122070312,4397.0,1957.3333740234375,157.55999755859375,999.0,496.0,912.5,2913.0
2023-04-07,1819.5,11610.0,845.5,4400.0,1878.6666259765625,157.16000366210938,1002.0,486.0,920.5999755859375,2939.0
2023-04-10,1827.5,11675.0,851.5999755859375,4428.0,1903.0,157.1199951171875,1001.0,490.0,920.5999755859375,2960.5
2023-04-11,1826.0,11850.0,853.0999755859375,4389.0,1915.3333740234375,157.8800048828125,1004.0,497.0,926.9000244140625,2992.5
2023-04-12,1823.5,11995.0,854.9000244140625,4431.0,1924.6666259765625,159.24000549316406,1014.0,496.0,939.0,3048.0
2023-04-13,1812.5,11900.0,850.7000122070312,4440.0,1926.0,159.1999969482422,1013.0,489.0,939.2999877929688,3003.0
2023-04-14,1808.0,12110.0,848.0,4466.0,1958.6666259765625,159.55999755859375,1021.0,497.0,937.0999755859375,2996.0
2023-04-17,1834.0,12135.0,869.7999877929688,4462.0,1963.3333740234375,158.8000030517578,1030.0,489.0,938.0,2993.0
2023-04-18,1833.5,12190.0,878.0999755859375,4489.0,2006.6666259765625,162.0,1030.0,494.0,940.4000244140625,2993.0
2023-04-19,1823.0,12310.0,889.7000122070312,4478.0,1996.6666259765625,162.0,1026.0,491.0,946.9000244140625,3030.0
2023-04-20,1813.5,12325.0,886.4000244140625,4482.0,2003.0,160.9600067138672,1032.0,489.0,948.7000122070312,3020.0
2023-04-21,1802.0,12290.0,866.7000122070312,4492.0,1992.3333740234375,160.47999572753906,1033.0,505.0,948.5999755859375,3007.0
2023-04-24,1798.0,12285.0,857.0,4516.0,1993.3333740234375,161.60000610351562,1042.0,500.0,944.0999755859375,2970.0
2023-04-25,1800.0,12310.0,859.0999755859375,4533.0,2001.6666259765625,163.32000732421875,1049.0,490.0,947.0999755859375,2856.0
2023-04-26,1803.5,12140.0,843.2000122070312,4517.0,1994.6666259765625,163.36000061035156,1104.0,479.0,935.7999877929688,2857.5
2023-04-27,1825.0,12570.0,860.0999755859375,4506.0,2002.0,163.9600067138672,1114.0,480.0,942.0999755859375,2895.5
2023-04-28,1857.0,12830.0,852.9000244140625,4512.0,2048.333251953125,165.9600067138672,1132.0,487.0,957.7000122070312,2893.0
2023-05-01,1874.0,12595.0,869.2999877929688,4546.0,2095.0,167.1999969482422,1129.0,494.0,963.7000122070312,2901.5
2023-05-02,1864.5,12585.0,862.5999755859375,4580.0,2075.0,167.39999389648438,1132.0,486.0,956.2000122070312,2898.0
2023-05-08,1856.0,12345.0,848.2999877929688,4593.0,2073.0,167.1199951171875,1146.0,489.0,958.0999755859375,2937.0
2023-05-09,1916.5,12635.0,863.0999755859375,4629.0,2107.0,168.67999267578125,1163.0,496.0,966.0,3094.0
2023-05-10,1931.5,12520.0,863.0,4575.0,2091.0,167.60000610351562,1172.0,492.0,1001.5,2825.0
2023-05-11,1916.0,12555.0,870.2000122070312,4565.0,2090.0,167.55999755859375,1089.0,486.0,959.9000244140625,2870.0
2023-05-12,1942.0,12780.0,868.5,4449.0,2102.333251953125,164.32000732421875,1107.0,499.0,963.0999755859375,2859.0
2023-05-15,1933.0,12875.0,884.9000244140625,4490.0,2121.666748046875,167.9600067138672,1129.0,510.0,961.5999755859375,2859.0
2023-05-16,1923.5,12820.0,909.5,4508.0,2133.333251953125,166.44000244140625,1139.0,522.0,955.0,2871.5
2023-05-17,1928.0,12895.0,929.2999877929688,4460.0,2133.333251953125,166.67999267578125,1154.0,505.0,956.9000244140625,2835.0
2023-05-18,1955.5,13720.0,945.7000122070312,4466.0,2131.333251953125,166.1999969482422,1142.0,481.0,960.5999755859375,2860.5
2023-05-19,1959.5,13590.0,926.9000244140625,4470.0,2128.333251953125,164.9600067138672,1143.0,475.0,951.0,2843.5
2023-05-22,1950.0,13610.0,923.5,4553.0,2150.0,168.16000366210938,1155.0,477.0,965.5999755859375,2865.0
2023-05-23,1857.0,13315.0,921.2000122070312,4554.0,2164.0,166.72000122070312,1159.0,475.0,965.2000122070312,2819.0
2023-05-24,1956.5,13185.0,930.0999755859375,4550.0,2136.666748046875,165.24000549316406,1160.0,491.0,965.0,2861.5
2023-05-25,1938.5,13270.0,912.5999755859375,4556.0,2100.0,164.75999450683594,1169.0,486.0,963.7000122070312,2837.5
2023-05-26,1937.0,13365.0,906.5,4522.0,2056.666748046875,163.1199951171875,1171.0,477.0,960.0,2790.0
2023-05-29,1928.5,13275.0,928.0,4539.0,2050.0,162.75999450683594,1174.0,480.0,965.5,2811.0
2023-05-30,1940.0,13355.0,933.9000244140625,4542.0,2017.6666259765625,160.60000610351562,1171.0,487.0,959.9000244140625,2837.0
2023-05-31,1908.5,13160.0,932.5,4421.0,1948.3333740234375,158.1999969482422,1124.0,481.0,948.5,2715.5
2023-06-01,1943.0,13410.0,963.9000244140625,4417.0,1982.6666259765625,159.63999938964844,1143.0,500.0,941.7000122070312,2756.5
2023-06-02,2009.5,13550.0,969.2999877929688,4468.0,1998.3333740234375,161.60000610351562,1154.0,522.0,955.2000122070312,2797.0
2023-06-05,2028.5,13860.0,975.2000122070312,4497.0,2004.3333740234375,162.55999755859375,1180.0,503.0,966.4000244140625,2857.0
2023-06-06,2050.0,13875.0,969.2999877929688,4567.0,2056.0,165.1999969482422,1190.5,495.70001220703125,970.4000244140625,2895.0
2023-06-07,2022.0,13605.0,957.5,4515.0,2025.3333740234375,164.27999877929688,1174.5,493.29998779296875,960.7999877929688,2862.0
2023-06-08,2024.0,13380.0,959.5999755859375,4481.0,2021.6666259765625,162.32000732421875,1166.0,510.0,958.0,2850.5
2023-06-09,2051.5,13665.0,967.9000244140625,4537.0,2042.6666259765625,165.32000732421875,1177.5,524.7999877929688,962.4000244140625,2895.0
2023-06-12,2069.0,13805.0,961.0,4504.0,2052.0,164.72000122070312,1166.5,504.3999938964844,957.0,2889.0
2023-06-13,2173.5,13920.0,963.2000122070312,4524.0,2064.666748046875,164.39999389648438,1172.5,506.20001220703125,958.0,2886.0
2023-06-14,2310.0,14035.0,988.2000122070312,4533.0,2092.333251953125,163.9600067138672,1176.0,500.0,961.0999755859375,3001.0
2023-06-15,2320.5,13950.0,989.9000244140625,4537.0,2052.666748046875,163.24000549316406,1182.5,492.8999938964844,972.9000244140625,2989.0
2023-06-16,2316.0,13765.0,985.7999877929688,4572.0,2026.6666259765625,163.32000732421875,1181.0,506.8999938964844,971.7999877929688,2984.5
2023-06-19,2253.0,13670.0,990.9000244140625,4635.0,2042.0,163.60000610351562,1166.0,506.20001220703125,986.5,2937.5
2023-06-20,2244.0,13735.0,983.0,4596.0,2049.0,162.47999572753906,1159.0,500.70001220703125,984.7999877929688,2886.5
2023-06-21,2218.5,13470.0,995.7999877929688,4583.0,2040.0,164.60000610351562,1187.0,506.5,981.2999877929688,2934.5
2023-06-22,2240.5,13300.0,1033.5,4589.0,1996.0,165.47999572753906,1214.5,520.0,965.0999755859375,2954.0
2023-06-23,2199.5,13040.0,1017.0,4598.0,2021.6666259765625,164.8000030517578,1206.5,552.7999877929688,953.7999877929688,2917.5
2023-06-26,2221.0,12990.0,1006.5,4548.0,2028.3333740234375,165.27999877929688,1206.0,527.2000122070312,957.9000244140625,2923.5
2023-06-27,2237.0,12830.0,1018.5,4487.0,2035.6666259765625,167.44000244140625,1216.5,519.2999877929688,963.7000122070312,2923.0
2023-06-28,2300.0,13160.0,1034.0,4554.0,2070.0,176.1999969482422,1241.5,527.9000244140625,975.2000122070312,2995.0
2023-06-29,2295.5,13050.0,1066.5,4556.0,2110.333251953125,171.1999969482422,1241.0,528.2000122070312,965.2999877929688,2976.0
2023-06-30,2308.5,12965.0,1065.0,4527.0,2068.333251953125,170.5,1244.0,527.0999755859375,972.0,3004.0
2023-07-03,2325.5,13330.0,1085.5,4547.0,2072.333251953125,171.1999969482422,1257.5,534.7000122070312,990.0,3020.0
2023-07-04,2338.0,13195.0,1111.0,4518.0,2057.0,169.6999969482422,1242.5,536.7999877929688,983.2999877929688,3021.0
2023-07-05,2341.0,13310.0,1096.0,4544.0,2050.0,168.6999969482422,1240.0,540.5,990.0,3053.0
2023-07-06,2327.0,13145.0,1075.5,4493.0,2027.0,167.0,1232.5,542.5999755859375,995.7999877929688,2996.5
2023-07-07,2299.5,13005.0,1057.5,4410.0,2007.6666259765625,166.1999969482422,1225.5,525.0999755859375,979.7999877929688,2993.5
2023-07-10,2260.0,12830.0,1058.0,4408.0,2001.6666259765625,166.89999389648438,1230.0,515.2999877929688,973.9000244140625,2972.0
2023-07-11,2211.0,12675.0,1052.0,4411.0,2000.0,163.0,1230.0,513.5999755859375,968.0,2945.5
2023-07-12,2198.0,12450.0,1069.5,4306.0,2058.0,163.0,1222.0,510.1000061035156,963.0999755859375,2944.5
2023-07-13,2211.5,13010.0,1062.0,4326.0,2055.666748046875,163.10000610351562,1221.0,512.5,961.7000122070312,2973.5
2023-07-14,2218.0,12870.0,1058.0,4304.0,1950.0,162.5,1232.0,501.29998779296875,959.4000244140625,2997.5
2023-07-18,2240.0,13200.0,1083.0,4290.0,1968.3333740234375,161.5,1230.5,501.8999938964844,951.5999755859375,2991.0
2023-07-19,2291.0,13255.0,1085.0,4332.0,1967.6666259765625,162.5,1243.0,503.70001220703125,954.5,3018.0
2023-07-20,2287.0,13075.0,1071.0,4311.0,1962.3333740234375,163.60000610351562,1252.0,503.29998779296875,947.5,3065.0
2023-07-21,2287.5,13115.0,1074.5,4387.0,1954.0,165.10000610351562,1264.0,511.5,951.0,3065.0
2023-07-24,2324.0,13265.0,1053.0,4409.0,1952.0,167.39999389648438,1299.0,525.0,962.2000122070312,3158.0
2023-07-25,2344.5,13155.0,1071.0,4373.0,1961.3333740234375,163.0,1311.0,523.7999877929688,961.0999755859375,3180.0
2023-07-26,2322.0,13160.0,1068.5,4370.0,1957.0,160.8000030517578,1303.5,534.7000122070312,960.0,3180.0
2023-07-27,2320.5,13210.0,1079.0,4401.0,1959.0,160.8000030517578,1311.0,552.7999877929688,962.4000244140625,3211.0
2023-07-28,2310.0,13040.0,1136.0,4324.0,1945.6666259765625,160.60000610351562,1299.0,545.7000122070312,961.5,3175.0
2023-07-31,2386.0,13315.0,1146.0,4341.0,1964.3333740234375,162.89999389648438,1314.5,565.0,968.4000244140625,3246.0
2023-08-01,2445.5,13480.0,1133.0,4415.0,1981.3333740234375,162.3000030517578,1327.0,590.0,973.7999877929688,3291.0
2023-08-02,2502.5,13235.0,1128.0,4372.0,1938.6666259765625,160.3000030517578,1330.0,563.9000244140625,969.2000122070312,3248.0
2023-08-03,2407.5,12935.0,1124.5,4363.0,1920.0,159.1999969482422,1308.0,572.7999877929688,936.0999755859375,3238.0
2023-08-04,2437.5,12925.0,1144.5,4344.0,1942.6666259765625,158.5,1308.5,570.7999877929688,900.0,3269.0
2023-08-07,2444.0,12915.0,1133.5,4373.0,1949.0,160.0,1217.5,560.4000244140625,918.5999755859375,3380.0
2023-08-08,2423.5,12975.0,1129.5,4389.0,1987.6666259765625,161.8000030517578,1249.0,571.0,930.0,3379.0
2023-08-09,2395.5,12985.0,1095.0,4428.0,2014.6666259765625,162.89999389648438,1260.0,574.2999877929688,925.2000122070312,3389.0
2023-08-10,2429.0,12565.0,1121.5,4452.0,2016.6666259765625,163.60000610351562,1299.5,581.0999755859375,935.4000244140625,3373.0
2023-08-14,2408.0,12175.0,1110.0,4447.0,2055.0,164.1999969482422,1272.0,586.9000244140625,931.5,3350.0
2023-08-15,2419.0,12220.0,1121.5,4449.0,2038.6666259765625,164.0,1270.0,600.9000244140625,931.5999755859375,3390.0
2023-08-16,2370.5,12010.0,1088.5,4425.0,2025.6666259765625,162.89999389648438,1284.5,611.2999877929688,920.0,3302.0
2023-08-17,2377.0,12130.0,1099.0,4439.0,2012.3333740234375,163.1999969482422,1280.5,605.2999877929688,913.2999877929688,3260.0
2023-08-18,2349.0,12015.0,1094.5,4392.0,1968.3333740234375,162.3000030517578,1267.5,582.7999877929688,909.7999877929688,3247.0
2023-08-21,2356.5,12000.0,1093.5,4388.0,1986.3333740234375,161.6999969482422,1275.5,607.0,911.7000122070312,3268.0
2023-08-22,2416.5,12065.0,1128.5,4403.0,2001.3333740234375,163.39999389648438,1270.0,611.2000122070312,920.7999877929688,3297.0
2023-08-23,2410.5,12050.0,1129.0,4430.0,2006.3333740234375,164.3000030517578,1278.0,612.9000244140625,915.9000244140625,3349.0
2023-08-24,2400.0,12015.0,1141.0,4458.0,2032.3333740234375,165.60000610351562,1306.0,609.7999877929688,922.2000122070312,3354.0
2023-08-25,2395.0,11860.0,1136.5,4449.0,2002.6666259765625,165.10000610351562,1285.5,608.4000244140625,921.5,3351.0
2023-08-28,2436.5,12000.0,1155.5,4472.0,2009.0,166.5,1311.5,617.9000244140625,931.0999755859375,3408.0
2023-08-29,2431.5,11950.0,1155.5,4467.0,2009.6666259765625,166.5,1316.0,650.7000122070312,936.2000122070312,3423.0
2023-08-30,2456.5,12035.0,1167.5,4490.0,1976.3333740234375,167.60000610351562,1317.0,638.0999755859375,937.7999877929688,3419.0
2023-08-31,2515.0,12145.0,1163.5,4508.0,1993.6666259765625,168.3000030517578,1319.0,640.0,941.7999877929688,3447.0
2023-09-01,2519.5,12535.0,1183.0,4510.0,1997.6666259765625,168.60000610351562,1335.0,637.4000244140625,950.7000122070312,3506.0
2023-09-04,2597.5,12515.0,1214.5,4533.0,1987.3333740234375,169.3000030517578,1347.0,630.9000244140625,962.0,3642.0
2023-09-05,2589.0,12480.0,1217.5,4550.0,1998.0,168.0,1345.5,631.9000244140625,964.5,3631.0
2023-09-06,2651.0,12690.0,1230.0,4524.0,1997.3333740234375,169.10000610351562,1359.0,626.0,970.2999877929688,3627.0
2023-09-07,2637.0,12630.0,1228.0,4526.0,2004.0,171.60000610351562,1372.0,620.0,968.2000122070312,3555.0
2023-09-08,2603.0,12375.0,1212.0,4510.0,1999.0,171.3000030517578,1357.0,630.2999877929688,948.5999755859375,3541.0
2023-09-11,2595.0,12465.0,1264.0,4545.0,1991.0,171.10000610351562,1351.5,634.5,949.7000122070312,3539.0
2023-09-12,2657.0,12615.0,1277.0,4664.0,2005.6666259765625,172.89999389648438,1377.0,642.7000122070312,963.9000244140625,3518.0
2023-09-13,2707.5,12445.0,1317.0,4716.0,2068.0,174.3000030517578,1363.0,653.2999877929688,974.7999877929688,3543.0
2023-09-14,2748.0,12645.0,1319.5,4805.0,2050.0,174.60000610351562,1381.5,672.2999877929688,985.2000122070312,3637.0
2023-09-15,2821.5,12930.0,1291.5,4860.0,2016.0,179.10000610351562,1426.0,696.5,995.7000122070312,3646.0
2023-09-19,2880.0,12805.0,1324.5,4829.0,2023.6666259765625,181.0,1413.0,698.9000244140625,1002.5,3750.0
2023-09-20,2799.0,12600.0,1301.0,4820.0,2044.3333740234375,180.60000610351562,1409.5,686.2999877929688,996.5,3738.0
2023-09-21,2785.5,12320.0,1318.0,4752.0,2007.6666259765625,180.0,1395.0,721.0999755859375,986.2000122070312,3752.0
2023-09-22,2788.5,12200.0,1331.0,4711.0,1965.6666259765625,181.1999969482422,1366.5,703.2999877929688,974.9000244140625,3718.0
2023-09-25,2761.5,12390.0,1297.5,4768.0,1993.6666259765625,181.5,1367.0,706.0,981.5,3717.0
2023-09-26,2716.5,12270.0,1310.0,4804.0,2001.3333740234375,181.3000030517578,1354.0,706.0999755859375,977.0,3713.0
2023-09-27,2748.0,12405.0,1313.0,4810.0,2001.0,183.1999969482422,1360.5,691.2000122070312,980.9000244140625,3676.0
2023-09-28,2706.0,12225.0,1297.5,4672.0,1988.0,179.10000610351562,1336.0,690.0999755859375,953.9000244140625,3640.0
2023-09-29,2677.5,12240.0,1268.5,4641.0,1951.6666259765625,176.60000610351562,1316.5,668.7999877929688,939.9000244140625,3505.0
2023-10-02,2687.0,12205.0,1288.0,4576.0,1925.0,175.0,1307.0,650.0,934.2000122070312,3500.0
2023-10-03,2605.0,12260.0,1275.0,4494.0,1904.0,175.0,1277.0,616.0,915.0999755859375,3395.0
2023-10-04,2477.5,12110.0,1206.5,4352.0,1891.6666259765625,171.3000030517578,1245.5,579.0,899.2999877929688,3236.0
2023-10-05,2590.0,12320.0,1255.0,4419.0,1919.3333740234375,174.0,1278.0,594.2000122070312,911.2999877929688,3329.0
2023-10-06,2572.0,12260.0,1239.0,4484.0,1929.6666259765625,173.10000610351562,1295.5,596.0,908.4000244140625,3326.0
2023-10-10,2624.5,12605.0,1260.0,4578.0,1956.0,176.5,1341.5,616.0,921.0999755859375,3392.0
2023-10-11,2651.0,12705.0,1253.5,4562.0,1934.0,176.3000030517578,1323.0,636.2999877929688,930.0,3295.0
2023-10-12,2740.0,13105.0,1263.0,4613.0,1919.3333740234375,175.89999389648438,1322.0,637.4000244140625,944.7999877929688,3268.0
2023-10-13,2687.5,12850.0,1237.5,4546.0,1833.3333740234375,175.89999389648438,1313.0,639.4000244140625,936.4000244140625,3217.0
2023-10-16,2660.0,12610.0,1236.5,4489.0,1775.6666259765625,172.1999969482422,1294.5,630.0999755859375,930.7000122070312,3221.0
2023-10-17,2681.0,12805.0,1240.0,4474.0,1766.3333740234375,173.39999389648438,1296.0,639.7000122070312,928.9000244140625,3217.0
2023-10-18,2669.0,12770.0,1256.5,4413.0,1780.3333740234375,172.3000030517578,1296.0,642.7999877929688,931.5999755859375,3271.0
2023-10-19,2645.0,12640.0,1238.5,4363.0,1786.3333740234375,173.3000030517578,1267.0,644.5,929.4000244140625,3214.0
2023-10-20,2617.0,12555.0,1235.0,4352.0,1742.3333740234375,173.60000610351562,1253.5,636.2000122070312,924.7000122070312,3219.0
2023-10-23,2610.0,12440.0,1223.5,4356.0,1743.0,173.3000030517578,1245.5,634.4000244140625,910.0,3144.0
2023-10-24,2597.5,12560.0,1215.5,4350.0,1758.6666259765625,173.5,1244.0,625.5999755859375,916.9000244140625,3199.0
2023-10-25,2640.0,12600.0,1238.5,4352.0,1799.0,174.8000030517578,1257.0,630.7000122070312,913.7999877929688,3207.0
2023-10-26,2594.5,12245.0,1226.5,4347.0,1804.6666259765625,173.5,1265.5,638.5,910.4000244140625,3181.0
2023-10-27,2638.5,12120.0,1254.5,4070.0,1819.3333740234375,175.39999389648438,1289.5,644.0999755859375,927.0999755859375,3253.0
2023-10-30,2574.0,12220.0,1230.0,3988.0,1782.0,173.6999969482422,1278.0,640.4000244140625,918.2999877929688,3248.0
2023-10-31,2590.0,12425.0,1257.0,4063.0,1831.0,176.8000030517578,1288.0,637.0,923.4000244140625,3232.0
2023-11-01,2712.0,12795.0,1292.5,4123.0,1833.3333740234375,178.3000030517578,1331.0,643.5999755859375,938.5999755859375,3318.0
2023-11-02,2760.0,12850.0,1294.0,4150.0,1839.3333740234375,177.60000610351562,1333.0,675.0,935.4000244140625,3202.0
2023-11-06,2846.0,13085.0,1269.5,4131.0,1873.3333740234375,176.89999389648438,1358.5,690.5999755859375,953.7000122070312,3250.0
2023-11-07,2832.0,13155.0,1260.0,4154.0,1873.3333740234375,174.89999389648438,1290.0,663.7000122070312,994.5999755859375,3285.0
2023-11-08,2757.0,13345.0,1207.5,4167.0,1879.6666259765625,168.3000030517578,1257.5,642.2999877929688,1003.5,3164.0
2023-11-09,2817.5,13240.0,1222.5,4157.0,1898.0,169.6999969482422,1281.5,653.7999877929688,1005.5,3209.0
2023-11-10,2803.0,12970.0,1244.5,4153.0,1896.3333740234375,172.8000030517578,1302.0,656.2999877929688,1008.0,3253.0
2023-11-13,2817.0,12655.0,1253.0,4131.0,1886.3333740234375,174.10000610351562,1306.5,662.2999877929688,1001.5,3274.0
2023-11-14,2843.5,12590.0,1284.0,4155.0,1919.3333740234375,174.8000030517578,1324.5,664.4000244140625,1012.5,3294.0
2023-11-15,2860.0,13220.0,1259.0,4162.0,1953.6666259765625,172.1999969482422,1313.5,660.0,1020.0,3314.0
2023-11-16,2879.0,13205.0,1264.0,4148.0,1908.6666259765625,172.0,1302.0,652.7999877929688,1007.5,3375.0
2023-11-17,2892.5,13085.0,1264.0,4215.0,1927.3333740234375,175.39999389648438,1316.0,662.0,1025.5,3440.0
2023-11-20,2780.0,12930.0,1276.0,4190.0,1887.6666259765625,173.5,1276.0,665.9000244140625,1007.0,3401.0
2023-11-21,2735.0,12895.0,1255.0,4176.0,1889.0,173.89999389648438,1276.5,649.0,1010.5,3394.0
2023-11-22,2728.5,13015.0,1264.5,4185.0,1894.6666259765625,173.10000610351562,1282.0,652.0999755859375,1018.0,3445.0
2023-11-24,2803.0,12850.0,1265.5,4203.0,1915.0,172.39999389648438,1303.5,646.5999755859375,1029.5,3469.0
2023-11-27,2770.0,12810.0,1294.5,4206.0,1931.6666259765625,173.3000030517578,1285.0,639.9000244140625,1023.0,3485.0
2023-11-28,2755.0,12825.0,1290.0,4197.0,1906.3333740234375,173.3000030517578,1281.5,636.9000244140625,1017.5,3514.0
2023-11-29,2802.5,12735.0,1253.5,4130.0,1833.3333740234375,172.0,1249.0,628.2000122070312,1026.5,3414.0
2023-11-30,2794.5,12820.0,1255.0,4165.0,1831.6666259765625,173.10000610351562,1247.5,630.9000244140625,1026.5,3457.0
2023-12-01,2833.0,12720.0,1273.0,4171.0,1929.0,173.1999969482422,1262.0,638.5999755859375,1019.5,3479.0
2023-12-04,2767.5,12550.0,1244.0,4132.0,1923.3333740234375,171.5,1232.5,645.0,1006.5,3491.0
2023-12-05,2753.5,12630.0,1236.5,4137.0,1923.3333740234375,170.8000030517578,1224.5,640.2999877929688,1007.5,3433.0
2023-12-06,2827.0,13130.0,1244.0,4143.0,1960.3333740234375,173.3000030517578,1261.5,692.0,1010.5,3476.0
2023-12-07,2794.5,12915.0,1254.0,4101.0,1913.6666259765625,172.60000610351562,1238.0,765.0,1007.5,3402.0
2023-12-08,2680.5,12770.0,1257.0,4058.0,1910.0,170.5,1225.0,777.7999877929688,1014.5,3301.0
2023-12-11,2705.5,13015.0,1280.5,4110.0,1930.0,172.0,1245.5,891.5999755859375,1020.0,3332.0
2023-12-12,2681.5,13040.0,1260.0,4093.0,1943.0,171.89999389648438,1237.0,833.7000122070312,1009.0,3305.0
2023-12-13,2673.5,13100.0,1272.0,4070.0,1916.6666259765625,171.89999389648438,1217.0,816.9000244140625,1023.5,3266.0
2023-12-14,2571.5,12960.0,1227.0,4019.0,1897.0,170.3000030517578,1198.5,777.5999755859375,1012.5,3174.0
2023-12-15,2600.5,13365.0,1204.5,3995.0,1829.0,169.8000030517578,1211.0,751.9000244140625,1017.5,3274.0
2023-12-18,2619.5,13075.0,1198.5,3929.0,1793.6666259765625,168.89999389648438,1187.0,735.7999877929688,1013.5,3239.0
2023-12-19,2640.5,13130.0,1185.0,3949.0,1805.3333740234375,169.0,1185.5,734.0,1009.5,3148.0
2023-12-20,2644.0,13155.0,1187.5,3996.0,1830.0,169.3000030517578,1187.5,725.7999877929688,1023.0,3199.0
2023-12-21,2537.5,13075.0,1181.5,4000.0,1828.0,170.5,1180.0,725.5,1038.5,3161.0
2023-12-22,2516.0,12985.0,1216.0,3998.0,1850.0,171.89999389648438,1198.5,736.2000122070312,1040.0,3197.0
2023-12-25,2537.0,13120.0,1207.0,4021.0,1853.3333740234375,171.3000030517578,1210.5,728.0999755859375,1034.5,3146.0
2023-12-26,2541.0,13150.0,1203.5,4011.0,1851.0,170.8000030517578,1216.0,733.0999755859375,1029.0,3144.0
2023-12-27,2583.0,13340.0,1209.5,4025.0,1868.0,171.60000610351562,1231.0,735.0,1040.0,3188.0
2023-12-28,2556.0,13375.0,1203.5,4047.0,1865.0,171.89999389648438,1218.5,736.7000122070312,1041.5,3240.0
2023-12-29,2590.5,13410.0,1211.5,4054.0,1865.0,172.3000030517578,1220.0,738.5,1039.0,3230.0
