Date,BARC.L,BP.L,BHP.L,AZN.L,VOD.L,TSCO.L,RR.L,NG.L,ULVR.L,BBY.L
2022-01-04,196.66000366210938,351.0,2221.0,8473.0,115.31999969482422,293.95001220703125,127.08000183105469,1078.0,3996.0,271.20001220703125
2022-01-05,197.9199981689453,354.79998779296875,2267.0,8460.0,114.30000305175781,296.70001220703125,128.5399932861328,1063.5999755859375,3959.0,273.6000061035156
2022-01-06,200.4499969482422,355.1499938964844,2245.0,8356.0,113.9800033569336,292.29998779296875,126.27999877929688,1054.4000244140625,3917.5,273.20001220703125
2022-01-07,205.25,362.54998779296875,2305.5,8399.0,114.5999984741211,289.04998779296875,127.13999938964844,1053.800048828125,3934.5,270.20001220703125
2022-01-10,207.89999389648438,363.04998779296875,2261.0,8334.0,117.45999908447266,292.45001220703125,127.66000366210938,1053.4000244140625,3966.5,265.79998779296875
2022-01-11,207.0,,2273.5,8476.0,116.0999984741211,292.29998779296875,127.0,1049.800048828125,3942.0,265.20001220703125
2022-01-12,211.8000030517578,381.45001220703125,2375.0,8479.0,117.0999984741211,292.25,126.87999725341797,1054.4000244140625,3902.0,264.20001220703125
2022-01-13,217.10000610351562,383.8999938964844,2401.5,8449.0,117.77999877929688,289.70001220703125,127.69999694824219,1066.5999755859375,3903.0,267.79998779296875
2022-01-14,215.5,388.70001220703125,2378.5,8544.0,118.27999877929688,285.0,125.23999786376953,1081.0,3936.5,265.79998779296875
2022-01-17,214.8000030517578,393.75,2412.5,8770.0,118.87999725341797,289.45001220703125,125.9000015258789,1080.5999755859375,3662.0,272.20001220703125
2022-01-18,209.8000030517578,395.75,2415.0,8727.0,121.5,289.54998779296875,125.66000366210938,1086.5999755859375,3516.5,275.6000061035156
2022-01-19,206.9499969482422,394.1000061035156,2473.5,8733.0,120.86000061035156,287.8500061035156,123.13999938964844,1089.0,3675.5,270.20001220703125
2022-01-20,205.5500030517578,389.1499938964844,2502.5,8842.0,119.91999816894531,287.29998779296875,123.72000122070312,1092.199951171875,3655.5,265.20001220703125
2022-01-21,199.24000549316406,382.25,2423.5,8752.0,117.54000091552734,288.75,119.72000122070312,1083.800048828125,3675.0,260.6000061035156
2022-01-24,190.36000061035156,364.1000061035156,2333.5,8316.0,122.86000061035156,288.20001220703125,113.0,1079.0,3943.5,253.60000610351562
2022-01-25,196.6999969482422,379.6499938964844,2328.5,8459.0,125.5199966430664,291.45001220703125,115.83999633789062,1081.199951171875,3936.0,253.1999969482422
2022-01-26,202.1999969482422,394.1000061035156,2398.0,8481.0,124.22000122070312,295.79998779296875,117.68000030517578,1074.199951171875,3831.0,253.39999389648438
2022-01-27,203.5500030517578,392.5,2443.0,8836.0,126.08000183105469,300.0,115.5,1097.199951171875,3847.5,255.39999389648438
2022-01-28,196.8800048828125,385.45001220703125,2382.5,8767.0,127.62000274658203,303.3999938964844,113.0199966430664,1092.0,3786.5,253.8000030517578
2022-01-31,197.22000122070312,382.79998779296875,2091.587890625,8617.0,130.02000427246094,297.0,114.5,1079.5999755859375,3787.5,251.60000610351562
2022-02-01,201.10000610351562,393.29998779296875,2113.421630859375,8509.0,127.95999908447266,300.0,117.22000122070312,1092.5999755859375,3749.0,255.60000610351562
2022-02-02,203.0500030517578,389.54998779296875,2143.27587890625,8582.0,132.32000732421875,302.0,115.19999694824219,1104.800048828125,3782.5,259.0
2022-02-03,204.4499969482422,392.3999938964844,2152.187744140625,8358.0,133.5800018310547,297.04998779296875,116.66000366210938,1097.0,3803.5,257.79998779296875
2022-02-04,200.60000610351562,405.8999938964844,2156.6435546875,8282.0,134.22000122070312,295.54998779296875,113.5999984741211,1074.4000244140625,3815.0,251.60000610351562
2022-02-07,205.0,408.6499938964844,2246.65234375,8348.0,137.39999389648438,291.3999938964844,115.58000183105469,1074.4000244140625,3858.5,248.60000610351562
2022-02-08,206.1999969482422,399.0,2241.30517578125,8284.0,137.22000122070312,291.6499938964844,117.22000122070312,1078.0,3876.5,250.0
2022-02-09,208.0,410.29998779296875,2253.336181640625,8364.0,139.5399932861328,293.70001220703125,119.86000061035156,1080.0,3828.5,253.8000030517578
2022-02-10,208.64999389648438,410.70001220703125,2312.153564453125,8650.0,138.44000244140625,297.0,122.72000122070312,1091.0,3779.0,249.8000030517578
2022-02-11,206.10000610351562,417.20001220703125,2257.7919921875,8510.0,138.89999389648438,298.1499938964844,120.9000015258789,1095.800048828125,3914.5,249.1999969482422
2022-02-14,195.55999755859375,400.6499938964844,2243.087646484375,8381.0,136.5399932861328,295.3999938964844,117.69999694824219,1075.0,3810.0,244.8000030517578
2022-02-15,198.4600067138672,397.3500061035156,2208.331787109375,8865.0,138.89999389648438,299.20001220703125,120.31999969482422,1076.0,3835.0,245.60000610351562
2022-02-16,196.0,403.75,2251.108154296875,8916.0,139.5,294.75,121.72000122070312,1080.800048828125,3818.0,247.1999969482422
2022-02-17,192.63999938964844,397.8999938964844,2230.16552734375,8918.0,137.9600067138672,293.70001220703125,118.0199966430664,1078.5999755859375,3799.5,242.39999389648438
2022-02-18,191.16000366210938,391.3999938964844,2276.9521484375,8801.0,137.5800018310547,294.20001220703125,117.05999755859375,1089.5999755859375,3857.5,242.8000030517578
2022-02-21,191.44000244140625,388.3999938964844,2265.366943359375,9150.0,135.9600067138672,287.6000061035156,114.72000122070312,1079.4000244140625,3850.0,241.60000610351562
2022-02-22,190.16000366210938,386.5,2264.92138671875,9012.0,136.44000244140625,287.6000061035156,118.0199966430664,1071.800048828125,3793.0,238.60000610351562
2022-02-23,195.97999572753906,382.8999938964844,2256.90087890625,9008.0,135.5800018310547,290.8500061035156,117.69999694824219,1080.0,3844.0,237.0
2022-02-24,179.39999389648438,365.3500061035156,2098.271484375,8582.0,130.10000610351562,279.6499938964844,102.37999725341797,1052.5999755859375,3634.0,231.1999969482422
2022-02-25,188.89999389648438,378.5,2203.430419921875,8995.0,133.5800018310547,286.54998779296875,106.08000183105469,1100.5999755859375,3739.0,237.1999969482422
2022-02-28,182.8800048828125,363.54998779296875,2245.760986328125,9059.0,131.44000244140625,289.75,103.5,1130.800048828125,3746.5,239.8000030517578
2022-03-01,173.22000122070312,357.1000061035156,2273.8330078125,9224.0,128.9199981689453,283.95001220703125,92.0,1138.199951171875,3685.0,232.0
2022-03-02,176.9600067138672,374.3999938964844,2373.19921875,9318.0,129.83999633789062,282.6499938964844,98.2300033569336,1127.5999755859375,3646.5,236.60000610351562
2022-03-03,168.94000244140625,358.45001220703125,2423.550537109375,8920.0,128.0,281.3999938964844,95.0,1110.5999755859375,3563.5,230.0
2022-03-04,156.8000030517578,348.1499938964844,2402.60791015625,8679.0,123.45999908447266,275.3500061035156,90.2300033569336,1107.800048828125,3410.5,219.39999389648438
2022-03-07,151.6199951171875,361.5,2456.52392578125,8651.0,120.91999816894531,272.79998779296875,88.20999908447266,1112.4000244140625,3328.0,215.60000610351562
2022-03-08,,380.0,2388.34912109375,8747.0,116.45999908447266,266.04998779296875,91.37999725341797,1114.0,3336.5,220.8000030517578
2022-03-09,161.8000030517578,371.54998779296875,2362.059326171875,9121.0,119.94000244140625,274.79998779296875,94.37999725341797,1137.800048828125,3434.0,231.8000030517578
2022-03-10,157.77999877929688,,2386.566650390625,9219.0,118.4800033569336,274.1000061035156,91.7300033569336,1133.4000244140625,3364.5,243.39999389648438
2022-03-11,161.10000610351562,360.3999938964844,2361.61376953125,9275.0,119.5,272.75,93.51000213623047,1113.4000244140625,3391.5,248.1999969482422
2022-03-14,170.0,356.5,2249.32568359375,9396.0,121.77999877929688,276.95001220703125,93.77999877929688,1123.199951171875,3423.0,261.79998779296875
2022-03-15,168.16000366210938,361.0,2203.430419921875,9383.0,122.08000183105469,278.5,92.2699966430664,1155.4000244140625,3381.5,258.6000061035156
2022-03-16,175.16000366210938,360.6499938964844,2261.80224609375,9416.0,124.33999633789062,277.6499938964844,94.37999725341797,1119.0,3411.5,265.0
2022-03-17,171.72000122070312,368.04998779296875,2293.884521484375,9561.0,125.95999908447266,277.3999938964844,94.18000030517578,1138.800048828125,3439.5,266.79998779296875
2022-03-18,170.5800018310547,360.3999938964844,2303.6875,9536.0,127.63999938964844,278.75,93.18000030517578,1132.199951171875,3420.5,267.79998779296875
2022-03-21,168.5,375.0,2418.64892578125,9629.0,127.9800033569336,277.3500061035156,93.0999984741211,1129.4000244140625,3405.5,261.6000061035156
2022-03-22,172.86000061035156,371.29998779296875,2376.763916015625,9574.0,127.0,279.0,94.79000091552734,1119.800048828125,3439.5,263.6000061035156
2022-03-23,170.0,387.8999938964844,2442.26513671875,9730.0,124.26000213623047,276.1000061035156,92.05999755859375,1108.0,3385.0,263.3999938964844
2022-03-24,168.33999633789062,389.20001220703125,2496.626953125,9836.0,124.83999633789062,275.04998779296875,92.30000305175781,1119.800048828125,3370.0,262.20001220703125
2022-03-25,167.3000030517578,391.70001220703125,2530.491455078125,9843.0,125.31999969482422,275.75,110.13999938964844,1126.5999755859375,3386.5,263.3999938964844
2022-03-28,160.47999572753906,380.8999938964844,2551.43408203125,9894.0,125.58000183105469,280.25,98.37999725341797,1132.5999755859375,3427.5,262.20001220703125
2022-03-29,156.44000244140625,371.3500061035156,2546.978271484375,10046.0,126.55999755859375,280.25,102.37999725341797,1146.4000244140625,3530.0,262.79998779296875
2022-03-30,151.44000244140625,382.75,2659.266357421875,10160.0,129.4199981689453,282.8500061035156,103.05999755859375,1167.4000244140625,3548.0,258.79998779296875
2022-03-31,148.3000030517578,375.3500061035156,2630.748779296875,10132.0,124.83999633789062,276.0,101.0999984741211,1172.4000244140625,3455.0,257.0
2022-04-01,147.0399932861328,378.95001220703125,2690.45751953125,10076.0,126.4000015258789,279.0,99.37000274658203,1163.0,3508.0,256.79998779296875
2022-04-04,146.3000030517578,377.6000061035156,2672.6337890625,10142.0,126.0,275.8999938964844,100.36000061035156,1169.0,3520.0,256.79998779296875
2022-04-05,147.0,382.8999938964844,2641.888427734375,10334.0,125.4800033569336,274.70001220703125,98.66000366210938,1211.0,3536.5,252.1999969482422
2022-04-06,143.33999633789062,380.8500061035156,2635.20458984375,10462.0,127.9800033569336,272.70001220703125,96.45999908447266,1221.5,3497.5,254.1999969482422
2022-04-07,140.5800018310547,377.3999938964844,2617.82666015625,10668.0,126.83999633789062,272.70001220703125,94.75,1216.0,3503.0,255.39999389648438
2022-04-08,144.60000610351562,391.5,2674.416259765625,10930.0,129.27999877929688,271.29998779296875,94.27999877929688,1226.0,3537.5,259.0
2022-04-11,144.94000244140625,386.6499938964844,2590.645751953125,10858.0,130.82000732421875,275.20001220703125,95.0,1219.5,3490.5,262.79998779296875
2022-04-12,143.25999450683594,395.95001220703125,2646.789794921875,10504.0,130.66000366210938,270.6000061035156,89.79000091552734,1194.0,3432.0,261.20001220703125
2022-04-13,144.25999450683594,397.3500061035156,2660.157470703125,10510.0,131.67999267578125,265.20001220703125,90.02999877929688,1185.0,3436.5,260.79998779296875
2022-04-14,145.86000061035156,399.45001220703125,2665.50439453125,10536.0,132.13999938964844,266.29998779296875,93.43000030517578,1183.5,3429.0,260.20001220703125
2022-04-19,145.6999969482422,401.04998779296875,2652.136962890625,10500.0,130.3800048828125,270.29998779296875,95.5,1168.0,3421.5,260.6000061035156
2022-04-20,148.8800048828125,401.1499938964844,2575.05029296875,10470.0,128.4600067138672,266.5,93.41999816894531,1180.5,3468.5,261.6000061035156
2022-04-21,150.05999755859375,403.1499938964844,2511.77685546875,10504.0,128.5,265.1000061035156,96.5999984741211,1162.5,3515.0,261.6000061035156
2022-04-22,146.6999969482422,393.1499938964844,2406.6181640625,10280.0,127.63999938964844,265.6000061035156,91.56999969482422,1172.5,3541.0,256.20001220703125
2022-04-25,144.17999267578125,368.8500061035156,2254.6728515625,10234.0,126.72000122070312,268.6000061035156,86.83000183105469,1181.0,3606.5,251.0
2022-04-26,142.97999572753906,379.45001220703125,2293.43896484375,10332.0,127.69999694824219,270.20001220703125,84.11000061035156,1202.0,3642.0,248.1999969482422
2022-04-27,141.9199981689453,378.3999938964844,2386.12109375,10512.0,125.9000015258789,273.6000061035156,82.37999725341797,1209.0,3577.5,245.0
2022-04-28,146.3000030517578,388.04998779296875,2407.50927734375,10562.0,127.04000091552734,272.29998779296875,83.30999755859375,1225.5,3675.0,246.1999969482422
2022-04-29,148.1999969482422,391.54998779296875,2428.451904296875,10688.0,121.54000091552734,272.0,83.29000091552734,1194.0,3719.0,242.8000030517578
2022-05-03,151.0,414.25,2430.679931640625,10684.0,123.66000366210938,276.70001220703125,84.19999694824219,1194.5,3658.5,243.60000610351562
2022-05-04,150.55999755859375,415.8999938964844,2374.535888671875,10506.0,122.9000015258789,271.70001220703125,83.22000122070312,1183.5,3622.0,243.8000030517578
2022-05-05,149.82000732421875,418.8999938964844,2370.080078125,10512.0,123.45999908447266,271.70001220703125,81.73999786376953,1200.5,3630.0,239.39999389648438
2022-05-06,148.63999938964844,426.6499938964844,2368.297607421875,10322.0,120.41999816894531,271.3999938964844,80.30999755859375,1179.5,3597.0,235.0
2022-05-09,145.97999572753906,404.79998779296875,2263.138916015625,10140.0,118.72000122070312,275.5,78.5,1179.0,3636.0,233.0
2022-05-10,143.63999938964844,404.95001220703125,2244.42431640625,10246.0,118.73999786376953,277.20001220703125,78.25,1187.5,3700.5,236.60000610351562
2022-05-11,147.3000030517578,419.8999938964844,2326.85791015625,10026.0,118.86000061035156,275.8999938964844,80.5,1199.0,3690.5,241.0
2022-05-12,145.94000244140625,400.1499938964844,2259.128662109375,9965.0,118.72000122070312,274.1000061035156,81.37999725341797,1191.0,3688.5,240.39999389648438
2022-05-13,150.36000061035156,414.70001220703125,2313.490478515625,10286.0,117.81999969482422,281.20001220703125,83.8499984741211,1220.0,3747.0,245.60000610351562
2022-05-16,151.6999969482422,418.3500061035156,2296.55810546875,10466.0,120.05999755859375,286.70001220703125,80.68000030517578,1228.5,3732.5,250.0
2022-05-17,155.86000061035156,421.25,2341.5625,10488.0,120.30000305175781,278.29998779296875,81.20999908447266,1237.0,3666.0,250.0
2022-05-18,155.1999969482422,,2304.133056640625,10244.0,118.05999755859375,266.1000061035156,84.77999877929688,1245.5,3626.0,252.1999969482422
2022-05-19,153.27999877929688,412.70001220703125,2316.163818359375,10250.0,118.45999908447266,255.10000610351562,83.02999877929688,1207.0,3451.5,250.60000610351562
2022-05-20,152.72000122070312,417.20001220703125,2383.001953125,10494.0,121.0999984741211,260.29998779296875,83.30999755859375,1210.5,3516.5,252.60000610351562
2022-05-23,157.74000549316406,428.79998779296875,2425.332763671875,10600.0,126.0999984741211,261.8999938964844,83.13999938964844,1225.0,3539.0,255.8000030517578
2022-05-24,162.77999877929688,423.6000061035156,2425.332763671875,10598.0,128.83999633789062,258.29998779296875,80.08000183105469,1223.0,3541.0,256.0
2022-05-25,163.8800048828125,427.8500061035156,2435.5,10600.0,130.22000122070312,255.3000030517578,83.5199966430664,1227.0,3493.0,260.20001220703125
2022-05-26,167.67999267578125,435.25,2421.0,10546.0,131.4199981689453,258.0,86.44000244140625,1186.5,3488.0,260.0
2022-05-27,170.3800048828125,430.6499938964844,2506.5,10580.0,130.13999938964844,258.5,86.91000366210938,1164.0,3475.5,261.6000061035156
2022-05-30,171.22000122070312,433.5,2544.5,10468.0,129.32000732421875,259.20001220703125,88.98999786376953,1162.5,3495.5,262.6000061035156
2022-05-31,169.05999755859375,434.25,2515.0,10454.0,130.5800018310547,259.0,86.69000244140625,1171.0,3825.0,260.3999938964844
2022-06-01,167.8000030517578,431.29998779296875,2550.0,10442.0,126.69999694824219,258.8999938964844,88.7300033569336,1121.0,3705.0,261.6000061035156
2022-06-06,171.36000061035156,440.45001220703125,2658.5,10072.0,126.0,260.5,92.91999816894531,1127.5,3718.0,266.79998779296875
2022-06-07,169.0,446.5,2709.5,10230.0,126.0,258.0,91.86000061035156,1106.5,3696.0,268.0
2022-06-08,168.55999755859375,451.3999938964844,2704.5,10310.0,124.4800033569336,259.70001220703125,92.38999938964844,1094.5,3677.5,267.0
2022-06-09,165.9199981689453,448.29998779296875,2632.0,10056.0,126.0,252.1999969482422,91.69000244140625,1084.5,3638.0,268.3999938964844
2022-06-10,159.8000030517578,437.45001220703125,2558.0,9851.0,125.45999908447266,250.10000610351562,87.98999786376953,1082.0,3639.5,264.3999938964844
2022-06-13,156.0800018310547,426.29998779296875,2503.0,9777.0,126.0,246.10000610351562,86.16999816894531,1078.0,3628.5,260.20001220703125
2022-06-14,156.75999450683594,434.95001220703125,2498.5,9750.0,125.55999755859375,246.6999969482422,87.91999816894531,1050.5,3609.5,260.0
2022-06-15,160.75999450683594,427.3999938964844,2541.5,9856.0,126.12000274658203,251.1999969482422,90.69000244140625,1058.0,3627.0,257.6000061035156
2022-06-16,153.63999938964844,404.3999938964844,2439.0,9760.0,125.5999984741211,249.6999969482422,87.08999633789062,1043.5,3553.5,248.39999389648438
2022-06-17,155.9199981689453,379.45001220703125,2358.5,9924.0,127.0,251.6999969482422,87.70999908447266,1033.5,3593.0,248.0
2022-06-20,160.1199951171875,391.5,2321.0,10054.0,127.76000213623047,251.89999389648438,91.5,1038.0,3601.0,247.39999389648438
2022-06-21,160.4199981689453,395.3500061035156,2354.0,10128.0,127.76000213623047,249.8000030517578,90.83000183105469,1028.5,3603.5,249.1999969482422
2022-06-22,161.33999633789062,383.29998779296875,2263.5,10304.0,126.76000213623047,247.5,86.11000061035156,1033.0,3609.5,249.1999969482422
2022-06-23,154.0800018310547,375.6499938964844,2238.0,10380.0,126.5,246.60000610351562,81.8499984741211,1023.0,3626.5,250.60000610351562
2022-06-24,158.94000244140625,386.5,2275.5,10776.0,126.5,255.39999389648438,80.94000244140625,1051.0,3737.0,258.0
2022-06-27,158.63999938964844,391.6000061035156,2351.0,10806.0,127.22000122070312,254.39999389648438,81.80999755859375,1060.0,3734.0,259.79998779296875
2022-06-28,160.02000427246094,397.04998779296875,2388.0,10786.0,128.5800018310547,256.6000061035156,87.13999938964844,1070.0,3742.0,263.79998779296875
2022-06-29,156.75999450683594,397.70001220703125,2383.0,11054.0,126.5,258.29998779296875,84.19999694824219,1078.5,3758.5,261.20001220703125
2022-06-30,153.1199951171875,388.29998779296875,2297.0,10800.0,126.66000366210938,255.5,82.94999694824219,1052.0,3721.0,254.1999969482422
2022-07-01,153.1999969482422,384.5,2224.0,10754.0,127.36000061035156,254.8000030517578,86.08000183105469,1072.0,3800.0,256.6000061035156
2022-07-04,155.52000427246094,401.45001220703125,2244.0,10808.0,128.66000366210938,257.5,86.54000091552734,1076.5,3802.5,258.3999938964844
2022-07-05,147.47999572753906,373.29998779296875,2174.0,10800.0,127.0,255.5,79.12000274658203,1066.0,3802.0,251.8000030517578
2022-07-06,146.86000061035156,368.6499938964844,2164.5,10978.0,126.69999694824219,257.79998779296875,82.12000274658203,1084.0,3871.0,253.39999389648438
2022-07-07,151.02000427246094,385.25,2248.5,11004.0,127.44000244140625,257.1000061035156,85.26000213623047,1078.0,3825.5,259.79998779296875
2022-07-08,151.9600067138672,386.54998779296875,2205.5,11044.0,128.4600067138672,261.79998779296875,87.12999725341797,1068.5,3836.0,265.6000061035156
2022-07-11,151.0,384.6000061035156,2154.0,11154.0,128.6999969482422,259.8999938964844,86.73999786376953,1084.5,3852.0,263.79998779296875
2022-07-12,152.13999938964844,377.04998779296875,2127.5,11164.0,129.27999877929688,259.79998779296875,88.77999877929688,1089.0,3890.5,268.20001220703125
2022-07-13,149.22000122070312,377.20001220703125,2108.0,10980.0,129.10000610351562,256.79998779296875,88.58000183105469,1093.0,3874.0,257.20001220703125
2022-07-14,145.5399932861328,363.95001220703125,2034.0,10776.0,127.77999877929688,256.6000061035156,85.31999969482422,1097.0,3880.5,253.39999389648438
2022-07-15,150.3000030517578,373.1000061035156,2070.5,11110.0,129.0399932861328,258.8999938964844,89.79000091552734,1105.5,3908.0,257.79998779296875
2022-07-18,154.22000122070312,382.3500061035156,2135.0,11096.0,130.1199951171875,260.0,92.19000244140625,1106.5,3865.0,258.3999938964844
2022-07-19,158.22000122070312,385.6000061035156,2115.0,11232.0,131.0,262.29998779296875,93.8499984741211,1107.0,3943.0,260.0
2022-07-20,157.63999938964844,388.5,2105.0,10918.0,129.25999450683594,259.79998779296875,92.02999877929688,1101.0,3893.0,256.6000061035156
2022-07-21,158.9600067138672,383.8999938964844,2097.0,10794.0,129.60000610351562,261.1000061035156,92.3499984741211,1081.0,3889.0,262.0
2022-07-22,157.83999633789062,383.29998779296875,2156.0,10766.0,129.02000427246094,259.3999938964844,92.5999984741211,1103.5,3911.5,267.20001220703125
2022-07-25,160.72000122070312,386.70001220703125,2179.0,10810.0,129.02000427246094,264.79998779296875,91.94999694824219,1109.0,3916.5,272.0
2022-07-26,156.8800048828125,388.54998779296875,2180.5,11020.0,122.36000061035156,258.70001220703125,87.69000244140625,1123.0,4032.0,271.6000061035156
2022-07-27,157.66000366210938,393.1499938964844,2182.5,10962.0,121.0199966430664,261.1000061035156,87.37000274658203,1111.5,3995.5,275.3999938964844
2022-07-28,150.33999633789062,389.3999938964844,2218.5,10870.0,118.80000305175781,260.70001220703125,86.44000244140625,1114.5,3970.0,275.20001220703125
2022-07-29,157.17999267578125,400.0,2248.5,10844.0,120.80000305175781,262.6000061035156,89.2699966430664,1131.5,4003.5,280.6000061035156
2022-08-01,159.8000030517578,392.3500061035156,2209.0,10708.0,120.5,264.70001220703125,89.04000091552734,1119.0,3989.0,282.6000061035156
2022-08-02,160.02000427246094,403.3500061035156,2177.5,10780.0,120.72000122070312,265.70001220703125,87.80000305175781,1147.0,3996.0,281.20001220703125
2022-08-03,163.32000732421875,410.70001220703125,2192.0,10662.0,118.86000061035156,264.0,90.79000091552734,1133.5,4015.0,282.6000061035156
2022-08-04,162.47999572753906,408.0,2205.5,10720.0,118.63999938964844,263.5,82.6500015258789,1138.5,3988.5,281.0
2022-08-05,164.0,411.1499938964844,2246.5,10866.0,121.44000244140625,262.0,83.0,1122.0,3971.0,278.6000061035156
2022-08-08,166.0,416.29998779296875,2243.0,10714.0,121.0199966430664,262.1000061035156,86.69999694824219,1135.0,4002.0,281.6000061035156
2022-08-09,165.86000061035156,422.54998779296875,2225.0,10842.0,122.27999877929688,263.70001220703125,84.66000366210938,1152.5,3993.5,281.6000061035156
2022-08-10,169.75999450683594,421.25,2244.0,10818.0,121.22000122070312,267.0,85.55000305175781,1139.0,3948.5,286.79998779296875
2022-08-11,168.97999572753906,427.54998779296875,2266.5,10506.0,121.22000122070312,265.0,84.76000213623047,1132.0,3921.0,286.6000061035156
2022-08-12,171.60000610351562,430.54998779296875,2255.0,10712.0,121.58000183105469,263.3999938964844,85.01000213623047,1139.5,3905.5,286.3999938964844
2022-08-15,171.55999755859375,425.5,2237.5,10962.0,121.13999938964844,266.20001220703125,85.75,1151.5,3932.5,286.3999938964844
2022-08-16,170.5,426.5,2360.0,10968.0,123.22000122070312,267.8999938964844,85.9000015258789,1168.0,3921.5,289.20001220703125
2022-08-17,168.67999267578125,430.8999938964844,2346.0,11002.0,121.77999877929688,268.8999938964844,83.5,1165.0,3940.5,319.6000061035156
2022-08-18,168.5,442.0,2371.5,11014.0,121.55999755859375,270.70001220703125,83.5999984741211,1167.5,3938.0,325.0
2022-08-19,165.27999877929688,447.79998779296875,2387.0,11250.0,121.73999786376953,270.8999938964844,81.26000213623047,1168.5,4004.0,327.3999938964844
2022-08-22,163.0800018310547,449.0,2428.0,11440.0,119.87999725341797,270.3999938964844,80.4000015258789,1185.0,4006.0,319.79998779296875
2022-08-23,163.60000610351562,459.3999938964844,2475.0,11198.0,117.37999725341797,265.8999938964844,80.12999725341797,1154.5,3941.5,307.6000061035156
2022-08-24,162.6199951171875,452.95001220703125,2455.0,11350.0,116.27999877929688,259.3999938964844,80.30999755859375,1147.0,3991.0,313.20001220703125
2022-08-25,164.16000366210938,459.45001220703125,2500.0,11422.0,116.55999755859375,256.5,80.52999877929688,1136.0,3967.0,314.6000061035156
2022-08-26,162.10000610351562,457.79998779296875,2507.0,11364.0,115.08000183105469,252.6999969482422,78.4800033569336,1137.5,3935.0,312.0
2022-08-30,164.6999969482422,449.25,2398.5,10970.0,115.72000122070312,251.0,78.19999694824219,1124.5,3943.5,314.3999938964844
2022-08-31,164.5,441.5,2359.5,10644.0,115.68000030517578,248.6999969482422,77.0,1078.0,3925.5,315.20001220703125
2022-09-01,161.39999389648438,441.20001220703125,2153.0,10576.0,112.18000030517578,244.1999969482422,71.30999755859375,1075.0,3879.0,314.0
2022-09-02,168.63999938964844,453.70001220703125,2207.5,10618.0,113.83999633789062,247.6999969482422,75.06999969482422,1074.0,3906.0,318.6000061035156
2022-09-05,166.5,463.3500061035156,2227.5,10648.0,112.33999633789062,249.60000610351562,74.12000274658203,1090.5,3880.0,325.79998779296875
2022-09-06,167.8800048828125,452.70001220703125,2183.5,10514.0,113.18000030517578,255.89999389648438,76.70999908447266,1079.0,3917.0,328.6000061035156
2022-09-07,164.10000610351562,441.25,2120.5,10400.0,110.18000030517578,249.3000030517578,76.75,1072.5,3925.5,328.6000061035156
2022-09-08,166.25999450683594,443.04998779296875,2182.0,10512.0,107.9000015258789,237.39999389648438,78.27999877929688,1066.0,3911.5,332.0
2022-09-09,168.83999633789062,450.79998779296875,2280.0,10500.0,108.4800033569336,239.89999389648438,78.44000244140625,1071.0,3953.0,334.0
2022-09-12,173.9600067138672,457.8500061035156,2327.5,10622.0,110.55999755859375,253.10000610351562,80.66999816894531,1078.0,4020.5,340.3999938964844
2022-09-13,171.94000244140625,461.54998779296875,2301.0,10328.0,109.0999984741211,245.3000030517578,78.2699966430664,1080.0,4017.5,339.3999938964844
2022-09-14,169.89999389648438,462.29998779296875,2248.0,10152.0,107.12000274658203,237.3000030517578,75.16000366210938,1053.5,3965.5,338.79998779296875
2022-09-15,172.24000549316406,456.54998779296875,2252.5,10130.0,109.23999786376953,232.0,76.86000061035156,1034.5,3969.5,339.20001220703125
2022-09-16,171.13999938964844,452.04998779296875,2237.0,10122.0,108.36000061035156,231.5,75.7699966430664,1036.0,3944.0,334.3999938964844
2022-09-20,170.9199981689453,452.5,2260.0,10076.0,106.37999725341797,224.10000610351562,75.81999969482422,1019.0,3977.5,331.6000061035156
2022-09-21,167.8000030517578,455.54998779296875,2249.5,10090.0,108.77999877929688,225.8000030517578,74.31999969482422,1037.0,4052.5,336.3999938964844
2022-09-22,166.25999450683594,458.25,2270.5,9934.0,108.86000061035156,227.0,73.2699966430664,1027.0,4054.5,329.6000061035156
2022-09-23,161.86000061035156,433.1000061035156,2222.0,10016.0,108.12000274658203,220.1999969482422,71.87999725341797,1013.0,4026.5,326.3999938964844
2022-09-26,157.5970001220703,430.10101318359375,2191.22705078125,10146.0,106.66000366210938,217.60000610351562,72.66999816894531,988.2000122070312,4075.618896484375,321.79998779296875
2022-09-27,155.83999633789062,431.1000061035156,2251.0,9923.0,105.55999755859375,216.10000610351562,69.2300033569336,948.2000122070312,4078.5,316.6000061035156
2022-09-28,151.0800018310547,435.8999938964844,2287.5,10076.0,105.12000274658203,211.5,66.69999694824219,969.4000244140625,4065.0,313.0
2022-09-29,144.66000366210938,432.04998779296875,2289.0,9933.0,101.83999633789062,200.3000030517578,68.26000213623047,937.4000244140625,4080.5,303.20001220703125
2022-09-30,144.3000030517578,433.1000061035156,2276.5,9944.0,101.12000274658203,206.8000030517578,69.58999633789062,931.0,3969.0,306.3999938964844
2022-10-03,145.0800018310547,442.70001220703125,2283.0,9806.0,103.72000122070312,208.89999389648438,69.7699966430664,933.4000244140625,3876.5,307.20001220703125
2022-10-04,150.74000549316406,454.5,2337.0,9958.0,104.9800033569336,210.0,74.47000122070312,931.4000244140625,3963.0,312.20001220703125
2022-10-05,147.6199951171875,460.20001220703125,2319.5,9944.0,102.58000183105469,201.3000030517578,73.91999816894531,924.7999877929688,3947.5,309.3999938964844
2022-10-06,144.8000030517578,460.3500061035156,2313.0,9838.0,101.5999984741211,199.60000610351562,71.29000091552734,909.5999755859375,3932.0,305.3999938964844
2022-10-07,143.47999572753906,469.1000061035156,2322.5,10030.0,100.5199966430664,200.6999969482422,70.5999984741211,908.0,3927.5,308.0
2022-10-10,143.24000549316406,462.45001220703125,2317.5,9826.0,101.4800033569336,206.10000610351562,68.88999938964844,900.7999877929688,3910.0,311.20001220703125
2022-10-11,140.16000366210938,452.6000061035156,2268.0,9825.0,101.30000305175781,207.0,69.48999786376953,883.7999877929688,3945.5,310.6000061035156
2022-10-12,135.67999267578125,449.3500061035156,2235.5,9935.0,98.94999694824219,199.14999389648438,66.23999786376953,858.4000244140625,3933.0,296.20001220703125
2022-10-13,142.5399932861328,458.25,2211.0,9780.0,99.38999938964844,200.89999389648438,70.01000213623047,860.5999755859375,3838.0,303.20001220703125
2022-10-14,142.82000732421875,455.04998779296875,2181.0,9818.0,99.58999633789062,202.10000610351562,70.05000305175781,871.2000122070312,3882.0,299.6000061035156
2022-10-17,145.39999389648438,449.45001220703125,2190.0,9862.0,100.0199966430664,205.6999969482422,71.56999969482422,906.0,3858.5,306.79998779296875
2022-10-18,147.5,445.25,2159.0,9844.0,99.61000061035156,204.60000610351562,74.27999877929688,902.7999877929688,3893.5,307.79998779296875
2022-10-19,144.3000030517578,455.25,2174.0,9809.0,101.16000366210938,205.0,74.0,904.4000244140625,3899.5,302.79998779296875
2022-10-20,145.33999633789062,460.95001220703125,2159.5,9656.0,98.72000122070312,207.39999389648438,73.1500015258789,899.4000244140625,3909.5,302.20001220703125
2022-10-21,145.0399932861328,464.45001220703125,2200.0,9720.0,98.58999633789062,209.1999969482422,73.58000183105469,900.5999755859375,3943.5,294.6000061035156
2022-10-24,148.94000244140625,470.0,2186.5,9782.0,99.58000183105469,210.8000030517578,73.5,921.0,3921.5,295.79998779296875
2022-10-25,150.22000122070312,465.6000061035156,2174.5,9753.0,98.66999816894531,211.0,73.69000244140625,940.0,3926.5,297.0
2022-10-26,149.82000732421875,466.0,2228.0,10034.0,98.7699966430664,212.1999969482422,74.47000122070312,928.2000122070312,3869.0,299.3999938964844
2022-10-27,150.25999450683594,481.8999938964844,2158.0,9951.0,98.66999816894531,212.8000030517578,76.33999633789062,940.2000122070312,3865.0,297.6000061035156
2022-10-28,146.44000244140625,472.95001220703125,2052.0,10124.0,99.80999755859375,212.6999969482422,76.98999786376953,948.2000122070312,3918.0,296.3999938964844
2022-10-31,147.75999450683594,479.79998779296875,2076.5,10254.0,101.63999938964844,215.10000610351562,78.1500015258789,948.4000244140625,3974.5,298.6000061035156
2022-11-01,150.33999633789062,486.45001220703125,2161.5,10346.0,102.55999755859375,217.8000030517578,81.5,962.7999877929688,3947.5,300.3999938964844
2022-11-02,150.10000610351562,484.3500061035156,2146.0,10520.0,103.31999969482422,216.8000030517578,83.05999755859375,965.4000244140625,3949.0,299.0
2022-11-03,149.52000427246094,493.5,2159.5,10682.0,102.44000244140625,223.0,80.16000366210938,963.5999755859375,3995.5,294.6000061035156
2022-11-04,153.52000427246094,499.95001220703125,2326.0,10742.0,104.76000213623047,223.1999969482422,85.11000061035156,967.4000244140625,4053.5,297.6000061035156
2022-11-07,152.60000610351562,501.79998779296875,2312.0,10646.0,104.72000122070312,227.6999969482422,86.3499984741211,955.7999877929688,4032.0,299.6000061035156
2022-11-08,154.17999267578125,485.70001220703125,2316.0,10660.0,106.23999786376953,230.3000030517578,88.44000244140625,978.0,4056.5,299.20001220703125
2022-11-09,154.39999389648438,482.1000061035156,2324.5,10846.0,104.0999984741211,228.3000030517578,88.62000274658203,986.5999755859375,4070.0,302.20001220703125
2022-11-10,157.0,470.75,2320.0,11158.0,105.76000213623047,227.89999389648438,85.95999908447266,1018.0,4043.0,310.3999938964844
2022-11-11,158.22000122070312,478.3999938964844,2441.0,10598.0,103.72000122070312,228.1999969482422,89.30999755859375,997.2000122070312,3939.5,303.3999938964844
2022-11-14,157.6199951171875,480.5,2496.0,10868.0,104.16000366210938,230.39999389648438,91.5999984741211,1009.0,4032.5,300.79998779296875
2022-11-15,157.22000122070312,477.04998779296875,2514.0,10800.0,95.88999938964844,227.39999389648438,91.11000061035156,1003.0,4033.5,300.3999938964844
2022-11-16,154.39999389648438,481.3500061035156,2487.0,10748.0,97.16000366210938,225.89999389648438,87.22000122070312,1011.0,4064.5,299.20001220703125
2022-11-17,156.66000366210938,478.6499938964844,2437.0,10814.0,96.41999816894531,226.5,86.5999984741211,1005.5,4058.0,308.20001220703125
2022-11-18,158.22000122070312,476.04998779296875,2454.0,10920.0,97.41999816894531,231.3000030517578,85.48999786376953,1017.5,4040.5,320.0
2022-11-21,157.94000244140625,458.1499938964844,2395.5,11070.0,98.11000061035156,232.0,84.80999755859375,1032.0,4112.5,320.6000061035156
2022-11-22,157.9199981689453,488.0,2441.5,11084.0,95.0,235.0,85.29000091552734,1031.5,4116.5,320.20001220703125
2022-11-23,158.27999877929688,483.1000061035156,2443.0,10996.0,94.66000366210938,236.10000610351562,88.41000366210938,1032.0,4110.5,323.3999938964844
2022-11-24,159.4199981689453,483.54998779296875,2460.5,10924.0,92.66999816894531,237.60000610351562,91.05000305175781,1016.0,4120.0,320.79998779296875
2022-11-25,159.05999755859375,488.3500061035156,2473.5,10954.0,93.05999755859375,235.0,90.8499984741211,1019.5,4113.5,322.20001220703125
2022-11-28,158.17999267578125,483.54998779296875,2467.0,11050.0,92.80999755859375,232.60000610351562,88.62000274658203,1016.0,4155.0,323.6000061035156
2022-11-29,161.0,492.04998779296875,2528.5,11060.0,91.83999633789062,233.0,89.12000274658203,1008.5,4124.5,327.20001220703125
2022-11-30,161.24000549316406,497.5,2587.5,11166.0,91.83999633789062,227.5,90.91999816894531,1014.5,4144.0,323.79998779296875
2022-12-01,158.27999877929688,489.45001220703125,2566.0,11200.0,91.5199966430664,228.6999969482422,86.93000030517578,1025.0,4179.5,328.0
2022-12-02,156.82000732421875,480.8999938964844,2571.0,11178.0,91.13999938964844,228.5,90.25,1020.0,4178.0,325.79998779296875
2022-12-05,156.27999877929688,483.5,2582.0,11260.0,91.0199966430664,230.10000610351562,90.58999633789062,1026.0,4179.0,329.0
2022-12-06,158.75999450683594,474.6499938964844,2580.0,11150.0,89.2699966430664,229.0,93.48999786376953,1019.0,4186.0,327.6000061035156
2022-12-07,157.44000244140625,464.0,2557.5,11258.0,87.66000366210938,228.3000030517578,90.52999877929688,1019.5,4161.0,331.6000061035156
2022-12-08,156.8000030517578,463.95001220703125,2592.0,11316.0,85.93000030517578,230.89999389648438,91.38999938964844,1017.0,4161.0,337.0
2022-12-09,159.47999572753906,461.95001220703125,2634.0,11354.0,86.75,227.89999389648438,94.05000305175781,1017.0,4125.5,346.0
2022-12-12,158.13999938964844,462.1000061035156,2537.0,11350.0,87.05999755859375,226.8000030517578,92.83999633789062,1010.5,4122.0,344.79998779296875
2022-12-13,161.77999877929688,471.04998779296875,2565.5,11326.0,86.48999786376953,226.5,90.61000061035156,1015.5,4105.5,340.6000061035156
2022-12-14,160.25999450683594,469.54998779296875,2506.5,11400.0,86.33999633789062,225.6999969482422,90.29000091552734,1027.5,4150.5,339.6000061035156
2022-12-15,155.1999969482422,465.8500061035156,2524.0,11360.0,85.9800033569336,223.5,89.12999725341797,1020.5,4137.0,342.6000061035156
2022-12-16,154.4199981689453,455.3999938964844,2505.0,11156.0,83.76000213623047,222.3000030517578,87.33000183105469,995.7999877929688,4141.0,338.79998779296875
2022-12-19,155.3800048828125,466.6000061035156,2508.0,11108.0,84.29000091552734,223.6999969482422,88.83999633789062,996.4000244140625,4173.5,339.79998779296875
2022-12-20,155.74000549316406,467.45001220703125,2534.5,11126.0,83.80000305175781,224.39999389648438,88.43000030517578,994.0,4156.5,341.0
2022-12-21,158.0800018310547,480.0,2585.0,11244.0,84.5,226.89999389648438,91.12000274658203,1000.5,4225.0,341.6000061035156
2022-12-22,157.13999938964844,477.8999938964844,2537.5,11306.0,83.7300033569336,226.10000610351562,91.0999984741211,997.5999755859375,4213.0,340.79998779296875
2022-12-23,157.74000549316406,478.8999938964844,2565.5,11238.0,83.9000015258789,226.6999969482422,91.68000030517578,989.5999755859375,4214.0,342.6000061035156
2022-12-28,158.8800048828125,480.3999938964844,2562.0,11250.0,84.47000122070312,223.5,92.63999938964844,1001.5,4205.5,341.6000061035156
2022-12-29,159.33999633789062,480.75,2577.0,11348.0,85.12000274658203,224.3000030517578,92.44999694824219,1005.0,4202.0,341.0
2022-12-30,158.52000427246094,474.8999938964844,2570.0,11218.0,84.23999786376953,224.1999969482422,93.19999694824219,997.4000244140625,4182.0,337.6000061035156
2023-01-03,163.60000610351562,483.3500061035156,2571.5,11534.0,85.91000366210938,229.0,98.91000366210938,999.0,4193.5,340.6000061035156
2023-01-04,168.0800018310547,465.8500061035156,2585.5,11602.0,87.80999755859375,235.0,101.4000015258789,1029.5,4227.0,348.20001220703125
2023-01-05,172.4199981689453,471.75,2653.0,11710.0,88.7699966430664,238.5,102.66000366210938,1029.5,4201.0,352.3999938964844
2023-01-06,172.10000610351562,477.04998779296875,2722.0,11782.0,88.70999908447266,241.39999389648438,102.9000015258789,1044.5,4201.5,354.20001220703125
2023-01-09,172.6199951171875,479.29998779296875,2719.5,11736.0,88.69000244140625,243.1999969482422,103.76000213623047,1037.5,4195.0,348.6000061035156
2023-01-10,171.60000610351562,475.1000061035156,2708.5,11802.0,87.72000122070312,242.10000610351562,101.0199966430664,1022.5,4198.0,350.79998779296875
2023-01-11,173.5399932861328,478.54998779296875,2754.5,11634.0,87.81999969482422,243.6999969482422,102.58000183105469,1028.0,4190.5,348.79998779296875
2023-01-12,177.0800018310547,485.0,2800.0,11448.0,92.05000305175781,246.0,104.0,1036.0,4185.0,355.3999938964844
2023-01-13,180.74000549316406,484.3500061035156,2813.5,11656.0,91.61000061035156,245.60000610351562,108.76000213623047,1033.0,4215.5,355.3999938964844
2023-01-16,182.5,481.0,2765.0,11676.0,93.30000305175781,247.5,107.16000366210938,1022.0,4230.0,354.0
2023-01-17,180.94000244140625,484.6499938964844,2775.5,11600.0,92.18000030517578,247.8000030517578,108.54000091552734,1037.5,4165.5,353.0
2023-01-18,182.10000610351562,486.20001220703125,2804.5,11578.0,90.69000244140625,247.8000030517578,108.26000213623047,1032.5,4095.0,356.6000061035156
2023-01-19,177.3800048828125,474.70001220703125,2750.0,11420.0,90.26000213623047,248.1999969482422,105.08000183105469,1035.0,4091.5,356.79998779296875
2023-01-20,178.4199981689453,475.8500061035156,2774.0,11200.0,91.87999725341797,247.89999389648438,106.5999984741211,1035.0,4089.5,360.0
2023-01-23,179.8800048828125,480.79998779296875,2797.0,11038.0,91.52999877929688,249.8000030517578,108.19999694824219,1030.5,4105.5,362.79998779296875
2023-01-24,179.75999450683594,475.25,2803.0,10710.0,92.13999938964844,243.89999389648438,111.4000015258789,1031.0,4099.5,368.0
2023-01-25,181.72000122070312,,2840.5,10810.0,92.33000183105469,244.60000610351562,111.72000122070312,1036.5,4060.5,365.79998779296875
2023-01-26,185.0399932861328,484.20001220703125,2855.0,10644.0,92.33999633789062,245.60000610351562,113.4800033569336,1032.5,4043.5,368.0
2023-01-27,185.77999877929688,489.29998779296875,2826.0,10622.0,93.41999816894531,246.89999389648438,110.19999694824219,1028.0,4021.0,371.20001220703125
2023-01-30,186.66000366210938,492.04998779296875,2818.5,10710.0,93.55000305175781,247.60000610351562,109.12000274658203,1032.5,4072.0,368.0
2023-01-31,185.83999633789062,488.8500061035156,2826.0,10590.0,93.12000274658203,245.89999389648438,105.73999786376953,1025.0,4108.5,366.3999938964844
2023-02-01,186.47999572753906,492.45001220703125,2791.0,10280.0,91.18000030517578,247.5,105.18000030517578,1019.0,4133.0,368.3999938964844
2023-02-02,188.39999389648438,478.79998779296875,2751.5,10250.0,94.83999633789062,248.3000030517578,108.73999786376953,1042.5,4102.0,363.0
2023-02-03,188.63999938964844,486.04998779296875,2780.5,10578.0,91.13999938964844,246.39999389648438,109.08000183105469,1034.0,4171.0,365.20001220703125
2023-02-06,186.5399932861328,478.3500061035156,2737.5,10580.0,90.66000366210938,246.5,108.08000183105469,1040.0,4163.5,360.0
2023-02-07,188.83999633789062,516.4000244140625,2747.5,10586.0,91.48999786376953,246.6999969482422,107.95999908447266,1035.5,4104.0,360.6000061035156
2023-02-08,189.72000122070312,533.2000122070312,2752.0,10752.0,92.31999969482422,244.3000030517578,109.22000122070312,1025.5,4099.5,357.6000061035156
2023-02-09,189.60000610351562,545.7000122070312,2769.5,11190.0,91.2699966430664,244.39999389648438,108.72000122070312,1031.0,4109.0,361.0
2023-02-10,185.72000122070312,560.0,2721.5,11390.0,92.08000183105469,243.0,107.4800033569336,1034.5,4132.5,358.79998779296875
2023-02-13,186.32000732421875,557.4000244140625,2730.0,11422.0,94.0,242.89999389648438,109.45999908447266,1054.0,4262.0,363.79998779296875
2023-02-14,187.32000732421875,560.0999755859375,2731.5,11518.0,97.22000122070312,245.8000030517578,108.36000061035156,1054.5,4266.5,361.6000061035156
2023-02-15,172.60000610351562,559.7000122070312,2752.0,11568.0,99.22000122070312,250.0,112.0,1057.5,4267.5,364.79998779296875
2023-02-16,174.66000366210938,567.5999755859375,2791.0,11362.0,101.5199966430664,250.10000610351562,113.80000305175781,1048.5,4231.0,366.0
2023-02-17,173.5,559.9000244140625,2768.0,11486.0,102.37999725341797,250.89999389648438,112.45999908447266,1070.0,4235.5,364.20001220703125
2023-02-20,175.8800048828125,558.2000122070312,2855.0,11540.0,102.76000213623047,251.1999969482422,111.80000305175781,1070.5,4210.5,363.0
2023-02-21,171.4199981689453,550.2999877929688,2751.0,11570.0,101.66000366210938,249.8000030517578,109.9800033569336,1071.0,4238.5,360.0
2023-02-22,172.82000732421875,539.4000244140625,2658.0,11500.0,100.5,249.1999969482422,107.62000274658203,1070.5,4266.5,360.6000061035156
2023-02-23,172.60000610351562,547.0,2603.0,11210.0,99.0,249.0,133.10000610351562,1064.0,4193.5,364.6000061035156
2023-02-24,170.5800018310547,550.2000122070312,2512.0,11100.0,99.18000030517578,246.89999389648438,136.0399932861328,1055.5,4191.5,365.20001220703125
2023-02-27,172.63999938964844,558.2000122070312,2511.5,11098.0,100.72000122070312,254.1999969482422,145.0,1070.0,4194.0,370.79998779296875
2023-02-28,174.63999938964844,550.5,2527.5,10880.0,99.77999877929688,255.0,144.94000244140625,1048.0,4136.0,364.79998779296875
2023-03-01,174.4199981689453,,2626.5,10816.0,100.05999755859375,251.5,148.4199981689453,1017.0,4137.5,364.3999938964844
2023-03-02,171.75999450683594,561.2000122070312,2686.0,10864.0,99.5999984741211,254.10000610351562,148.16000366210938,1026.5,4188.5,359.20001220703125
2023-03-03,171.47999572753906,555.2999877929688,2733.0,10784.0,100.4800033569336,256.29998779296875,149.63999938964844,1031.5,4145.5,357.6000061035156
2023-03-06,172.33999633789062,559.4000244140625,2667.0,10742.0,101.22000122070312,259.8999938964844,152.77999877929688,1034.0,4107.0,352.20001220703125
2023-03-07,168.9199981689453,558.5,2635.0,10850.0,98.69999694824219,259.1000061035156,153.17999267578125,1031.0,4120.5,357.20001220703125
2023-03-08,168.8800048828125,558.4000244140625,2668.5,10822.0,98.72000122070312,260.5,156.86000061035156,1044.0,4124.0,359.0
2023-03-09,163.4199981689453,557.0,2561.5,10866.0,98.69999694824219,262.79998779296875,158.0399932861328,1043.5,4112.0,349.3999938964844
2023-03-10,157.4199981689453,549.2000122070312,2531.5,10698.0,98.55999755859375,259.6000061035156,150.10000610351562,1050.0,4069.0,346.0
2023-03-13,147.47999572753906,522.5,2498.0,10686.0,95.68000030517578,255.0,145.0,1064.0,4056.0,332.79998779296875
2023-03-14,152.05999755859375,530.7999877929688,2508.0,10686.0,96.18000030517578,254.8000030517578,155.1999969482422,1059.0,4073.0,340.6000061035156
2023-03-15,138.24000549316406,486.79998779296875,2388.0,10644.0,94.0199966430664,251.89999389648438,144.13999938964844,1048.5,4040.5,348.0
2023-03-16,142.3800048828125,482.45001220703125,2355.0,10798.0,92.66999816894531,252.0,146.3000030517578,1058.0,4087.0,335.3999938964844
2023-03-17,139.55999755859375,479.95001220703125,2357.5,10814.0,90.37000274658203,246.89999389648438,140.3000030517578,1039.0,4047.5,333.20001220703125
2023-03-20,136.36000061035156,487.0,2387.0,10790.0,92.47000122070312,249.6999969482422,140.97999572753906,1054.0,4082.5,346.79998779296875
2023-03-21,143.13999938964844,503.3999938964844,2378.5,10904.0,92.66999816894531,256.79998779296875,150.0,1042.0,4130.0,356.6000061035156
2023-03-22,142.66000366210938,504.3999938964844,2371.5,10976.0,91.37999725341797,259.0,149.22000122070312,1047.0,4202.5,364.79998779296875
2023-03-23,139.77999877929688,498.70001220703125,2361.5,10998.0,90.80000305175781,253.8000030517578,147.33999633789062,1056.0,4172.5,372.3999938964844
2023-03-24,133.89999389648438,486.29998779296875,2372.0,11080.0,88.58000183105469,250.8000030517578,143.5399932861328,1058.5,4197.0,371.20001220703125
2023-03-27,137.0,496.3999938964844,2361.5,11252.0,89.0999984741211,251.39999389648438,144.33999633789062,1068.0,4220.5,376.0
2023-03-28,137.17999267578125,507.79998779296875,2410.5,11134.0,88.94999694824219,254.89999389648438,145.33999633789062,1070.5,4213.0,370.79998779296875
2023-03-29,142.02000427246094,510.5,2457.0,11166.0,89.83000183105469,262.5,148.0,1073.5,4207.0,373.3999938964844
2023-03-30,144.82000732421875,513.2000122070312,2526.5,11166.0,89.54000091552734,264.8999938964844,150.1999969482422,1085.0,4192.5,377.20001220703125
2023-03-31,145.8000030517578,510.79998779296875,2559.5,11232.0,89.30000305175781,265.70001220703125,149.02000427246094,1096.5,4190.0,372.3999938964844
2023-04-03,148.25999450683594,532.7000122070312,2519.5,11270.0,89.45999908447266,264.1000061035156,149.64999389648438,1092.0,4232.5,371.20001220703125
2023-04-04,146.5,527.2000122070312,2430.0,11244.0,87.4800033569336,264.6000061035156,145.5,1103.0,4223.5,370.20001220703125
2023-04-05,147.72000122070312,533.7000122070312,2412.5,11594.0,89.44999694824219,263.8999938964844,143.75,1129.0,4288.5,357.79998779296875
2023-04-06,151.6199951171875,531.9000244140625,2415.0,11700.0,91.47000122070312,264.1000061035156,147.9499969482422,1140.0,4307.5,358.20001220703125
2023-04-11,152.5399932861328,537.0,2518.5,11630.0,92.08999633789062,267.70001220703125,147.14999389648438,1142.0,4297.0,366.20001220703125
2023-04-12,153.05999755859375,539.5999755859375,2501.5,11822.0,92.0,267.3999938964844,147.60000610351562,1153.5,4292.0,368.79998779296875
2023-04-13,152.94000244140625,538.7000122070312,2494.5,11916.0,91.80999755859375,269.0,149.14999389648438,1144.0,4316.0,372.79998779296875
2023-04-14,157.8800048828125,541.0,2467.5,11892.0,91.97000122070312,268.20001220703125,149.75,1118.5,4310.0,373.3999938964844
2023-04-17,154.27999877929688,543.7999877929688,2506.0,11824.0,92.70999908447266,272.1000061035156,151.0,1118.5,4357.0,376.3999938964844
2023-04-18,154.9600067138672,544.5,2539.5,12040.0,92.01000213623047,273.3999938964844,155.85000610351562,1116.5,4334.5,379.20001220703125
2023-04-19,155.39999389648438,535.4000244140625,2520.0,11992.0,90.79000091552734,275.8999938964844,155.35000610351562,1123.5,4341.5,377.0
2023-04-20,154.4600067138672,530.7000122070312,2468.5,12010.0,89.80999755859375,274.6000061035156,155.0,1130.5,4362.0,378.0
2023-04-21,153.24000549316406,530.0,2355.0,12186.0,90.66000366210938,278.8999938964844,154.35000610351562,1145.5,4392.0,379.0
2023-04-24,154.1999969482422,533.9000244140625,2363.5,12164.0,89.68000030517578,278.1000061035156,153.60000610351562,1139.0,4388.0,381.3999938964844
2023-04-25,151.4600067138672,529.2999877929688,2314.5,12294.0,91.27999877929688,278.29998779296875,152.89999389648438,1153.5,4416.0,385.0
2023-04-26,153.86000061035156,533.0999755859375,2345.5,11844.0,94.27999877929688,279.6000061035156,151.9499969482422,1142.0,4371.5,387.3999938964844
2023-04-27,162.0399932861328,523.5999755859375,2352.5,11796.0,95.9000015258789,278.70001220703125,152.0,1143.0,4431.5,380.20001220703125
2023-04-28,159.8800048828125,534.4000244140625,2338.0,11746.0,95.9000015258789,281.1000061035156,152.14999389648438,1144.5,4436.5,383.0
2023-05-02,154.94000244140625,488.3500061035156,2303.5,11774.0,93.69000244140625,280.79998779296875,150.5,1141.5,4443.5,385.79998779296875
2023-05-03,153.25999450683594,487.1000061035156,2325.5,11884.0,96.16000366210938,280.0,151.89999389648438,1143.5,4437.5,383.79998779296875
2023-05-04,148.24000549316406,476.5,2301.5,11850.0,94.5199966430664,280.5,149.1999969482422,1155.5,4406.0,382.3999938964844
2023-05-05,153.24000549316406,492.29998779296875,2393.0,11922.0,95.0199966430664,283.0,151.14999389648438,1150.5,4399.0,389.79998779296875
2023-05-09,153.5800018310547,488.54998779296875,2401.0,11914.0,94.27999877929688,284.6000061035156,151.64999389648438,1153.0,4368.5,393.3999938964844
2023-05-10,153.22000122070312,487.1000061035156,2355.0,11820.0,92.75,277.8999938964844,156.3000030517578,1155.5,4292.5,392.79998779296875
2023-05-11,153.47999572753906,477.70001220703125,2312.5,11924.0,,273.6000061035156,145.89999389648438,1154.5,4339.5,390.20001220703125
2023-05-12,153.89999389648438,483.0,2334.0,12010.0,89.86000061035156,275.70001220703125,148.3000030517578,1162.0,4353.5,391.20001220703125
2023-05-15,155.02000427246094,481.70001220703125,2364.5,12000.0,90.02999877929688,273.20001220703125,145.10000610351562,1160.5,4334.0,391.79998779296875
2023-05-16,154.39999389648438,475.95001220703125,2351.5,12070.0,83.33000183105469,270.8999938964844,148.14999389648438,1161.5,4343.0,393.20001220703125
2023-05-17,155.9600067138672,478.3500061035156,2357.0,11924.0,82.33999633789062,269.29998779296875,152.85000610351562,1140.5,4315.0,393.3999938964844
2023-05-18,158.05999755859375,480.54998779296875,2355.0,11978.0,82.94000244140625,268.3999938964844,155.5500030517578,1108.0,4265.0,390.3999938964844
2023-05-19,159.4199981689453,481.3999938964844,2352.5,12010.0,83.08999633789062,266.70001220703125,156.0,1103.0,4271.0,387.79998779296875
2023-05-22,160.0800018310547,481.6499938964844,2352.0,12036.0,81.6500015258789,267.70001220703125,157.3000030517578,1105.0,4229.0,386.20001220703125
2023-05-23,163.44000244140625,488.29998779296875,2324.5,12034.0,84.08000183105469,268.1000061035156,153.1999969482422,1111.5,4216.0,382.79998779296875
2023-05-24,158.66000366210938,486.5,2255.0,11794.0,83.38999938964844,265.70001220703125,146.85000610351562,1098.5,4172.0,377.0
2023-05-25,156.97999572753906,474.95001220703125,2220.0,11642.0,81.05999755859375,265.0,148.8000030517578,1083.5,4167.5,374.79998779296875
2023-05-26,157.32000732421875,476.8999938964844,2287.0,11784.0,79.47000122070312,263.79998779296875,149.0500030517578,1089.5,4169.0,372.79998779296875
2023-05-30,155.8000030517578,466.6000061035156,2249.0,11498.0,77.75,262.20001220703125,144.39999389648438,1100.0,4045.0,369.79998779296875
2023-05-31,151.33999633789062,453.29998779296875,2210.5,11660.0,76.37000274658203,260.79998779296875,143.3000030517578,1106.0,4029.0,367.20001220703125
2023-06-01,152.6199951171875,461.5,2243.0,11670.0,76.12999725341797,260.8999938964844,146.39999389648438,1055.5,4018.0,367.20001220703125
2023-06-02,156.75999450683594,474.3500061035156,2346.0,11748.0,75.62999725341797,262.3999938964844,150.0,1055.0,4056.5,372.0
2023-06-05,155.77999877929688,472.95001220703125,2338.0,11794.0,77.91999816894531,263.1000061035156,147.3000030517578,1062.0,4071.0,371.79998779296875
2023-06-06,158.1999969482422,471.25,2346.0,11832.0,76.91999816894531,263.1000061035156,148.0500030517578,1067.5,4044.5,370.0
2023-06-07,158.24000549316406,473.75,2360.0,11754.0,78.4800033569336,263.1000061035156,150.14999389648438,1055.0,4025.0,365.3999938964844
2023-06-08,157.60000610351562,472.6499938964844,2379.0,11750.0,74.1500015258789,262.0,149.4499969482422,1050.0,3999.5,367.3999938964844
2023-06-09,156.33999633789062,468.8999938964844,2380.0,11712.0,74.87999725341797,261.8999938964844,149.25,1054.5,3970.0,365.20001220703125
2023-06-12,155.24000549316406,462.6000061035156,2370.5,11830.0,72.8499984741211,263.20001220703125,150.14999389648438,1047.5,3996.0,363.6000061035156
2023-06-13,156.75999450683594,464.8500061035156,2428.5,11740.0,72.43000030517578,262.29998779296875,150.89999389648438,1036.0,3965.5,361.6000061035156
2023-06-14,157.44000244140625,461.1499938964844,2481.0,11510.0,72.83999633789062,264.0,150.75,1031.5,3967.5,358.3999938964844
2023-06-15,153.8000030517578,459.70001220703125,2505.0,11686.0,73.86000061035156,264.5,150.0500030517578,1034.5,4021.0,352.6000061035156
2023-06-16,153.94000244140625,459.6000061035156,2481.0,11788.0,73.70999908447266,262.8999938964844,151.1999969482422,1049.5,4059.5,348.79998779296875
2023-06-19,153.4600067138672,461.3999938964844,2462.5,11646.0,74.13999938964844,258.79998779296875,153.8000030517578,1047.5,4034.0,349.79998779296875
2023-06-20,154.32000732421875,453.95001220703125,2437.0,11636.0,73.0,258.70001220703125,157.0,1051.5,4055.0,350.79998779296875
2023-06-21,151.4600067138672,464.0,2419.0,11586.0,72.7300033569336,258.6000061035156,157.5500030517578,1047.0,4070.0,349.0
2023-06-22,146.9600067138672,460.0,2392.0,11600.0,71.9000015258789,248.89999389648438,156.0500030517578,1036.0,4057.0,346.79998779296875
2023-06-23,145.22000122070312,454.6499938964844,2327.0,11422.0,72.69000244140625,248.8000030517578,154.64999389648438,1038.5,4090.0,340.0
2023-06-26,144.9199981689453,459.0,2329.5,11292.0,70.05999755859375,251.8000030517578,154.8000030517578,1036.5,4060.0,340.79998779296875
2023-06-27,146.32000732421875,452.70001220703125,2355.0,11190.0,72.6500015258789,252.60000610351562,155.4499969482422,1043.0,4071.5,339.6000061035156
2023-06-28,148.33999633789062,455.20001220703125,2354.5,11234.0,73.66000366210938,255.89999389648438,155.8000030517578,1047.5,4091.5,339.6000061035156
2023-06-29,151.32000732421875,454.79998779296875,2351.0,11236.0,74.33999633789062,246.89999389648438,148.6999969482422,1038.0,4085.0,338.79998779296875
2023-06-30,153.3800048828125,458.3500061035156,2340.0,11276.0,73.97000122070312,248.39999389648438,151.0500030517578,1040.5,4097.5,340.79998779296875
2023-07-03,155.6199951171875,470.79998779296875,2389.0,10374.0,74.31999969482422,252.0,153.60000610351562,1046.5,4115.5,340.3999938964844
2023-07-04,152.55999755859375,470.25,2374.0,10580.0,73.66000366210938,247.8000030517578,152.25,1048.5,4083.5,340.3999938964844
2023-07-05,150.0399932861328,459.79998779296875,2350.0,10620.0,72.66999816894531,248.8000030517578,151.0,1027.5,4077.5,342.6000061035156
2023-07-06,146.6999969482422,449.95001220703125,2269.5,10328.0,70.73999786376953,249.3000030517578,145.1999969482422,1020.0,4039.0,331.3999938964844
2023-07-07,148.72000122070312,453.54998779296875,2257.5,10110.0,70.70999908447266,246.39999389648438,148.5,999.2000122070312,3990.5,331.3999938964844
2023-07-10,148.72000122070312,454.54998779296875,2232.0,10180.0,70.63999938964844,246.39999389648438,147.89999389648438,988.7999877929688,3996.0,333.20001220703125
2023-07-11,149.86000061035156,460.25,2255.0,10082.0,71.04000091552734,245.39999389648438,145.64999389648438,988.2000122070312,3960.5,334.3999938964844
2023-07-12,154.8000030517578,466.75,2333.0,10248.0,72.6500015258789,250.39999389648438,148.4499969482422,1008.5,3983.5,342.79998779296875
2023-07-13,155.6999969482422,465.6499938964844,2367.5,10330.0,71.93000030517578,249.1999969482422,149.3000030517578,1016.0,3974.0,342.20001220703125
2023-07-14,155.10000610351562,456.45001220703125,2371.0,10324.0,72.19999694824219,250.0,145.89999389648438,1021.5,3992.5,344.0
2023-07-17,156.05999755859375,452.3999938964844,2324.0,10200.0,71.88999938964844,248.89999389648438,146.14999389648438,1017.5,4019.5,340.6000061035156
2023-07-18,159.3800048828125,458.54998779296875,2340.5,10280.0,71.41999816894531,251.1999969482422,146.39999389648438,1013.5,4015.5,344.3999938964844
2023-07-19,164.27999877929688,469.54998779296875,2350.0,10502.0,73.44999694824219,257.1000061035156,150.9499969482422,1040.0,4085.0,353.79998779296875
2023-07-20,164.36000061035156,472.25,2382.0,10696.0,73.87000274658203,259.8999938964844,154.39999389648438,1044.5,4052.0,355.20001220703125
2023-07-21,163.25999450683594,475.79998779296875,2351.0,10770.0,73.51000213623047,260.20001220703125,155.8000030517578,1054.0,4082.0,354.3999938964844
2023-07-24,164.36000061035156,483.70001220703125,2396.5,10780.0,76.51000213623047,261.3999938964844,156.6999969482422,1060.0,4018.5,354.20001220703125
2023-07-25,163.52000427246094,481.0,2491.0,10720.0,75.93000030517578,260.0,152.64999389648438,1051.0,4193.0,353.79998779296875
2023-07-26,164.05999755859375,478.6000061035156,2444.5,10670.0,77.52999877929688,263.29998779296875,185.0,1051.0,4184.0,353.79998779296875
2023-07-27,155.39999389648438,479.70001220703125,2438.0,10700.0,76.16000366210938,260.70001220703125,189.60000610351562,1043.5,4180.5,355.20001220703125
2023-07-28,155.74000549316406,475.3999938964844,2401.0,11058.0,75.75,261.3999938964844,193.3000030517578,1031.5,4223.5,349.79998779296875
2023-07-31,154.9600067138672,483.0,2426.5,11186.0,74.43000030517578,258.0,184.85000610351562,1031.5,4191.0,349.3999938964844
2023-08-01,151.4199981689453,481.75,2397.5,11196.0,73.87999725341797,258.79998779296875,185.25,1017.5,4201.5,351.0
2023-08-02,146.4600067138672,473.6000061035156,2348.0,11096.0,73.9000015258789,255.0,183.89999389648438,995.7999877929688,4181.5,347.79998779296875
2023-08-03,149.16000366210938,477.8500061035156,2358.0,10900.0,72.37000274658203,251.39999389648438,192.1999969482422,972.5999755859375,4121.5,345.0
2023-08-04,150.74000549316406,486.45001220703125,2364.5,10910.0,73.62000274658203,250.5,206.5,979.5999755859375,4090.5,345.3999938964844
2023-08-07,150.82000732421875,483.1000061035156,2346.5,10886.0,72.68000030517578,251.8000030517578,209.5,965.4000244140625,4090.5,347.0
2023-08-08,147.0800018310547,480.0,2317.5,11030.0,71.95999908447266,252.0,207.89999389648438,975.7999877929688,4087.5,340.3999938964844
2023-08-09,148.89999389648438,492.6499938964844,2338.0,11182.0,72.58000183105469,251.60000610351562,209.10000610351562,976.7999877929688,4111.5,345.0
2023-08-10,148.0,490.8999938964844,2349.5,11162.0,73.18000030517578,254.8000030517578,207.8000030517578,989.5999755859375,4140.5,346.0
2023-08-11,146.60000610351562,486.3999938964844,2317.5,11030.0,72.69999694824219,251.1999969482422,207.6999969482422,981.0,4082.5,347.20001220703125
2023-08-14,145.8800048828125,481.75,2277.0,11114.0,72.19000244140625,250.39999389648438,209.0,975.2000122070312,4096.0,348.79998779296875
2023-08-15,143.5399932861328,473.95001220703125,2242.5,10876.0,70.93000030517578,248.0,205.5,960.0,4049.0,346.79998779296875
2023-08-16,145.0,472.95001220703125,2203.0,10878.0,70.73999786376953,249.8000030517578,204.1999969482422,955.7999877929688,4036.5,310.0
2023-08-17,145.4199981689453,474.5,2223.0,10792.0,70.83000183105469,246.5,202.39999389648438,946.4000244140625,4016.0,312.6000061035156
2023-08-18,144.24000549316406,473.45001220703125,2187.5,10658.0,70.9000015258789,249.6999969482422,201.1999969482422,951.4000244140625,3980.0,313.20001220703125
2023-08-21,143.66000366210938,478.29998779296875,2202.0,10674.0,70.36000061035156,252.0,201.89999389648438,946.0,3969.0,310.79998779296875
2023-08-22,142.6999969482422,477.8999938964844,2182.5,10698.0,70.62999725341797,250.8000030517578,201.10000610351562,942.7999877929688,3961.5,317.3999938964844
2023-08-23,143.0399932861328,471.1499938964844,2230.0,10770.0,71.54000091552734,253.3000030517578,201.8000030517578,963.4000244140625,3997.5,320.0
2023-08-24,144.5399932861328,473.6000061035156,2197.0,10750.0,71.7300033569336,255.1999969482422,201.6999969482422,970.5999755859375,4019.0,321.0
2023-08-25,143.97999572753906,475.6000061035156,2186.0,10660.0,71.27999877929688,260.1000061035156,203.0,977.7999877929688,4036.5,320.0
2023-08-29,149.9600067138672,485.70001220703125,2251.5,10804.0,72.69000244140625,263.6000061035156,212.89999389648438,986.7999877929688,4061.0,327.20001220703125
2023-08-30,149.0399932861328,489.20001220703125,2268.0,10734.0,73.27999877929688,264.20001220703125,216.8000030517578,993.2000122070312,4065.5,328.79998779296875
2023-08-31,147.36000061035156,487.5,2274.0,10662.0,73.20999908447266,265.70001220703125,222.3000030517578,990.2000122070312,4042.0,327.20001220703125
2023-09-01,149.05999755859375,500.79998779296875,2304.0,10700.0,73.5999984741211,264.70001220703125,219.10000610351562,985.5999755859375,4029.0,323.20001220703125
2023-09-04,150.8000030517578,501.70001220703125,2342.5,10690.0,72.44999694824219,263.79998779296875,219.89999389648438,978.2000122070312,4026.0,323.3999938964844
2023-09-05,149.63999938964844,511.5,2336.0,10736.0,73.44999694824219,256.29998779296875,219.1999969482422,969.0,3994.5,321.0
2023-09-06,149.22000122070312,515.9000244140625,2330.0,10606.0,73.36000061035156,257.0,214.6999969482422,973.2000122070312,3981.5,322.6000061035156
2023-09-07,147.97999572753906,514.7999877929688,2223.0,10824.0,73.91999816894531,255.5,223.8000030517578,994.7999877929688,4019.5,322.6000061035156
2023-09-08,148.24000549316406,517.2999877929688,2207.0,10846.0,73.22000122070312,258.6000061035156,220.39999389648438,996.4000244140625,4042.5,322.79998779296875
2023-09-11,149.89999389648438,517.2999877929688,2256.0,10502.0,75.12999725341797,259.70001220703125,223.60000610351562,997.0,4048.5,322.3999938964844
2023-09-12,153.5800018310547,522.7999877929688,2265.5,10684.0,77.37999725341797,262.5,224.39999389648438,999.5999755859375,4036.0,327.6000061035156
2023-09-13,157.24000549316406,508.20001220703125,2255.0,10582.0,78.83000183105469,263.70001220703125,225.3000030517578,1002.0,4033.0,327.3999938964844
2023-09-14,160.0800018310547,524.0999755859375,2361.0,10814.0,79.94000244140625,266.8999938964844,225.8000030517578,1026.5,4063.5,334.79998779296875
2023-09-15,161.4600067138672,523.2000122070312,2382.0,10940.0,79.80999755859375,270.70001220703125,227.39999389648438,1022.5,4103.5,332.3999938964844
2023-09-18,158.8000030517578,519.2000122070312,2361.5,10728.0,79.43000030517578,271.5,224.39999389648438,1018.0,4103.0,328.0
2023-09-19,159.22000122070312,524.7999877929688,2340.5,10616.0,80.06999969482422,273.1000061035156,226.0,1016.0,4078.5,327.79998779296875
2023-09-20,159.5800018310547,523.4000244140625,2354.0,10950.0,81.0199966430664,270.5,223.6999969482422,1034.5,4115.5,333.6000061035156
2023-09-21,156.6999969482422,520.4000244140625,2277.0,10886.0,81.05999755859375,269.5,220.39999389648438,1029.0,4135.0,335.0
2023-09-22,155.32000732421875,525.7000122070312,2334.0,11046.0,81.02999877929688,270.8999938964844,220.60000610351562,1022.5,4116.0,335.6000061035156
2023-09-25,153.63999938964844,527.2999877929688,2301.5,11194.0,80.0,268.79998779296875,219.8000030517578,1003.0,4081.0,326.79998779296875
2023-09-26,159.67999267578125,530.9000244140625,2283.5,11164.0,80.70999908447266,270.1000061035156,219.6999969482422,1005.5,4064.0,319.20001220703125
2023-09-27,158.1199951171875,538.5,2298.0,11118.0,79.31999969482422,265.29998779296875,218.8000030517578,982.7999877929688,4032.0,318.6000061035156
2023-09-28,159.0800018310547,541.0999755859375,2340.0,11006.0,77.75,264.6000061035156,221.5,966.4000244140625,4034.5,314.79998779296875
2023-09-29,158.94000244140625,531.4000244140625,2339.5,11102.0,76.81999969482422,264.20001220703125,220.89999389648438,980.0,4062.0,321.0
2023-10-02,155.82000732421875,519.0999755859375,2310.0,10950.0,76.81999969482422,261.79998779296875,216.60000610351562,949.7999877929688,4024.5,312.20001220703125
2023-10-03,154.27999877929688,515.7999877929688,2279.5,10908.0,75.95999908447266,259.6000061035156,212.10000610351562,932.0,4053.5,306.6000061035156
2023-10-04,153.8800048828125,499.45001220703125,2259.138916015625,10892.0,75.16999816894531,270.70001220703125,210.8000030517578,937.2000122070312,4012.5,305.20001220703125
2023-10-05,152.52000427246094,499.04998779296875,2268.5,10902.0,76.0999984741211,280.3999938964844,210.5,947.5999755859375,4030.5,310.20001220703125
2023-10-06,154.75999450683594,505.6000061035156,2315.0,10942.0,74.80000305175781,278.3999938964844,208.8000030517578,935.5999755859375,3925.5,315.0
2023-10-09,152.02000427246094,520.2999877929688,2286.5,10856.0,76.0999984741211,274.3999938964844,205.1999969482422,948.7999877929688,3909.5,314.6000061035156
2023-10-10,156.77999877929688,525.0999755859375,2330.0,10978.0,77.38999938964844,280.3999938964844,212.3000030517578,965.0,3953.5,317.79998779296875
2023-10-11,157.17999267578125,520.2999877929688,2323.5,10944.0,77.51000213623047,281.1000061035156,213.10000610351562,968.5999755859375,3930.5,316.0
2023-10-12,152.27999877929688,536.0999755859375,2321.5,11120.0,77.62000274658203,279.20001220703125,211.8000030517578,964.5999755859375,3924.0,313.0
2023-10-13,153.0800018310547,547.7000122070312,2330.0,10974.0,77.26000213623047,275.6000061035156,213.1999969482422,979.4000244140625,,307.6000061035156
2023-10-16,153.25999450683594,549.0,2378.0,10972.0,77.45999908447266,274.29998779296875,213.5,973.5999755859375,3938.0,310.0
2023-10-17,154.8000030517578,555.0,2379.0,11270.0,77.55999755859375,276.1000061035156,215.60000610351562,976.4000244140625,3975.5,311.20001220703125
2023-10-18,151.63999938964844,558.0,2348.0,10612.0,77.68000030517578,275.29998779296875,207.8000030517578,971.0,3987.5,305.3999938964844
2023-10-19,147.8000030517578,552.9000244140625,2320.0,10488.0,76.69000244140625,273.8999938964844,205.60000610351562,971.7999877929688,3988.5,304.3999938964844
2023-10-20,144.86000061035156,545.4000244140625,2266.0,10430.0,75.69999694824219,272.70001220703125,198.9499969482422,964.0,3990.0,303.0
2023-10-23,144.0399932861328,532.2000122070312,2252.5,10100.0,74.81999969482422,272.0,203.5,957.2000122070312,3988.0,303.3999938964844
2023-10-24,134.63999938964844,534.4000244140625,2301.5,10438.0,75.44000244140625,272.6000061035156,204.39999389648438,969.4000244140625,3985.0,301.79998779296875
2023-10-25,133.22000122070312,534.7000122070312,2353.0,10546.0,73.9000015258789,272.29998779296875,203.0,976.4000244140625,4013.5,298.79998779296875
2023-10-26,132.24000549316406,533.7999877929688,2338.0,10392.0,74.80999755859375,273.1000061035156,200.5,987.5999755859375,3900.0,295.3999938964844
2023-10-27,129.1999969482422,530.5,2358.5,10124.0,76.0999984741211,272.3999938964844,200.39999389648438,981.2000122070312,3821.0,299.20001220703125
2023-10-30,130.66000366210938,526.7000122070312,2364.5,10218.0,76.7300033569336,270.0,202.0,976.4000244140625,3862.5,306.20001220703125
2023-10-31,131.60000610351562,502.6000061035156,2338.0,10250.0,75.69999694824219,269.70001220703125,215.39999389648438,978.5999755859375,3889.0,309.20001220703125
2023-11-01,129.33999633789062,494.3999938964844,2361.5,10336.0,75.12999725341797,271.0,220.3000030517578,992.2000122070312,3886.5,303.0
2023-11-02,133.24000549316406,498.6000061035156,2409.0,10362.0,77.22000122070312,274.0,223.60000610351562,1000.0,3901.5,317.0
2023-11-03,136.33999633789062,489.8500061035156,2389.0,10270.0,78.70999908447266,275.79998779296875,220.89999389648438,996.7999877929688,3854.5,320.0
2023-11-06,136.3000030517578,491.5,2380.5,10276.0,78.86000061035156,275.8999938964844,224.10000610351562,983.2000122070312,3854.5,313.0
2023-11-07,136.22000122070312,481.04998779296875,2338.5,10230.0,78.16999816894531,277.0,226.0,990.2000122070312,3890.0,308.0
2023-11-08,136.02000427246094,477.1499938964844,2325.0,10170.0,77.0199966430664,278.0,232.39999389648438,969.7999877929688,3904.0,311.6000061035156
2023-11-09,136.97999572753906,475.3500061035156,2370.5,10436.0,77.58000183105469,279.29998779296875,232.8000030517578,981.4000244140625,3984.5,314.0
2023-11-10,135.5800018310547,477.8500061035156,2361.0,10090.0,76.37999725341797,277.70001220703125,232.0,984.4000244140625,3949.0,315.79998779296875
2023-11-13,136.74000549316406,484.70001220703125,2380.5,10248.0,77.4000015258789,281.5,240.1999969482422,980.0,3948.0,318.0
2023-11-14,138.4600067138672,480.95001220703125,2422.5,10186.0,73.11000061035156,278.6000061035156,239.0,988.4000244140625,3913.5,328.0
2023-11-15,139.8800048828125,482.1000061035156,2440.0,10090.0,72.69000244140625,273.5,243.60000610351562,989.2000122070312,3892.5,327.20001220703125
2023-11-16,139.0399932861328,468.3999938964844,2424.5,10166.0,73.22000122070312,275.29998779296875,244.5,1010.0,3835.5,322.3999938964844
2023-11-17,142.8000030517578,477.70001220703125,2442.0,10260.0,75.05000305175781,276.0,244.0,1016.0,3816.0,328.79998779296875
2023-11-20,142.5399932861328,480.45001220703125,2459.0,10106.0,74.76000213623047,274.70001220703125,245.5,1020.5,3776.0,326.79998779296875
2023-11-21,141.72000122070312,476.54998779296875,2489.0,10192.0,74.51000213623047,276.5,243.0,1037.5,3804.5,323.20001220703125
2023-11-22,139.97999572753906,466.1499938964844,2480.0,10086.0,74.91999816894531,279.79998779296875,237.5,1033.5,3822.0,323.0
2023-11-23,140.24000549316406,473.5,2469.0,10174.0,70.87000274658203,280.0,240.6999969482422,1004.5,3787.0,326.0
2023-11-24,141.63999938964844,476.5,2460.5,10180.0,71.73999786376953,283.79998779296875,241.0,1009.5,3800.0,327.20001220703125
2023-11-27,140.1999969482422,475.04998779296875,2437.0,9976.0,71.04000091552734,284.6000061035156,243.1999969482422,1014.5,3801.5,326.6000061035156
2023-11-28,140.1199951171875,475.0,2426.5,9900.0,70.86000061035156,283.79998779296875,258.29998779296875,1024.0,3786.0,326.0
2023-11-29,140.3000030517578,471.95001220703125,2394.5,10032.0,70.80999755859375,284.3999938964844,263.3999938964844,1025.5,3753.5,328.0
2023-11-30,141.0399932861328,479.1000061035156,2404.0,10126.0,71.33000183105469,285.79998779296875,268.79998779296875,1027.5,3769.5,325.20001220703125
2023-12-01,142.36000061035156,478.3999938964844,2474.5,10198.0,71.66999816894531,279.6000061035156,276.70001220703125,1033.0,3780.5,331.6000061035156
2023-12-04,142.97999572753906,471.95001220703125,2434.0,10266.0,71.30000305175781,281.20001220703125,285.3999938964844,1036.0,3817.0,329.79998779296875
2023-12-05,139.4600067138672,471.8999938964844,2417.0,10144.0,71.55999755859375,284.1000061035156,284.70001220703125,1035.0,3802.0,331.79998779296875
2023-12-06,140.24000549316406,465.95001220703125,2461.0,10130.0,72.19000244140625,286.70001220703125,288.6000061035156,1051.5,3803.0,338.20001220703125
2023-12-07,140.13999938964844,460.25,2485.0,10098.0,69.80000305175781,288.5,286.20001220703125,1066.0,3808.0,335.3999938964844
2023-12-08,143.27999877929688,468.25,2493.0,10122.0,69.25,287.8999938964844,289.29998779296875,1060.0,3786.5,335.20001220703125
2023-12-11,142.5,467.25,2465.0,10096.0,68.55000305175781,290.5,296.8999938964844,1063.5,3779.5,330.3999938964844
2023-12-12,141.67999267578125,460.95001220703125,2475.0,10172.0,67.11000061035156,289.29998779296875,304.70001220703125,1068.0,3786.5,327.0
2023-12-13,141.0800018310547,459.8500061035156,2486.0,10390.0,65.13999938964844,289.0,301.79998779296875,1073.5,3798.5,323.20001220703125
2023-12-14,150.0,465.8999938964844,2559.0,10468.0,66.44999694824219,288.1000061035156,300.0,1079.5,3763.0,326.0
2023-12-15,146.63999938964844,457.8500061035156,2584.0,10186.0,64.72000122070312,282.70001220703125,290.1000061035156,1066.0,3755.5,325.6000061035156
2023-12-18,146.5,465.20001220703125,2611.0,10356.0,67.2300033569336,283.5,292.3999938964844,1048.5,3764.5,325.3999938964844
2023-12-19,147.66000366210938,463.6499938964844,2642.0,10346.0,66.8499984741211,286.1000061035156,295.0,1054.5,3762.5,325.20001220703125
2023-12-20,151.63999938964844,467.0,2637.0,10484.0,67.4800033569336,288.6000061035156,298.8999938964844,1066.0,3789.0,330.20001220703125
2023-12-21,151.4199981689453,466.25,2665.0,10480.0,69.0,287.29998779296875,299.79998779296875,1061.5,3779.0,334.3999938964844
2023-12-22,151.77999877929688,467.20001220703125,2659.5,10436.0,69.16000366210938,286.70001220703125,302.3999938964844,1061.0,3787.0,337.0
2023-12-27,153.66000366210938,467.20001220703125,2674.0,10528.0,68.55999755859375,289.20001220703125,298.79998779296875,1061.0,3787.5,338.20001220703125
2023-12-28,153.5,465.20001220703125,2698.0,10574.0,68.30999755859375,289.0,298.1000061035156,1057.5,3812.5,335.3999938964844
2023-12-29,153.77999877929688,466.1499938964844,2689.5,10600.0,68.55999755859375,290.5,299.70001220703125,1058.0,3800.0,331.20001220703125
