Date,AMZN,META,GOOG,BA,TSLA,AAPL,WMT,NFLX,XOM,JNJ
2022-01-03,170.4044952392578,338.5400085449219,145.07449340820312,207.86000061035156,399.9266662597656,182.00999450683594,48.21666717529297,597.3699951171875,63.540000915527344,171.5399932861328
2022-01-04,167.52200317382812,336.5299987792969,144.41650390625,213.6300048828125,383.1966552734375,179.6999969482422,47.33333206176758,591.1500244140625,65.93000030517578,171.0800018310547
2022-01-05,164.35699462890625,324.1700134277344,137.65350341796875,213.07000732421875,362.7066650390625,174.9199981689453,47.973331451416016,567.52001953125,66.75,172.22000122070312
2022-01-06,163.25399780273438,332.4599914550781,137.55099487304688,211.33999633789062,354.8999938964844,172.0,47.84000015258789,553.2899780273438,68.31999969482422,171.6300048828125
2022-01-07,162.5540008544922,331.7900085449219,137.00450134277344,215.5,342.32000732421875,172.1699981689453,48.29666519165039,541.0599975585938,68.87999725341797,173.9499969482422
2022-01-10,161.48599243164062,328.07000732421875,138.57400512695312,209.30999755859375,352.7066650390625,172.19000244140625,48.20333480834961,539.8499755859375,68.47000122070312,173.08999633789062
2022-01-11,165.36199951171875,334.3699951171875,140.0175018310547,216.02000427246094,354.79998779296875,175.0800018310547,48.06666564941406,540.8400268554688,71.3499984741211,171.25
2022-01-12,165.20700073242188,333.260009765625,141.6479949951172,217.4499969482422,368.739990234375,175.52999877929688,47.813331604003906,537.219970703125,71.13999938964844,169.7899932861328
2022-01-13,161.21400451660156,326.4800109863281,139.13099670410156,223.89999389648438,343.85333251953125,172.19000244140625,48.4900016784668,519.2000122070312,70.62999725341797,168.75999450683594
2022-01-14,162.13800048828125,331.8999938964844,139.7864990234375,225.9600067138672,349.8699951171875,173.07000732421875,48.35333251953125,525.6900024414062,71.87000274658203,167.83999633789062
2022-01-18,158.91749572753906,318.1499938964844,136.29049682617188,225.00999450683594,343.5033264160156,169.8000030517578,47.50666809082031,510.79998779296875,73.08000183105469,167.10000610351562
2022-01-19,156.2989959716797,319.5899963378906,135.65199279785156,217.0800018310547,331.8833312988281,166.22999572753906,47.97999954223633,515.8599853515625,73.11000061035156,166.5800018310547
2022-01-20,151.66749572753906,316.55999755859375,133.50650024414062,214.19000244140625,332.0899963378906,164.50999450683594,47.073333740234375,508.25,73.2699966430664,165.25
2022-01-21,142.64300537109375,303.1700134277344,130.0919952392578,205.44000244140625,314.6333312988281,162.41000366210938,46.72999954223633,397.5,72.16999816894531,164.8699951171875
2022-01-24,144.54400634765625,308.7099914550781,130.3719940185547,204.1999969482422,310.0,161.6199951171875,46.733333587646484,387.1499938964844,72.79000091552734,162.97000122070312
2022-01-25,139.98599243164062,300.1499938964844,126.7354965209961,204.10000610351562,306.1333312988281,159.77999877929688,45.71666717529297,366.4200134277344,74.93000030517578,167.6300048828125
2022-01-26,138.87249755859375,294.6300048828125,129.24000549316406,194.27000427246094,312.4700012207031,159.69000244140625,45.25,359.70001220703125,74.16999816894531,168.3800048828125
2022-01-27,139.6374969482422,294.6400146484375,129.12100219726562,189.75,276.3666687011719,159.22000122070312,45.279998779296875,386.70001220703125,75.12000274658203,170.58999633789062
2022-01-28,143.97799682617188,301.7099914550781,133.2895050048828,190.57000732421875,282.1166687011719,170.3300018310547,45.84000015258789,384.3599853515625,75.27999877929688,171.7899932861328
2022-01-31,149.57350158691406,313.260009765625,135.69850158691406,200.24000549316406,312.239990234375,174.77999877929688,46.60333251953125,427.1400146484375,75.95999908447266,172.2899932861328
2022-02-01,151.19349670410156,319.0,137.8784942626953,208.33999633789062,310.4166564941406,174.61000061035156,46.970001220703125,457.1300048828125,80.83000183105469,170.8800048828125
2022-02-02,150.6125030517578,323.0,148.0364990234375,207.52000427246094,301.88665771484375,175.83999633789062,46.95000076293945,429.4800109863281,80.62000274658203,172.77000427246094
2022-02-03,138.8455047607422,237.75999450683594,142.65049743652344,206.38999938964844,297.0466613769531,172.89999389648438,46.996665954589844,405.6000061035156,79.68000030517578,172.75999450683594
2022-02-04,157.63949584960938,237.08999633789062,143.01600646972656,206.4499969482422,307.7733459472656,172.38999938964844,46.44333267211914,410.1700134277344,81.41000366210938,171.6300048828125
2022-02-07,157.9355010986328,224.91000366210938,138.93800354003906,211.9199981689453,302.4466552734375,171.66000366210938,45.98666763305664,402.1000061035156,82.38999938964844,171.05999755859375
2022-02-08,161.4134979248047,220.17999267578125,139.21299743652344,213.27000427246094,307.3333435058594,174.8300018310547,45.996665954589844,403.5299987792969,80.26000213623047,171.50999450683594
2022-02-09,161.1894989013672,232.0,141.4530029296875,215.86000061035156,310.6666564941406,176.27999877929688,45.89666748046875,412.8900146484375,79.0,171.49000549316406
2022-02-10,159.0034942626953,228.07000732421875,138.6024932861328,218.75,301.51666259765625,172.1199951171875,45.36000061035156,406.2699890136719,78.23999786376953,169.4199981689453
2022-02-11,153.2935028076172,219.5500030517578,134.1300048828125,212.3000030517578,286.6666564941406,168.63999938964844,45.11000061035156,391.30999755859375,80.20999908447266,167.7100067138672
2022-02-14,155.16700744628906,217.6999969482422,135.3000030517578,210.0399932861328,291.9200134277344,168.8800048828125,44.650001525878906,396.57000732421875,78.9800033569336,165.60000610351562
2022-02-15,156.510498046875,221.0,136.42550659179688,217.72999572753906,307.4766540527344,172.7899932861328,44.790000915527344,407.4599914550781,77.98999786376953,167.30999755859375
2022-02-16,158.10049438476562,216.5399932861328,137.4875030517578,218.92999267578125,307.7966613769531,172.5500030517578,44.5099983215332,398.0799865722656,78.3499984741211,167.2100067138672
2022-02-17,154.65249633789062,207.7100067138672,132.30850219726562,213.5800018310547,292.1166687011719,168.8800048828125,46.293331146240234,386.6700134277344,78.2300033569336,166.19000244140625
2022-02-18,152.60150146484375,206.16000366210938,130.46749877929688,209.02999877929688,285.6600036621094,167.3000030517578,45.996665954589844,391.2900085449219,77.36000061035156,163.36000061035156
2022-02-22,150.19749450683594,202.0800018310547,129.40249633789062,198.74000549316406,273.84332275390625,164.32000732421875,45.483333587646484,377.3800048828125,76.45999908447266,161.13999938964844
2022-02-23,144.82699584960938,198.4499969482422,127.58499908447266,196.4199981689453,254.67999267578125,160.07000732421875,45.016666412353516,367.4599914550781,76.7699966430664,161.22000122070312
2022-02-24,151.35800170898438,207.60000610351562,132.67349243164062,198.42999267578125,266.92333984375,162.74000549316406,44.84333419799805,390.0299987792969,75.80000305175781,158.13999938964844
2022-02-25,153.7884979248047,210.47999572753906,134.51950073242188,201.47999572753906,269.9566650390625,164.85000610351562,45.459999084472656,390.79998779296875,77.83999633789062,166.0
2022-02-28,153.56300354003906,211.02999877929688,134.89100646972656,205.33999633789062,290.1433410644531,165.1199951171875,45.0533332824707,394.5199890136719,78.41999816894531,164.57000732421875
2022-03-01,151.14199829101562,203.49000549316406,134.16799926757812,194.91000366210938,288.1233215332031,163.1999969482422,45.33000183105469,386.239990234375,79.16999816894531,164.0
2022-03-02,152.05250549316406,208.11000061035156,134.75149536132812,197.80999755859375,293.2966613769531,166.55999755859375,45.38666534423828,380.0299987792969,80.52999877929688,166.0399932861328
2022-03-03,147.89849853515625,202.97000122070312,134.30799865722656,188.85000610351562,279.7633361816406,166.22999572753906,46.43000030517578,368.07000732421875,81.04000091552734,168.47999572753906
2022-03-04,145.64100646972656,200.05999755859375,132.1219940185547,180.83999633789062,279.42999267578125,163.1699981689453,47.606666564941406,361.7300109863281,84.08999633789062,169.47999572753906
2022-03-07,137.4530029296875,187.47000122070312,126.4645004272461,169.1699981689453,268.1933288574219,159.3000030517578,47.223331451416016,350.260009765625,87.12000274658203,172.2100067138672
2022-03-08,136.01449584960938,190.2899932861328,127.27850341796875,173.8000030517578,274.79998779296875,157.44000244140625,46.246665954589844,341.760009765625,87.77999877929688,168.72000122070312
2022-03-09,139.2790069580078,198.5,133.86599731445312,178.55999755859375,286.3233337402344,162.9499969482422,46.48666763305664,358.7900085449219,82.79000091552734,169.36000061035156
2022-03-10,146.8175048828125,195.2100067138672,132.6820068359375,178.38999938964844,279.4333190917969,158.52000427246094,47.543331146240234,356.7699890136719,85.36000061035156,169.66000366210938
2022-03-11,145.52450561523438,187.61000061035156,130.47549438476562,176.22999572753906,265.1166687011719,154.72999572753906,47.356666564941406,340.32000732421875,84.91999816894531,169.35000610351562
2022-03-14,141.85299682617188,186.6300048828125,126.74099731445312,175.52000427246094,255.4566650390625,150.6199951171875,48.016666412353516,331.010009765625,81.87999725341797,171.69000244140625
2022-03-15,147.3665008544922,192.02999877929688,129.66050720214844,179.88999938964844,267.2966613769531,155.08999633789062,48.59333419799805,343.75,77.22000122070312,176.13999938964844
2022-03-16,153.10400390625,203.6300048828125,133.6905059814453,188.99000549316406,280.07666015625,159.58999633789062,48.45000076293945,357.5299987792969,76.93000030517578,174.52000427246094
2022-03-17,157.23899841308594,207.83999633789062,134.60049438476562,190.19000244140625,290.5333251953125,160.6199951171875,48.336666107177734,371.3999938964844,78.9800033569336,176.8000030517578
2022-03-18,161.25050354003906,216.49000549316406,136.80149841308594,192.8300018310547,301.7966613769531,163.97999572753906,48.47999954223633,380.6000061035156,78.66999816894531,174.83999633789062
2022-03-21,161.4915008544922,211.49000549316406,136.47850036621094,185.89999389648438,307.0533447265625,165.3800048828125,48.07666778564453,374.5899963378906,82.19999694824219,175.8300018310547
2022-03-22,164.88900756835938,216.64999389648438,140.27749633789062,191.0399932861328,331.32666015625,168.82000732421875,47.93333435058594,382.9200134277344,81.83999633789062,175.0
2022-03-23,163.4080047607422,213.4600067138672,138.5034942626953,186.0399932861328,333.03668212890625,170.2100067138672,47.31666564941406,374.489990234375,83.12999725341797,174.33999633789062
2022-03-24,163.64950561523438,219.57000732421875,141.31199645996094,189.0500030517578,337.97332763671875,174.07000732421875,47.61000061035156,375.7099914550781,83.37999725341797,175.24000549316406
2022-03-25,164.77349853515625,221.82000732421875,141.52149963378906,188.9499969482422,336.8800048828125,174.72000122070312,47.81666564941406,373.8500061035156,85.19999694824219,176.9199981689453
2022-03-28,168.99049377441406,223.58999633789062,141.9499969482422,188.16000366210938,363.9466552734375,175.60000610351562,48.66666793823242,378.510009765625,82.80999755859375,177.8300018310547
2022-03-29,169.31500244140625,229.86000061035156,143.25,193.8000030517578,366.5233459472656,178.9600067138672,49.07666778564453,391.82000732421875,82.37000274658203,177.74000549316406
2022-03-30,166.30099487304688,227.85000610351562,142.64450073242188,194.91000366210938,364.663330078125,177.77000427246094,49.956668853759766,381.4700012207031,83.77999877929688,179.58999633789062
2022-03-31,162.99749755859375,222.36000061035156,139.64950561523438,191.5,359.20001220703125,174.61000061035156,49.63999938964844,374.5899963378906,82.58999633789062,177.22999572753906
2022-04-01,163.55999755859375,224.85000610351562,140.6999969482422,190.75999450683594,361.5299987792969,174.30999755859375,50.336666107177734,373.4700012207031,83.12000274658203,178.19000244140625
2022-04-04,168.34649658203125,233.88999938964844,143.6425018310547,191.17999267578125,381.8166809082031,178.44000244140625,50.3466682434082,391.5,83.16000366210938,176.47000122070312
2022-04-05,164.05499267578125,231.83999633789062,141.06300354003906,182.64999389648438,363.7533264160156,175.05999755859375,50.4900016784668,380.1499938964844,82.7300033569336,177.61000061035156
2022-04-06,158.75599670410156,223.3000030517578,137.17599487304688,178.72000122070312,348.586669921875,171.8300018310547,51.663333892822266,368.3500061035156,83.6500015258789,182.22999572753906
2022-04-07,157.7845001220703,222.9499969482422,136.46499633789062,177.97000122070312,352.4200134277344,172.13999938964844,52.18000030517578,362.1499938964844,85.05000305175781,181.75999450683594
2022-04-08,154.4604949951172,222.3300018310547,134.010498046875,175.1999969482422,341.8299865722656,170.08999633789062,52.470001220703125,355.8800048828125,86.83999633789062,182.1199951171875
2022-04-11,151.1219940185547,216.4600067138672,129.79649353027344,175.02999877929688,325.30999755859375,165.75,51.43000030517578,348.0,83.8499984741211,179.83999633789062
2022-04-12,150.78750610351562,214.13999938964844,128.37449645996094,176.27999877929688,328.98333740234375,167.66000366210938,51.07666778564453,344.1000061035156,85.5999984741211,179.89999389648438
2022-04-13,155.54100036621094,214.99000549316406,130.28599548339844,182.8699951171875,340.7900085449219,170.39999389648438,52.40666580200195,350.42999267578125,86.80999755859375,180.66000366210938
2022-04-14,151.7064971923828,210.17999267578125,127.25299835205078,181.94000244140625,328.3333435058594,165.2899932861328,52.36000061035156,341.1300048828125,87.83000183105469,179.89999389648438
2022-04-18,152.78500366210938,210.77000427246094,127.96099853515625,179.85000610351562,334.7633361816406,165.07000732421875,51.959999084472656,337.8599853515625,88.55000305175781,177.66000366210938
2022-04-19,158.11549377441406,217.30999755859375,130.531005859375,185.97999572753906,342.7166748046875,167.39999389648438,52.54999923706055,348.6099853515625,87.76000213623047,183.0800018310547
2022-04-20,153.9980010986328,200.4199981689453,128.24549865722656,183.5500030517578,325.73333740234375,167.22999572753906,53.209999084472656,226.19000244140625,87.95999908447266,183.88999938964844
2022-04-21,148.29600524902344,188.07000732421875,124.9375,181.02000427246094,336.260009765625,166.4199981689453,53.290000915527344,218.22000122070312,87.02999877929688,183.36000061035156
2022-04-22,144.35000610351562,184.11000061035156,119.61399841308594,176.9199981689453,335.01666259765625,161.7899932861328,52.28666687011719,215.52000427246094,85.12999725341797,181.5399932861328
2022-04-25,146.07400512695312,186.99000549316406,123.25,175.91000366210938,332.67333984375,162.8800048828125,52.313331604003906,209.91000366210938,82.26000213623047,186.00999450683594
2022-04-26,139.39100646972656,180.9499969482422,119.50599670410156,167.0399932861328,292.1400146484375,156.8000030517578,51.766666412353516,198.39999389648438,82.29000091552734,184.67999267578125
2022-04-27,138.16700744628906,174.9499969482422,115.02050018310547,154.4600067138672,293.836669921875,156.57000732421875,51.413333892822266,188.5399932861328,84.63999938964844,182.10000610351562
2022-04-28,144.59649658203125,205.72999572753906,119.4114990234375,154.22000122070312,292.5033264160156,163.63999938964844,52.06999969482422,199.52000427246094,87.19999694824219,183.4600067138672
2022-04-29,124.28150177001953,200.47000122070312,114.96649932861328,148.83999633789062,290.2533264160156,157.64999389648438,50.996665954589844,190.36000061035156,85.25,180.4600067138672
2022-05-02,124.5,211.1300048828125,117.15699768066406,148.61000061035156,300.9800109863281,157.9600067138672,50.65999984741211,199.4600067138672,86.41000366210938,178.63999938964844
2022-05-03,124.25350189208984,212.02999877929688,118.12950134277344,153.5800018310547,303.0833435058594,159.47999572753906,50.836666107177734,199.8699951171875,88.19000244140625,178.2899932861328
2022-05-04,125.92849731445312,223.41000366210938,122.57499694824219,156.97000122070312,317.5400085449219,166.02000427246094,51.540000915527344,204.00999450683594,91.69999694824219,180.1999969482422
2022-05-05,116.40699768066406,208.27999877929688,116.74649810791016,150.47000122070312,291.09332275390625,156.77000427246094,50.913333892822266,188.32000732421875,90.30999755859375,176.75999450683594
2022-05-06,114.77249908447266,203.77000427246094,115.66000366210938,148.89999389648438,288.54998779296875,157.27999877929688,49.85333251953125,180.97000122070312,91.69000244140625,176.3699951171875
2022-05-09,108.78900146484375,196.2100067138672,113.08399963378906,133.30999755859375,262.3699951171875,152.05999755859375,50.436668395996094,173.10000610351562,84.45999908447266,177.3300018310547
2022-05-10,108.85900115966797,197.64999389648438,114.58450317382812,132.9499969482422,266.67999267578125,154.50999450683594,49.72666549682617,177.66000366210938,85.0199966430664,177.08999633789062
2022-05-11,105.37200164794922,188.74000549316406,113.96099853515625,129.38999938964844,244.6666717529297,146.5,49.206668853759766,166.3699951171875,86.79000091552734,176.1300048828125
2022-05-12,106.93049621582031,191.24000549316406,113.16100311279297,123.13999938964844,242.6666717529297,142.55999755859375,49.15999984741211,174.30999755859375,86.30000305175781,177.8699951171875
2022-05-13,113.05500030517578,198.6199951171875,116.5155029296875,127.19999694824219,256.5299987792969,147.11000061035156,49.349998474121094,187.63999938964844,88.86000061035156,176.85000610351562
2022-05-16,110.81050109863281,200.0399932861328,114.7925033569336,124.05000305175781,241.4566650390625,145.5399932861328,49.4033317565918,186.50999450683594,90.94999694824219,178.0800018310547
2022-05-17,115.36849975585938,202.6199951171875,116.70149993896484,132.0500030517578,253.8699951171875,149.24000549316406,43.78333282470703,190.55999755859375,92.11000061035156,178.82000732421875
2022-05-18,107.11250305175781,192.24000549316406,112.4010009765625,125.5199966430664,236.60333251953125,140.82000732421875,40.810001373291016,177.19000244140625,90.6500015258789,175.5
2022-05-19,107.31900024414062,191.2899932861328,110.74549865722656,127.13999938964844,236.47332763671875,137.35000610351562,39.689998626708984,183.47999572753906,91.13999938964844,173.94000244140625
2022-05-20,107.59100341796875,193.5399932861328,109.31300354003906,120.69999694824219,221.3000030517578,137.58999633789062,39.733333587646484,186.35000610351562,91.86000061035156,176.97999572753906
2022-05-23,107.55699920654297,196.22999572753906,111.66649627685547,124.06999969482422,224.96665954589844,143.11000061035156,40.866668701171875,187.44000244140625,93.88999938964844,179.44000244140625
2022-05-24,104.0999984741211,181.27999877929688,105.9260025024414,119.4000015258789,209.3866729736328,140.36000061035156,41.37666702270508,180.33999633789062,94.4000015258789,181.39999389648438
2022-05-25,106.7750015258789,183.8300018310547,105.8395004272461,122.05999755859375,219.60000610351562,140.52000427246094,41.12333297729492,187.8300018310547,96.30000305175781,179.6199951171875
2022-05-26,111.07749938964844,191.6300048828125,108.2959976196289,127.7300033569336,235.91000366210938,143.77999877929688,42.0,191.39999389648438,96.63999938964844,179.4600067138672
2022-05-27,115.14649963378906,195.1300048828125,112.79900360107422,132.22999572753906,253.2100067138672,149.63999938964844,42.82666778564453,195.19000244140625,97.58999633789062,181.08999633789062
2022-05-31,120.20950317382812,193.63999938964844,114.03900146484375,131.39999389648438,252.75332641601562,148.83999633789062,42.87666702270508,197.44000244140625,96.0,179.52999877929688
2022-06-01,121.68399810791016,188.63999938964844,114.13700103759766,130.64999389648438,246.7899932861328,148.7100067138672,41.81666564941406,192.91000366210938,97.83999633789062,177.7100067138672
2022-06-02,125.51100158691406,198.86000061035156,117.74600219726562,140.5,258.3333435058594,151.2100067138672,42.503334045410156,205.08999633789062,97.66999816894531,177.14999389648438
2022-06-03,122.3499984741211,190.77999877929688,114.56400299072266,139.25,234.51666259765625,145.3800048828125,41.77333450317383,198.97999572753906,99.08999633789062,176.4199981689453
2022-06-06,124.79000091552734,194.25,117.010498046875,139.24000549316406,238.27999877929688,146.13999938964844,41.62333297729492,197.13999938964844,98.83999633789062,176.39999389648438
2022-06-07,123.0,195.64999389648438,117.22949981689453,140.82000732421875,238.8866729736328,148.7100067138672,41.12333297729492,198.61000061035156,103.37000274658203,178.33999633789062
2022-06-08,121.18000030517578,196.63999938964844,117.23799896240234,139.6300048828125,241.86666870117188,147.9600067138672,40.766666412353516,202.8300018310547,104.58999633789062,177.27999877929688
2022-06-09,116.1500015258789,184.0,114.91799926757812,133.72999572753906,239.7066650390625,142.63999938964844,40.34000015258789,192.77000427246094,102.33000183105469,173.7100067138672
2022-06-10,109.6500015258789,175.57000732421875,111.42749786376953,127.0,232.22999572753906,137.1300048828125,40.56666564941406,182.94000244140625,100.45999908447266,172.5500030517578
2022-06-13,103.66999816894531,164.25999450683594,106.87650299072266,115.86000061035156,215.73666381835938,131.8800048828125,39.8033332824707,169.69000244140625,95.8499984741211,170.80999755859375
2022-06-14,102.30999755859375,163.72999572753906,107.19400024414062,122.16000366210938,220.88999938964844,132.75999450683594,39.81999969482422,167.5399932861328,96.0999984741211,168.19000244140625
2022-06-15,107.66999816894531,169.35000610351562,110.3905029296875,133.72000122070312,233.0,135.42999267578125,39.793331146240234,180.11000061035156,94.88999938964844,169.99000549316406
2022-06-16,103.66000366210938,160.8699951171875,106.63600158691406,133.36000061035156,213.10000610351562,130.05999755859375,40.206668853759766,173.35000610351562,91.38999938964844,170.0800018310547
2022-06-17,106.22000122070312,163.74000549316406,107.8655014038086,136.8000030517578,216.75999450683594,131.55999755859375,39.43000030517578,175.50999450683594,86.12000274658203,169.4600067138672
2022-06-21,108.68000030517578,157.0500030517578,112.01499938964844,136.75,237.0366668701172,135.8699951171875,40.723331451416016,170.91000366210938,91.4800033569336,173.00999450683594
2022-06-22,108.94999694824219,155.85000610351562,112.03399658203125,137.16000366210938,236.086669921875,135.35000610351562,40.22999954223633,178.88999938964844,87.86000061035156,175.74000549316406
2022-06-23,112.44000244140625,158.75,112.68450164794922,133.97000122070312,235.07000732421875,138.27000427246094,41.206668853759766,181.7100067138672,85.20999908447266,179.66000366210938
2022-06-24,116.45999908447266,170.16000366210938,118.53800201416016,141.52999877929688,245.7066650390625,141.66000366210938,41.2400016784668,190.85000610351562,86.9000015258789,182.2899932861328
2022-06-27,113.22000122070312,169.49000549316406,116.62249755859375,138.72000122070312,244.9199981689453,141.66000366210938,41.37333297729492,189.13999938964844,89.02999877929688,182.1199951171875
2022-06-28,107.4000015258789,160.67999267578125,112.57150268554688,138.6999969482422,232.663330078125,137.44000244140625,40.790000915527344,179.60000610351562,91.5,176.94000244140625
2022-06-29,108.91999816894531,163.94000244140625,112.25650024414062,138.4499969482422,228.49000549316406,139.22999572753906,40.63999938964844,178.36000061035156,88.12000274658203,176.99000549316406
2022-06-30,106.20999908447266,161.25,109.37249755859375,136.72000122070312,224.47332763671875,136.72000122070312,40.526668548583984,174.8699951171875,85.63999938964844,177.50999450683594
2022-07-01,109.55999755859375,160.02999877929688,109.08100128173828,139.83999633789062,227.26333618164062,138.92999267578125,40.87666702270508,179.9499969482422,87.55000305175781,179.52000427246094
2022-07-05,113.5,168.19000244140625,113.88700103759766,137.6999969482422,233.06666564941406,141.55999755859375,41.41666793823242,185.8800048828125,84.80999755859375,178.13999938964844
2022-07-06,114.33000183105469,169.77000427246094,115.2135009765625,136.30999755859375,231.73333740234375,142.9199981689453,41.709999084472656,184.05999755859375,83.27999877929688,178.3000030517578
2022-07-07,116.33000183105469,172.19000244140625,119.30599975585938,139.97000122070312,244.5433349609375,146.35000610351562,41.77333450317383,189.27000427246094,85.94000244140625,178.5
2022-07-08,115.54000091552734,170.8800048828125,120.16850280761719,139.07000732421875,250.76333618164062,147.0399932861328,41.79999923706055,186.97999572753906,86.08000183105469,178.27999877929688
2022-07-11,111.75,162.8800048828125,116.52249908447266,136.99000549316406,234.3433380126953,144.8699951171875,41.81666564941406,177.33999633789062,85.63999938964844,178.35000610351562
2022-07-12,109.22000122070312,163.27000427246094,114.84950256347656,147.14999389648438,233.07000732421875,145.86000061035156,41.689998626708984,174.4499969482422,84.5,175.85000610351562
2022-07-13,110.4000015258789,163.49000549316406,112.18699645996094,143.9499969482422,237.0399932861328,145.49000549316406,41.790000915527344,176.55999755859375,84.83999633789062,175.44000244140625
2022-07-14,110.62999725341797,158.0500030517578,111.44000244140625,147.14999389648438,238.31333923339844,148.47000122070312,42.606666564941406,174.77999877929688,83.13999938964844,175.67999267578125
2022-07-15,113.55000305175781,164.6999969482422,112.76699829101562,147.74000549316406,240.06666564941406,150.1699981689453,43.02333450317383,189.11000061035156,84.54000091552734,178.22999572753906
2022-07-18,113.76000213623047,167.22999572753906,109.91000366210938,147.72000122070312,240.54666137695312,147.07000732421875,42.92333221435547,190.9199981689453,86.0999984741211,174.22999572753906
2022-07-19,118.20999908447266,175.77999877929688,114.62000274658203,156.1300048828125,245.52999877929688,151.0,43.186668395996094,201.6300048828125,88.2699966430664,171.69000244140625
2022-07-20,122.7699966430664,183.08999633789062,114.69999694824219,158.3800048828125,247.5,153.0399932861328,43.54666519165039,216.44000244140625,89.23999786376953,170.7100067138672
2022-07-21,124.62999725341797,183.1699981689453,115.04000091552734,161.41000366210938,271.7066650390625,155.35000610351562,44.18333435058594,223.8800048828125,87.75,171.30999755859375
2022-07-22,122.41999816894531,169.27000427246094,108.36000061035156,158.16000366210938,272.24334716796875,154.08999633789062,44.06999969482422,220.44000244140625,87.08000183105469,172.1199951171875
2022-07-25,121.13999938964844,166.64999389648438,108.20999908447266,156.63999938964844,268.4333190917969,152.9499969482422,44.00666809082031,218.50999450683594,89.9800033569336,172.4600067138672
2022-07-26,114.80999755859375,159.14999389648438,105.44000244140625,155.9199981689453,258.8599853515625,151.60000610351562,40.65999984741211,213.91000366210938,89.62999725341797,173.67999267578125
2022-07-27,120.97000122070312,169.5800018310547,113.5999984741211,156.08999633789062,274.82000732421875,156.7899932861328,42.1966667175293,226.75,91.56999969482422,173.1999969482422
2022-07-28,122.27999877929688,160.72000122070312,114.58999633789062,159.08999633789062,280.8999938964844,157.35000610351562,43.25,226.02000427246094,92.63999938964844,174.1999969482422
2022-07-29,134.9499969482422,159.10000610351562,116.63999938964844,159.30999755859375,297.1499938964844,162.50999450683594,44.016666412353516,224.89999389648438,96.93000030517578,174.52000427246094
2022-08-01,135.38999938964844,159.92999267578125,115.4800033569336,169.07000732421875,297.27667236328125,161.50999450683594,44.18000030517578,226.2100067138672,94.4800033569336,173.91000366210938
2022-08-02,134.16000366210938,160.19000244140625,115.9000015258789,163.27999877929688,300.586669921875,160.00999450683594,44.22666549682617,221.4199981689453,94.06999969482422,172.9199981689453
2022-08-03,139.52000427246094,168.8000030517578,118.77999877929688,166.63999938964844,307.39666748046875,166.1300048828125,43.5,226.72999572753906,91.0199966430664,174.58999633789062
2022-08-04,142.57000732421875,170.57000732421875,118.87000274658203,166.5,308.6333312988281,165.80999755859375,41.856666564941406,229.91000366210938,87.19000244140625,171.7899932861328
2022-08-05,140.8000030517578,167.11000061035156,118.22000122070312,165.0399932861328,288.1700134277344,165.35000610351562,42.19333267211914,226.77999877929688,88.44999694824219,171.11000061035156
2022-08-08,139.41000366210938,170.25,118.13999938964844,165.88999938964844,290.42333984375,164.8699951171875,42.53666687011719,233.49000549316406,88.94999694824219,170.1999969482422
2022-08-09,137.8300018310547,168.52999877929688,117.5,164.85000610351562,283.3333435058594,164.9199981689453,42.956668853759766,229.94000244140625,90.58999633789062,170.17999267578125
2022-08-10,142.69000244140625,178.33999633789062,120.6500015258789,169.02000427246094,294.3566589355469,169.24000549316406,43.04666519165039,244.11000061035156,91.44999694824219,170.6699981689453
2022-08-11,140.63999938964844,177.49000549316406,119.81999969482422,167.8800048828125,286.6300048828125,168.49000549316406,43.27333450317383,242.6999969482422,93.19000244140625,167.13999938964844
2022-08-12,143.5500030517578,180.5,122.6500015258789,169.99000549316406,300.0299987792969,172.10000610351562,44.073333740234375,249.3000030517578,94.0,165.3000030517578
2022-08-15,143.17999267578125,180.88999938964844,122.87999725341797,170.47000122070312,309.32000732421875,173.19000244140625,44.20000076293945,249.11000061035156,92.31999969482422,166.08999633789062
2022-08-16,144.77999877929688,179.47000122070312,122.51000213623047,172.0800018310547,306.5633239746094,173.02999877929688,46.456668853759766,245.69000244140625,91.45999908447266,167.57000732421875
2022-08-17,142.10000610351562,174.85000610351562,120.31999969482422,167.1999969482422,303.9966735839844,174.5500030517578,46.50666809082031,241.14999389648438,92.19999694824219,167.5800018310547
2022-08-18,142.3000030517578,174.66000366210938,120.86000061035156,168.69000244140625,302.8699951171875,174.14999389648438,46.356666564941406,245.1699981689453,94.37999725341797,166.77000427246094
2022-08-19,138.22999572753906,167.9600067138672,118.12000274658203,162.9199981689453,296.6666564941406,171.52000427246094,45.67333221435547,241.16000366210938,94.08000183105469,169.30999755859375
2022-08-22,133.22000122070312,163.0500030517578,115.06999969482422,158.97999572753906,289.913330078125,167.57000732421875,44.856666564941406,226.5399932861328,94.01000213623047,167.58999633789062
2022-08-23,133.6199951171875,161.11000061035156,114.7699966430664,160.07000732421875,296.4533386230469,167.22999572753906,44.66666793823242,224.5500030517578,98.0,166.1300048828125
2022-08-24,133.8000030517578,163.25999450683594,114.69999694824219,163.60000610351562,297.0966796875,167.52999877929688,44.9900016784668,229.61000061035156,98.58000183105469,165.5800018310547
2022-08-25,137.27999877929688,168.77999877929688,117.69999694824219,169.3800048828125,296.07000732421875,170.02999877929688,45.290000915527344,233.97999572753906,99.08999633789062,167.1300048828125
2022-08-26,130.75,161.77999877929688,111.30000305175781,164.52999877929688,288.0899963378906,163.6199951171875,43.866668701171875,223.27999877929688,97.87000274658203,164.27000427246094
2022-08-29,129.7899932861328,159.1699981689453,110.33999633789062,165.4199981689453,284.82000732421875,161.3800048828125,44.293331146240234,224.57000732421875,100.12000274658203,163.0
2022-08-30,128.72999572753906,157.16000366210938,109.91000366210938,162.2100067138672,277.70001220703125,158.91000366210938,44.15999984741211,220.64999389648438,96.30999755859375,162.42999267578125
2022-08-31,126.7699966430664,162.92999267578125,109.1500015258789,160.25,275.6099853515625,157.22000122070312,44.18333435058594,223.55999755859375,95.58999633789062,161.33999633789062
2022-09-01,127.81999969482422,165.36000061035156,110.55000305175781,153.66000366210938,277.1600036621094,157.9600067138672,44.82666778564453,230.0399932861328,93.87000274658203,165.33999633789062
2022-09-02,127.51000213623047,160.32000732421875,108.68000030517578,151.82000732421875,270.2099914550781,155.80999755859375,44.33333206176758,226.11000061035156,95.58999633789062,162.74000549316406
2022-09-06,126.11000061035156,158.5399932861328,107.4800033569336,152.38999938964844,274.4200134277344,154.52999877929688,44.11333465576172,218.38999938964844,94.94999694824219,163.17999267578125
2022-09-07,129.47999572753906,160.38999938964844,110.4800033569336,155.9499969482422,283.70001220703125,155.9600067138672,45.246665954589844,228.9600067138672,94.13999938964844,164.07000732421875
2022-09-08,129.82000732421875,162.05999755859375,109.41999816894531,157.7899932861328,289.260009765625,154.4600067138672,45.47666549682617,227.44000244140625,94.91000366210938,165.38999938964844
2022-09-09,133.27000427246094,169.14999389648438,111.77999877929688,157.52000427246094,299.67999267578125,157.3699951171875,45.61333465576172,233.57000732421875,96.5,165.7100067138672
2022-09-12,136.4499969482422,168.9600067138672,111.87000274658203,158.72000122070312,304.4200134277344,163.42999267578125,46.02333450317383,236.52999877929688,97.61000061035156,165.63999938964844
2022-09-13,126.81999969482422,153.1300048828125,105.30999755859375,147.30999755859375,292.1300048828125,153.83999633789062,45.073333740234375,218.1300048828125,95.33000183105469,161.3300018310547
2022-09-14,128.5500030517578,151.47000122070312,105.87000274658203,149.25999450683594,302.6099853515625,155.30999755859375,44.973331451416016,224.1199951171875,97.66999816894531,164.66000366210938
2022-09-15,126.27999877929688,149.5500030517578,103.9000015258789,149.77999877929688,303.75,152.3699951171875,44.4900016784668,235.3800048828125,94.83000183105469,165.0800018310547
2022-09-16,123.52999877929688,146.2899932861328,103.62999725341797,144.2899932861328,303.3500061035156,150.6999969482422,44.39666748046875,240.1300048828125,93.20999908447266,167.60000610351562
2022-09-19,124.66000366210938,148.02000427246094,103.8499984741211,144.8800048828125,309.07000732421875,154.47999572753906,44.776668548583984,243.6300048828125,93.19999694824219,166.27999877929688
2022-09-20,122.19000244140625,146.08999633789062,101.83000183105469,145.94000244140625,308.7300109863281,156.89999389648438,44.516666412353516,242.85000610351562,92.44000244140625,164.97000122070312
2022-09-21,118.54000091552734,142.1199951171875,100.01000213623047,143.2899932861328,300.79998779296875,153.72000122070312,44.92333221435547,236.8699951171875,90.94999694824219,163.27999877929688
2022-09-22,117.30999755859375,142.82000732421875,100.56999969482422,138.7100067138672,288.5899963378906,152.74000549316406,44.46333312988281,237.0500030517578,90.56999969482422,166.17999267578125
2022-09-23,113.77999877929688,140.41000366210938,99.16999816894531,131.25999450683594,275.3299865722656,150.42999267578125,43.35333251953125,226.41000366210938,85.75,166.72000122070312
2022-09-26,115.1500015258789,136.3699951171875,98.80999755859375,127.33999633789062,276.010009765625,150.77000427246094,43.77000045776367,224.07000732421875,83.9800033569336,165.6999969482422
2022-09-27,114.41000366210938,134.39999389648438,98.08999633789062,127.51000213623047,282.94000244140625,151.75999450683594,43.650001525878906,224.36000061035156,85.73999786376953,164.94000244140625
2022-09-28,118.01000213623047,141.61000061035156,100.73999786376953,133.44000244140625,287.80999755859375,149.83999633789062,44.369998931884766,245.1999969482422,88.86000061035156,166.36000061035156
2022-09-29,114.80000305175781,136.41000366210938,98.08999633789062,125.33000183105469,268.2099914550781,142.47999572753906,44.08333206176758,239.7100067138672,88.68000030517578,164.52999877929688
2022-09-30,113.0,135.67999267578125,96.1500015258789,121.08000183105469,265.25,138.1999969482422,43.233333587646484,235.44000244140625,87.30999755859375,163.36000061035156
2022-10-03,115.87999725341797,138.61000061035156,99.30000305175781,126.05000305175781,242.39999389648438,142.4499969482422,44.176666259765625,239.0399932861328,91.91999816894531,163.1999969482422
2022-10-04,121.08999633789062,140.27999877929688,102.41000366210938,133.50999450683594,249.44000244140625,146.10000610351562,44.75,240.74000549316406,95.2699966430664,165.6199951171875
2022-10-05,120.94999694824219,138.97999572753906,102.22000122070312,132.11000061035156,240.80999755859375,146.39999389648438,44.30666732788086,236.72999572753906,99.12000274658203,165.11000061035156
2022-10-06,120.30000305175781,139.07000732421875,102.23999786376953,132.1999969482422,238.1300048828125,145.42999267578125,43.893333435058594,240.02000427246094,102.05999755859375,161.91000366210938
2022-10-07,114.55999755859375,133.4499969482422,99.56999969482422,129.7899932861328,223.07000732421875,140.08999633789062,42.85333251953125,224.75,101.02999877929688,160.1999969482422
2022-10-10,113.66999816894531,133.7899932861328,98.70999908447266,131.89999389648438,222.9600067138672,140.4199981689453,43.106666564941406,229.97999572753906,98.83999633789062,160.41000366210938
2022-10-11,112.20999908447266,128.5399932861328,98.05000305175781,131.57000732421875,216.5,138.97999572753906,44.223331451416016,214.2899932861328,98.0,162.72999572753906
2022-10-12,112.9000015258789,127.5,98.30000305175781,130.4199981689453,217.24000549316406,138.33999633789062,43.723331451416016,220.8699951171875,98.43000030517578,162.69000244140625
2022-10-13,112.52999877929688,130.2899932861328,99.70999908447266,132.39999389648438,221.72000122070312,142.99000549316406,44.09333419799805,232.50999450683594,101.87000274658203,165.14999389648438
2022-10-14,106.9000015258789,126.76000213623047,97.18000030517578,133.14999389648438,204.99000549316406,138.3800048828125,43.47666549682617,230.0,99.19000244140625,164.4600067138672
2022-10-17,113.79000091552734,134.0399932861328,100.77999877929688,136.08999633789062,219.35000610351562,142.41000366210938,43.790000915527344,245.10000610351562,100.62000274658203,166.58999633789062
2022-10-18,116.36000061035156,132.8000030517578,101.38999938964844,137.33999633789062,220.19000244140625,143.75,44.71333312988281,240.86000061035156,100.80000305175781,166.00999450683594
2022-10-19,115.06999969482422,133.22999572753906,100.29000091552734,138.38999938964844,222.0399932861328,143.86000061035156,44.586666107177734,272.3800048828125,103.79000091552734,164.69000244140625
2022-10-20,115.25,131.52999877929688,100.52999877929688,139.1300048828125,207.27999877929688,143.38999938964844,44.6966667175293,268.1600036621094,103.93000030517578,165.11000061035156
2022-10-21,119.31999969482422,130.00999450683594,101.4800033569336,141.32000732421875,214.44000244140625,147.27000427246094,45.599998474121094,289.57000732421875,105.86000061035156,168.7100067138672
2022-10-24,119.81999969482422,129.72000122070312,102.97000122070312,142.0500030517578,211.25,149.4499969482422,46.470001220703125,282.45001220703125,106.5999984741211,170.97999572753906
2022-10-25,120.5999984741211,137.50999450683594,104.93000030517578,146.64999389648438,222.4199981689453,152.33999633789062,46.689998626708984,291.0199890136719,105.87999725341797,170.7100067138672
2022-10-26,115.66000366210938,129.82000732421875,94.81999969482422,133.7899932861328,224.63999938964844,149.35000610351562,47.04666519165039,298.6199951171875,107.13999938964844,172.2100067138672
2022-10-27,110.95999908447266,97.94000244140625,92.5999984741211,139.75999450683594,225.08999633789062,144.8000030517578,46.90999984741211,296.94000244140625,107.55000305175781,172.30999755859375
2022-10-28,103.41000366210938,99.19999694824219,96.58000183105469,143.83999633789062,228.52000427246094,155.74000549316406,47.503334045410156,295.7200012207031,110.69999694824219,174.8699951171875
2022-10-31,102.44000244140625,93.16000366210938,94.66000366210938,142.50999450683594,227.5399932861328,153.33999633789062,47.44333267211914,291.8800048828125,110.80999755859375,173.97000122070312
2022-11-01,96.79000091552734,95.19999694824219,90.5,143.3800048828125,227.82000732421875,150.64999389648438,47.22999954223633,286.75,111.91000366210938,173.08999633789062
2022-11-02,92.12000274658203,90.54000091552734,87.06999969482422,147.41000366210938,214.97999572753906,145.02999877929688,46.91666793823242,273.0,109.61000061035156,170.42999267578125
2022-11-03,89.30000305175781,88.91000366210938,83.48999786376953,156.75,215.30999755859375,138.8800048828125,46.90666580200195,269.05999755859375,111.0999984741211,170.72000122070312
2022-11-04,90.9800033569336,90.79000091552734,86.69999694824219,160.00999450683594,207.47000122070312,138.3800048828125,46.9900016784668,260.7900085449219,112.30999755859375,171.47999572753906
2022-11-07,90.52999877929688,96.72000122070312,88.6500015258789,164.91000366210938,197.0800018310547,138.9199981689453,47.483333587646484,258.6000061035156,113.63999938964844,172.97999572753906
2022-11-08,89.9800033569336,96.47000122070312,88.91000366210938,169.6199951171875,191.3000030517578,139.5,47.5966682434082,263.4599914550781,114.0,173.83999633789062
2022-11-09,86.13999938964844,101.47000122070312,87.4000015258789,168.74000549316406,177.58999633789062,134.8699951171875,46.4900016784668,254.66000366210938,108.9000015258789,172.4499969482422
2022-11-10,96.62999725341797,111.87000274658203,94.16999816894531,177.5800018310547,190.72000122070312,146.8699951171875,47.45333480834961,274.9700012207031,110.5,174.47000122070312
2022-11-11,100.79000091552734,113.0199966430664,96.7300033569336,177.49000549316406,195.97000122070312,149.6999969482422,47.526668548583984,290.1300048828125,113.94999694824219,169.25
2022-11-14,98.48999786376953,114.22000122070312,96.02999877929688,173.5500030517578,190.9499969482422,148.27999877929688,46.130001068115234,299.2699890136719,113.37000274658203,171.91000366210938
2022-11-15,98.94000244140625,117.08000183105469,98.72000122070312,175.35000610351562,194.4199981689453,150.0399932861328,49.14666748046875,310.20001220703125,114.12999725341797,172.38999938964844
2022-11-16,97.12000274658203,113.2300033569336,98.98999786376953,172.69000244140625,186.9199981689453,148.7899932861328,49.5,306.0199890136719,112.91000366210938,173.4600067138672
2022-11-17,94.8499984741211,111.44999694824219,98.5,172.77999877929688,183.1699981689453,150.72000122070312,49.33333206176758,295.2799987792969,113.05999755859375,174.86000061035156
2022-11-18,94.13999938964844,112.05000305175781,97.80000305175781,173.88999938964844,180.19000244140625,151.2899932861328,50.07666778564453,287.9800109863281,112.08000183105469,176.1999969482422
2022-11-21,92.45999908447266,109.86000061035156,95.83000183105469,172.94000244140625,167.8699951171875,148.00999450683594,50.383331298828125,285.04998779296875,110.97000122070312,175.97000122070312
2022-11-22,93.19999694824219,111.44000244140625,97.33000183105469,172.5,169.91000366210938,150.17999267578125,50.563331604003906,286.69000244140625,114.18000030517578,176.82000732421875
2022-11-23,94.12999725341797,112.23999786376953,98.81999969482422,174.85000610351562,183.1999969482422,151.07000732421875,50.80666732788086,291.5,113.61000061035156,177.00999450683594
2022-11-25,93.41000366210938,111.41000366210938,97.5999984741211,178.36000061035156,182.86000061035156,148.11000061035156,51.02333450317383,285.5400085449219,113.20999908447266,177.24000549316406
2022-11-28,93.94999694824219,108.77999877929688,96.25,171.8300018310547,182.9199981689453,144.22000122070312,51.16999816894531,281.1700134277344,109.80999755859375,177.3300018310547
2022-11-29,92.41999816894531,109.45999908447266,95.44000244140625,175.32000732421875,180.8300018310547,141.1699981689453,50.9900016784668,280.9599914550781,110.54000091552734,176.08999633789062
2022-11-30,96.54000091552734,118.0999984741211,101.44999694824219,178.8800048828125,194.6999969482422,148.02999877929688,50.80666732788086,305.5299987792969,111.33999633789062,178.0
2022-12-01,95.5,120.44000244140625,101.27999877929688,175.77999877929688,194.6999969482422,148.30999755859375,51.12333297729492,316.95001220703125,110.80000305175781,178.74000549316406
2022-12-02,94.12999725341797,123.48999786376953,100.83000183105469,182.8699951171875,194.86000061035156,147.80999755859375,51.073333740234375,320.4100036621094,109.86000061035156,178.8800048828125
2022-12-05,91.01000213623047,122.43000030517578,99.87000274658203,185.10000610351562,182.4499969482422,146.6300048828125,50.54999923706055,312.5899963378906,106.8499984741211,178.77999877929688
2022-12-06,88.25,114.12000274658203,97.30999755859375,178.42999267578125,179.82000732421875,142.91000366210938,49.96333312988281,305.55999755859375,103.87999725341797,176.10000610351562
2022-12-07,88.45999908447266,113.93000030517578,95.1500015258789,176.5,174.0399932861328,140.94000244140625,49.70333480834961,308.4200134277344,103.6500015258789,177.1699981689453
2022-12-08,90.3499984741211,115.33000183105469,93.94999694824219,179.0800018310547,173.44000244140625,142.64999389648438,49.59333419799805,310.260009765625,104.41999816894531,177.1999969482422
2022-12-09,89.08999633789062,115.9000015258789,93.06999969482422,179.5399932861328,179.0500030517578,142.16000366210938,48.436668395996094,320.010009765625,103.54000091552734,175.74000549316406
2022-12-12,90.55000305175781,114.70999908447266,93.55999755859375,186.27000427246094,167.82000732421875,144.49000549316406,49.34000015258789,315.17999267578125,106.08999633789062,177.83999633789062
2022-12-13,92.48999786376953,120.1500015258789,95.8499984741211,187.1300048828125,160.9499969482422,145.47000122070312,49.163333892822266,320.3399963378906,107.25,179.2100067138672
2022-12-14,91.58000183105469,121.58999633789062,95.30999755859375,188.25,156.8000030517578,143.2100067138672,48.88999938964844,317.8299865722656,106.45999908447266,179.75999450683594
2022-12-15,88.44999694824219,116.1500015258789,91.19999694824219,183.72000122070312,157.6699981689453,136.5,48.45333480834961,290.4100036621094,105.44000244140625,177.49000549316406
2022-12-16,87.86000061035156,119.43000030517578,90.86000061035156,184.6999969482422,150.22999572753906,134.50999450683594,47.58333206176758,290.7099914550781,104.69999694824219,175.6699981689453
2022-12-19,84.91999816894531,114.4800033569336,89.1500015258789,185.67999267578125,149.8699951171875,132.3699951171875,47.599998474121094,288.29998779296875,105.16999816894531,175.47999572753906
2022-12-20,85.19000244140625,117.08999633789062,89.62999725341797,188.2899932861328,137.8000030517578,132.3000030517578,48.016666412353516,288.19000244140625,106.69000244140625,175.6699981689453
2022-12-21,86.7699966430664,119.76000213623047,90.25,196.0,137.57000732421875,135.4499969482422,48.393333435058594,297.9599914550781,108.05999755859375,177.67999267578125
2022-12-22,83.79000091552734,117.12000274658203,88.26000213623047,188.25,125.3499984741211,132.22999572753906,47.82666778564453,297.75,105.87999725341797,177.02999877929688
2022-12-23,85.25,118.04000091552734,89.80999755859375,189.05999755859375,123.1500015258789,131.86000061035156,47.92333221435547,294.9599914550781,108.68000030517578,177.47999572753906
2022-12-27,83.04000091552734,116.87999725341797,87.93000030517578,189.39999389648438,109.0999984741211,130.02999877929688,47.936668395996094,284.1700134277344,110.19000244140625,177.42999267578125
2022-12-28,81.81999969482422,115.62000274658203,86.45999908447266,188.3800048828125,112.70999908447266,126.04000091552734,47.0966682434082,276.8800048828125,108.37999725341797,176.66000366210938
2022-12-29,84.18000030517578,120.26000213623047,88.94999694824219,188.91000366210938,121.81999969482422,129.61000061035156,47.383331298828125,291.1199951171875,109.19999694824219,177.55999755859375
2022-12-30,84.0,120.33999633789062,88.7300033569336,190.49000549316406,123.18000030517578,129.92999267578125,47.26333236694336,294.8800048828125,110.30000305175781,176.64999389648438
2023-01-03,85.81999969482422,124.73999786376953,89.69999694824219,195.38999938964844,108.0999984741211,125.06999969482422,47.866668701171875,294.95001220703125,106.51000213623047,178.19000244140625
2023-01-04,85.13999938964844,127.37000274658203,88.70999908447266,203.63999938964844,113.63999938964844,126.36000061035156,47.91999816894531,309.4100036621094,106.81999969482422,180.1300048828125
2023-01-05,83.12000274658203,126.94000244140625,86.7699966430664,204.99000549316406,110.33999633789062,125.0199966430664,47.75666809082031,309.70001220703125,109.20999908447266,178.8000030517578
2023-01-06,86.08000183105469,130.02000427246094,88.16000366210938,213.0,113.05999755859375,129.6199951171875,48.926666259765625,315.54998779296875,110.52999877929688,180.25
2023-01-09,87.36000061035156,129.47000122070312,88.80000305175781,208.57000732421875,119.7699966430664,130.14999389648438,48.31666564941406,315.1700134277344,108.47000122070312,175.5800018310547
2023-01-10,89.87000274658203,132.99000549316406,89.23999786376953,206.69000244140625,118.8499984741211,130.72999572753906,48.28666687011719,327.5400085449219,110.08999633789062,175.16000366210938
2023-01-11,95.08999633789062,132.88999938964844,92.26000213623047,208.02999877929688,123.22000122070312,133.49000549316406,48.709999084472656,327.260009765625,111.37000274658203,174.8800048828125
2023-01-12,95.2699966430664,136.7100067138672,91.91000366210938,214.32000732421875,123.55999755859375,133.41000366210938,48.27000045776367,330.1300048828125,113.22000122070312,174.0
2023-01-13,98.12000274658203,136.97999572753906,92.80000305175781,214.1300048828125,122.4000015258789,134.75999450683594,48.43000030517578,332.82000732421875,113.1500015258789,173.42999267578125
2023-01-17,96.05000305175781,135.36000061035156,92.16000366210938,211.41000366210938,131.49000549316406,135.94000244140625,48.13666534423828,326.2200012207031,112.93000030517578,172.36000061035156
2023-01-18,95.45999908447266,133.02000427246094,91.77999877929688,209.41000366210938,128.77999877929688,135.2100067138672,46.9466667175293,326.3299865722656,110.61000061035156,169.75999450683594
2023-01-19,93.68000030517578,136.14999389648438,93.91000366210938,207.08999633789062,127.16999816894531,135.27000427246094,46.276668548583984,315.7799987792969,111.31999969482422,169.52999877929688
2023-01-20,97.25,139.3699951171875,99.27999877929688,206.75999450683594,133.4199981689453,137.8699951171875,46.8466682434082,342.5,113.3499984741211,168.74000549316406
2023-01-23,97.5199966430664,143.27000427246094,101.20999908447266,209.97000122070312,143.75,141.11000061035156,47.54666519165039,357.4200134277344,112.76000213623047,168.30999755859375
2023-01-24,96.31999969482422,143.13999938964844,99.20999908447266,211.97999572753906,143.88999938964844,142.52999877929688,47.67333221435547,363.8299865722656,113.80999755859375,168.30999755859375
2023-01-25,97.18000030517578,141.5,96.7300033569336,212.67999267578125,144.42999267578125,141.86000061035156,47.4466667175293,367.9599914550781,113.20999908447266,169.50999450683594
2023-01-26,99.22000122070312,147.3000030517578,99.16000366210938,212.72999572753906,160.27000427246094,143.9600067138672,47.4033317565918,364.8699951171875,117.76000213623047,168.88999938964844
2023-01-27,102.23999786376953,151.74000549316406,100.70999908447266,211.1699981689453,177.89999389648438,145.92999267578125,47.766666412353516,360.7699890136719,115.61000061035156,168.22999572753906
2023-01-30,100.55000305175781,147.05999755859375,97.94999694824219,209.6699981689453,166.66000366210938,143.0,47.383331298828125,353.1099853515625,113.55999755859375,162.0
2023-01-31,103.12999725341797,148.97000122070312,99.87000274658203,213.0,173.22000122070312,144.2899932861328,47.956668853759766,353.8599853515625,116.01000213623047,163.4199981689453
2023-02-01,105.1500015258789,153.1199951171875,101.43000030517578,214.75,181.41000366210938,145.42999267578125,48.223331451416016,361.989990234375,114.73999786376953,164.9199981689453
2023-02-02,112.91000366210938,188.77000427246094,108.80000305175781,209.33999633789062,188.27000427246094,150.82000732421875,47.87333297729492,366.8900146484375,111.1500015258789,165.5399932861328
2023-02-03,103.38999938964844,186.52999877929688,105.22000122070312,206.00999450683594,189.97999572753906,154.5,47.23666763305664,365.8999938964844,111.91999816894531,164.61000061035156
2023-02-06,102.18000030517578,186.05999755859375,103.47000122070312,206.80999755859375,194.75999450683594,151.72999572753906,46.893333435058594,361.4800109863281,111.7300033569336,163.36000061035156
2023-02-07,102.11000061035156,191.6199951171875,108.04000091552734,214.75999450683594,196.80999755859375,154.64999389648438,46.99333190917969,362.95001220703125,114.91999816894531,163.39999389648438
2023-02-08,100.05000305175781,183.42999267578125,100.0,213.5,201.2899932861328,151.9199981689453,46.7400016784668,366.8299865722656,113.91999816894531,163.61000061035156
2023-02-09,98.23999786376953,177.9199981689453,95.45999908447266,211.99000549316406,207.32000732421875,150.8699951171875,47.17333221435547,362.5,114.3499984741211,161.39999389648438
2023-02-10,97.61000061035156,174.14999389648438,94.86000061035156,212.88999938964844,196.88999938964844,151.00999450683594,47.90666580200195,347.3599853515625,119.16999816894531,162.14999389648438
2023-02-13,99.54000091552734,179.42999267578125,95.0,215.64999389648438,194.63999938964844,153.85000610351562,48.63666534423828,358.57000732421875,117.80000305175781,162.75
2023-02-14,99.69999694824219,179.47999572753906,94.94999694824219,218.4499969482422,209.25,153.1999969482422,48.496665954589844,359.9599914550781,116.41999816894531,162.0399932861328
2023-02-15,101.16000366210938,177.16000366210938,97.0999984741211,217.44000244140625,214.24000549316406,155.3300018310547,48.856666564941406,361.4200134277344,116.06999969482422,159.3699951171875
2023-02-16,98.1500015258789,172.44000244140625,95.77999877929688,212.2100067138672,202.0399932861328,153.7100067138672,48.09000015258789,350.7099914550781,115.7300033569336,158.24000549316406
2023-02-17,97.19999694824219,172.8800048828125,94.58999633789062,211.66000366210938,208.30999755859375,152.5500030517578,48.813331604003906,347.9599914550781,111.27999877929688,160.38999938964844
2023-02-21,94.58000183105469,172.0800018310547,92.05000305175781,205.52000427246094,197.3699951171875,148.47999572753906,49.11000061035156,337.5,111.16999816894531,158.0
2023-02-22,95.79000091552734,171.1199951171875,91.80000305175781,205.75999450683594,200.86000061035156,148.91000366210938,48.08000183105469,334.8800048828125,109.7300033569336,157.77999877929688
2023-02-23,95.81999969482422,172.0399932861328,91.06999969482422,208.1300048828125,202.07000732421875,149.39999389648438,47.36333465576172,323.6499938964844,110.73999786376953,157.72999572753906
2023-02-24,93.5,170.38999938964844,89.3499984741211,198.14999389648438,196.8800048828125,146.7100067138672,47.4900016784668,317.1499938964844,110.75,155.97000122070312
2023-02-27,93.76000213623047,169.5399932861328,90.0999984741211,200.4600067138672,207.6300048828125,147.9199981689453,47.14666748046875,323.0299987792969,110.55000305175781,155.6300048828125
2023-02-28,94.2300033569336,174.94000244140625,90.30000305175781,201.5500030517578,205.7100067138672,147.41000366210938,47.37666702270508,322.1300048828125,109.91000366210938,153.25999450683594
2023-03-01,92.16999816894531,173.4199981689453,90.51000213623047,204.5500030517578,202.77000427246094,145.30999755859375,46.71666717529297,313.4800109863281,110.88999938964844,152.57000732421875
2023-03-02,92.12999725341797,174.52999877929688,92.30999755859375,210.05999755859375,190.89999389648438,145.91000366210938,46.83333206176758,311.8800048828125,111.4000015258789,152.4499969482422
2023-03-03,94.9000015258789,185.25,94.0199966430664,215.11000061035156,197.7899932861328,151.02999877929688,46.88999938964844,315.17999267578125,112.80999755859375,154.02000427246094
2023-03-06,93.75,184.89999389648438,95.58000183105469,211.9199981689453,193.80999755859375,153.8300018310547,46.883331298828125,312.0299987792969,113.80999755859375,155.55999755859375
2023-03-07,93.55000305175781,184.50999450683594,94.16999816894531,207.9199981689453,187.7100067138672,151.60000610351562,46.41666793823242,308.4700012207031,111.61000061035156,154.08999633789062
2023-03-08,93.91999816894531,184.97000122070312,94.6500015258789,207.1999969482422,182.0,152.8699951171875,46.03333282470703,311.7900085449219,109.9800033569336,152.9600067138672
2023-03-09,92.25,181.69000244140625,92.66000366210938,201.24000549316406,172.9199981689453,150.58999633789062,45.723331451416016,297.7799987792969,109.12999725341797,151.24000549316406
2023-03-10,90.7300033569336,179.50999450683594,91.01000213623047,203.07000732421875,173.44000244140625,148.5,45.65666580200195,292.760009765625,107.77999877929688,151.61000061035156
2023-03-13,92.43000030517578,180.89999389648438,91.66000366210938,203.3699951171875,174.47999572753906,150.47000122070312,45.790000915527344,293.510009765625,106.54000091552734,153.05999755859375
2023-03-14,94.87999725341797,194.02000427246094,94.25,207.27999877929688,183.25999450683594,152.58999633789062,46.03333282470703,294.94000244140625,106.94000244140625,153.9199981689453
2023-03-15,96.19999694824219,197.75,96.55000305175781,198.2100067138672,180.4499969482422,152.99000549316406,46.54666519165039,303.7900085449219,101.62000274658203,154.35000610351562
2023-03-16,100.04000091552734,204.92999267578125,101.06999969482422,203.19000244140625,184.1300048828125,155.85000610351562,46.09333419799805,310.05999755859375,101.02999877929688,154.02999877929688
2023-03-17,98.94999694824219,195.61000061035156,102.45999908447266,201.0500030517578,180.1300048828125,155.0,46.46666717529297,303.5,99.83999633789062,152.3800048828125
2023-03-20,97.70999908447266,197.80999755859375,101.93000030517578,204.77000427246094,183.25,157.39999389648438,46.96666717529297,305.1300048828125,102.44999694824219,153.88999938964844
2023-03-21,100.61000061035156,202.16000366210938,105.83999633789062,204.6999969482422,197.5800018310547,159.27999877929688,46.80666732788086,305.7900085449219,107.04000091552734,153.88999938964844
2023-03-22,98.69999694824219,199.80999755859375,104.22000122070312,196.16000366210938,191.14999389648438,157.8300018310547,46.50666809082031,293.8999938964844,104.58999633789062,151.0500030517578
2023-03-23,98.70999908447266,204.27999877929688,106.26000213623047,197.89999389648438,192.22000122070312,158.92999267578125,46.883331298828125,320.3699951171875,103.41000366210938,151.1300048828125
2023-03-24,98.12999725341797,206.00999450683594,106.05999755859375,197.52999877929688,190.41000366210938,160.25,47.266666412353516,328.3900146484375,103.52999877929688,152.64999389648438
2023-03-27,98.04000091552734,202.83999633789062,103.05999755859375,200.57000732421875,191.80999755859375,158.27999877929688,48.05666732788086,327.6600036621094,105.80000305175781,153.3000030517578
2023-03-28,97.23999786376953,200.67999267578125,101.36000061035156,204.9600067138672,189.19000244140625,157.64999389648438,47.869998931884766,323.5199890136719,107.12000274658203,151.82000732421875
2023-03-29,100.25,205.35000610351562,101.9000015258789,207.97000122070312,193.8800048828125,160.77000427246094,48.07666778564453,332.0299987792969,108.95999908447266,153.30999755859375
2023-03-30,102.0,207.83999633789062,101.31999969482422,211.0399932861328,195.27999877929688,162.36000061035156,48.55666732788086,338.42999267578125,109.48999786376953,153.42999267578125
2023-03-31,103.29000091552734,211.94000244140625,104.0,212.42999267578125,207.4600067138672,164.89999389648438,49.150001525878906,345.4800109863281,109.66000366210938,155.0
2023-04-03,102.41000366210938,213.07000732421875,104.91000366210938,215.38999938964844,194.77000427246094,166.1699981689453,49.563331604003906,348.2799987792969,116.12999725341797,156.85000610351562
2023-04-04,103.94999694824219,214.72000122070312,105.12000274658203,213.89999389648438,192.5800018310547,165.6300048828125,49.07666778564453,346.75,115.0199966430664,158.49000549316406
2023-04-05,101.0999984741211,211.47999572753906,104.94999694824219,210.0,185.52000427246094,163.75999450683594,49.88999938964844,342.3500061035156,116.98999786376953,165.61000061035156
2023-04-06,102.05999755859375,216.10000610351562,108.9000015258789,211.3699951171875,185.05999755859375,164.66000366210938,50.266666412353516,339.3299865722656,115.05000305175781,165.14999389648438
2023-04-10,102.16999816894531,214.75,106.94999694824219,210.77999877929688,184.50999450683594,162.02999877929688,50.16999816894531,338.989990234375,114.54000091552734,164.32000732421875
2023-04-11,99.91999816894531,213.85000610351562,106.12000274658203,212.32000732421875,186.7899932861328,160.8000030517578,50.02333450317383,338.2099914550781,115.3499984741211,164.27000427246094
2023-04-12,97.83000183105469,214.0,105.22000122070312,212.33999633789062,180.5399932861328,160.10000610351562,49.779998779296875,331.0299987792969,115.2300033569336,163.9199981689453
2023-04-13,102.4000015258789,220.35000610351562,108.19000244140625,213.58999633789062,185.89999389648438,165.55999755859375,49.83000183105469,346.19000244140625,115.7699966430664,166.11000061035156
2023-04-14,102.51000213623047,221.49000549316406,109.45999908447266,201.7100067138672,185.0,165.2100067138672,49.49333190917969,338.6300048828125,116.05000305175781,165.83999633789062
2023-04-17,102.73999786376953,218.86000061035156,106.41999816894531,205.02999877929688,187.0399932861328,165.22999572753906,49.84000015258789,332.7200012207031,114.69999694824219,165.6699981689453
2023-04-18,102.30000305175781,217.88999938964844,105.12000274658203,208.3699951171875,184.30999755859375,166.47000122070312,49.95000076293945,333.70001220703125,116.94000244140625,161.00999450683594
2023-04-19,104.30000305175781,215.6999969482422,105.0199966430664,208.7100067138672,180.58999633789062,167.6300048828125,50.003334045410156,323.1199951171875,116.56999969482422,162.52999877929688
2023-04-20,103.80999755859375,213.07000732421875,105.9000015258789,207.22999572753906,162.99000549316406,166.64999389648438,50.323333740234375,325.3500061035156,115.63999938964844,163.5800018310547
2023-04-21,106.95999908447266,212.88999938964844,105.91000366210938,205.14999389648438,165.0800018310547,165.02000427246094,50.57666778564453,327.9800109863281,116.01000213623047,162.69000244140625
2023-04-24,106.20999908447266,212.7899932861328,106.77999877929688,205.77000427246094,162.5500030517578,165.3300018310547,50.91999816894531,329.0199890136719,118.19999694824219,163.67999267578125
2023-04-25,102.56999969482422,207.5500030517578,104.61000061035156,202.19000244140625,160.6699981689453,163.77000427246094,50.52333450317383,322.54998779296875,116.5199966430664,165.17999267578125
2023-04-26,104.9800033569336,209.39999389648438,104.44999694824219,203.02999877929688,153.75,163.75999450683594,50.3033332824707,321.1499938964844,115.44999694824219,162.6199951171875
2023-04-27,109.81999969482422,238.55999755859375,108.37000274658203,206.0399932861328,160.19000244140625,168.41000366210938,50.459999084472656,325.8500061035156,116.83000183105469,163.0
2023-04-28,105.44999694824219,240.32000732421875,108.22000122070312,206.77999877929688,164.30999755859375,169.67999267578125,50.323333740234375,329.92999267578125,118.33999633789062,163.6999969482422
2023-05-01,102.05000305175781,243.17999267578125,107.70999908447266,203.8699951171875,161.8300018310547,169.58999633789062,50.529998779296875,324.1199951171875,114.66999816894531,163.60000610351562
2023-05-02,103.62999725341797,239.24000549316406,105.9800033569336,203.25,160.30999755859375,168.5399932861328,50.393333435058594,317.54998779296875,110.0999984741211,165.02999877929688
2023-05-03,103.6500015258789,237.02999877929688,106.12000274658203,200.92999267578125,160.61000061035156,167.4499969482422,50.206668853759766,319.29998779296875,107.93000030517578,162.8699951171875
2023-05-04,104.0,233.52000427246094,105.20999908447266,197.0500030517578,161.1999969482422,165.7899932861328,50.15666580200195,320.7799987792969,106.04000091552734,162.1300048828125
2023-05-05,105.66000366210938,232.77999877929688,106.21499633789062,198.33999633789062,170.05999755859375,173.57000732421875,50.59000015258789,322.760009765625,108.68000030517578,162.67999267578125
2023-05-08,105.83000183105469,233.27000427246094,108.23999786376953,197.25999450683594,171.7899932861328,173.5,50.90666580200195,331.2099914550781,109.11000061035156,162.30999755859375
2023-05-09,106.62000274658203,233.3699951171875,107.94000244140625,201.8800048828125,169.14999389648438,171.77000427246094,50.99333190917969,332.1400146484375,109.13999938964844,161.0500030517578
2023-05-10,110.19000244140625,233.0800018310547,112.27999877929688,200.83999633789062,168.5399932861328,173.55999755859375,50.849998474121094,335.4200134277344,107.73999786376953,161.64999389648438
2023-05-11,112.18000030517578,235.7899932861328,116.9000015258789,201.83999633789062,172.0800018310547,173.75,51.040000915527344,344.760009765625,105.79000091552734,160.99000549316406
2023-05-12,110.26000213623047,233.80999755859375,117.91999816894531,200.6999969482422,167.97999572753906,172.57000732421875,51.02333450317383,339.8900146484375,105.77999877929688,160.77999877929688
2023-05-15,111.19999694824219,238.86000061035156,116.95999908447266,202.77000427246094,166.35000610351562,172.07000732421875,50.62666702270508,335.8900146484375,105.06999969482422,159.5500030517578
2023-05-16,113.4000015258789,238.82000732421875,120.08999633789062,200.8699951171875,166.52000427246094,172.07000732421875,49.926666259765625,333.75,102.5199966430664,159.33999633789062
2023-05-17,115.5,242.49000549316406,121.4800033569336,206.8699951171875,173.86000061035156,172.69000244140625,49.84333419799805,339.9599914550781,104.81999969482422,158.99000549316406
2023-05-18,118.1500015258789,246.85000610351562,123.5199966430664,207.24000549316406,176.88999938964844,175.0500030517578,50.4900016784668,371.2900085449219,105.7699966430664,158.47999572753906
2023-05-19,116.25,245.63999938964844,123.25,205.49000549316406,180.13999938964844,175.16000366210938,49.970001220703125,365.3599853515625,106.26000213623047,158.91000366210938
2023-05-22,115.01000213623047,248.32000732421875,125.87000274658203,205.91000366210938,188.8699951171875,174.1999969482422,49.529998779296875,363.010009765625,104.97000122070312,156.8699951171875
2023-05-23,114.98999786376953,246.74000549316406,123.29000091552734,202.60000610351562,185.77000427246094,171.55999755859375,49.436668395996094,355.989990234375,106.4000015258789,156.80999755859375
2023-05-24,116.75,249.2100067138672,121.63999938964844,199.27000427246094,182.89999389648438,171.83999633789062,49.209999084472656,364.8500061035156,107.58999633789062,156.66000366210938
2023-05-25,115.0,252.69000244140625,124.3499984741211,200.8699951171875,184.47000122070312,172.99000549316406,48.720001220703125,359.0,105.66000366210938,154.41000366210938
2023-05-26,120.11000061035156,262.0400085449219,125.43000030517578,203.6300048828125,193.1699981689453,175.42999267578125,48.80666732788086,378.8800048828125,104.97000122070312,154.35000610351562
2023-05-30,121.66000366210938,262.5199890136719,124.63999938964844,204.69000244140625,201.16000366210938,177.3000030517578,48.686668395996094,392.9800109863281,104.04000091552734,154.3699951171875
2023-05-31,120.58000183105469,264.7200012207031,123.37000274658203,205.6999969482422,203.92999267578125,177.25,48.956668853759766,395.2300109863281,102.18000030517578,155.05999755859375
2023-06-01,122.7699966430664,272.6099853515625,124.37000274658203,207.9600067138672,207.52000427246094,180.08999633789062,49.13666534423828,403.1300048828125,103.36000061035156,154.5399932861328
2023-06-02,124.25,272.6099853515625,125.2300033569336,213.32000732421875,213.97000122070312,180.9499969482422,49.606666564941406,400.4700012207031,105.76000213623047,156.97000122070312
2023-06-05,125.30000305175781,271.3900146484375,126.62999725341797,208.77999877929688,217.61000061035156,179.5800018310547,49.93333435058594,403.5400085449219,105.29000091552734,158.32000732421875
2023-06-06,126.61000061035156,271.1199951171875,127.91000366210938,207.2899932861328,221.30999755859375,179.2100067138672,49.926666259765625,399.2900085449219,106.1500015258789,158.17999267578125
2023-06-07,121.2300033569336,263.6000061035156,122.94000244140625,211.92999267578125,224.57000732421875,177.82000732421875,50.0,399.7699890136719,108.52999877929688,158.52000427246094
2023-06-08,124.25,264.5799865722656,122.66999816894531,218.11000061035156,234.86000061035156,180.57000732421875,50.723331451416016,409.3699951171875,108.19000244140625,160.25999450683594
2023-06-09,123.43000030517578,264.95001220703125,122.87000274658203,217.30999755859375,244.39999389648438,180.9600067138672,51.029998779296875,420.0199890136719,107.38999938964844,160.00999450683594
2023-06-12,126.56999969482422,271.04998779296875,124.3499984741211,221.55999755859375,249.8300018310547,183.7899932861328,51.366668701171875,423.9700012207031,106.41999816894531,159.89999389648438
2023-06-13,126.66000366210938,271.32000732421875,124.43000030517578,220.3800048828125,258.7099914550781,183.30999755859375,51.766666412353516,435.7300109863281,106.44000244140625,160.74000549316406
2023-06-14,126.41999816894531,273.3500061035156,124.37999725341797,216.89999389648438,256.7900085449219,183.9499969482422,52.290000915527344,440.8599853515625,105.16000366210938,161.55999755859375
2023-06-15,127.11000061035156,281.8299865722656,125.79000091552734,219.41000366210938,255.89999389648438,186.00999450683594,52.57666778564453,445.2699890136719,105.88999938964844,163.72999572753906
2023-06-16,125.48999786376953,281.0,124.05999755859375,219.99000549316406,260.5400085449219,184.9199981689453,51.84333419799805,431.9599914550781,105.12999725341797,164.22999572753906
2023-06-20,125.77999877929688,284.3299865722656,123.8499984741211,212.3699951171875,274.45001220703125,185.00999450683594,51.38666534423828,434.70001220703125,102.72000122070312,164.1300048828125
2023-06-21,124.83000183105469,281.6400146484375,121.26000213623047,212.0800018310547,259.4599914550781,183.9600067138672,51.48666763305664,424.45001220703125,103.87000274658203,163.8800048828125
2023-06-22,130.14999389648438,284.8800048828125,123.87000274658203,205.61000061035156,264.6099853515625,187.0,51.91666793823242,422.4800109863281,103.30000305175781,165.6199951171875
2023-06-23,129.3300018310547,288.7300109863281,123.0199966430664,205.41000366210938,256.6000061035156,186.67999267578125,51.81999969482422,424.0199890136719,102.4000015258789,165.47999572753906
2023-06-26,127.33000183105469,278.4700012207031,119.08999633789062,205.5800018310547,241.0500030517578,185.27000427246094,51.68333435058594,415.94000244140625,104.29000091552734,163.6300048828125
2023-06-27,129.17999267578125,287.04998779296875,119.01000213623047,209.42999267578125,250.2100067138672,188.05999755859375,51.496665954589844,417.0799865722656,104.55000305175781,163.2899932861328
2023-06-28,129.0399932861328,285.2900085449219,121.08000183105469,210.72000122070312,256.239990234375,189.25,51.776668548583984,429.8399963378906,105.4000015258789,162.9600067138672
2023-06-29,127.9000015258789,281.5299987792969,120.01000213623047,211.8300018310547,257.5,189.58999633789062,51.426666259765625,428.239990234375,106.69999694824219,164.10000610351562
2023-06-30,130.36000061035156,286.9800109863281,120.97000122070312,211.16000366210938,261.7699890136719,193.97000122070312,52.393333435058594,440.489990234375,107.25,165.52000427246094
2023-07-03,130.22000122070312,286.0199890136719,120.55999755859375,210.9199981689453,279.82000732421875,192.4600067138672,52.733333587646484,441.44000244140625,107.45999908447266,163.35000610351562
2023-07-05,130.3800048828125,294.3699951171875,122.62999725341797,213.30999755859375,282.4800109863281,191.3300018310547,52.70333480834961,445.8999938964844,106.91000366210938,162.80999755859375
2023-07-06,128.36000061035156,291.989990234375,120.93000030517578,212.6199951171875,276.5400085449219,191.80999755859375,52.369998931884766,438.8399963378906,102.91999816894531,161.60000610351562
2023-07-07,129.77999877929688,290.5299987792969,120.13999938964844,212.10000610351562,274.42999267578125,190.67999267578125,51.163333892822266,438.1000061035156,103.16000366210938,159.25
2023-07-10,127.12999725341797,294.1000061035156,116.87000274658203,213.30999755859375,269.6099853515625,188.61000061035156,51.62666702270508,441.7099914550781,104.69000244140625,159.50999450683594
2023-07-11,128.77999877929688,298.2900085449219,117.70999908447266,218.75999450683594,269.7900085449219,188.0800018310547,51.54999923706055,440.2099914550781,105.97000122070312,158.6300048828125
2023-07-12,130.8000030517578,309.3399963378906,119.62000274658203,217.11000061035156,271.989990234375,189.77000427246094,51.68000030517578,444.04998779296875,106.48999786376953,158.0800018310547
2023-07-13,134.3000030517578,313.4100036621094,124.83000183105469,216.85000610351562,277.8999938964844,190.5399932861328,51.37666702270508,450.3800048828125,104.54000091552734,158.80999755859375
2023-07-14,134.67999267578125,308.8699951171875,125.69999694824219,213.1199951171875,281.3800048828125,190.69000244140625,51.5533332824707,441.9100036621094,100.94000244140625,159.8699951171875
2023-07-17,133.55999755859375,310.6199951171875,125.05999755859375,211.8699951171875,290.3800048828125,193.99000549316406,51.616668701171875,450.04998779296875,101.37999725341797,159.07000732421875
2023-07-18,132.8300018310547,312.04998779296875,124.08000183105469,211.57000732421875,293.3399963378906,193.72999572753906,51.52333450317383,474.79998779296875,100.91999816894531,159.05999755859375
2023-07-19,135.36000061035156,316.010009765625,122.77999877929688,208.60000610351562,291.260009765625,195.10000610351562,51.540000915527344,477.5899963378906,101.62000274658203,158.74000549316406
2023-07-20,129.9600067138672,302.5199890136719,119.52999877929688,213.61000061035156,262.8999938964844,193.1300048828125,52.49333190917969,437.4200134277344,103.41000366210938,168.3800048828125
2023-07-21,130.0,294.260009765625,120.30999755859375,211.8000030517578,260.0199890136719,191.94000244140625,52.790000915527344,427.5,103.88999938964844,170.19000244140625
2023-07-24,128.8000030517578,291.6099853515625,121.87999725341797,215.8699951171875,269.05999755859375,192.75,53.099998474121094,428.3699951171875,105.5199966430664,171.0800018310547
2023-07-25,129.1300048828125,294.4700012207031,122.79000091552734,214.1199951171875,265.2799987792969,193.6199951171875,53.05666732788086,427.70001220703125,105.68000030517578,172.38999938964844
2023-07-26,128.14999389648438,298.57000732421875,129.66000366210938,232.8000030517578,264.3500061035156,194.5,53.246665954589844,422.6700134277344,105.08999633789062,172.72000122070312
2023-07-27,128.25,311.7099914550781,129.8699951171875,233.75,255.7100067138672,193.22000122070312,53.0533332824707,413.1700134277344,105.41999816894531,173.69000244140625
2023-07-28,132.2100067138672,325.4800109863281,133.00999450683594,238.69000244140625,266.44000244140625,195.8300018310547,53.3033332824707,425.7799987792969,104.16000366210938,174.47999572753906
2023-07-31,133.67999267578125,318.6000061035156,133.11000061035156,238.85000610351562,267.42999267578125,196.4499969482422,53.28666687011719,438.9700012207031,107.23999786376953,167.52999877929688
2023-08-01,131.69000244140625,322.7099914550781,131.88999938964844,238.00999450683594,261.07000732421875,195.61000061035156,53.03666687011719,438.6199951171875,106.62000274658203,168.88999938964844
2023-08-02,128.2100067138672,314.30999755859375,128.63999938964844,231.3800048828125,254.11000061035156,192.5800018310547,53.073333740234375,429.70001220703125,105.29000091552734,169.91000366210938
2023-08-03,128.91000366210938,313.19000244140625,128.77000427246094,231.36000061035156,259.32000732421875,191.1699981689453,53.086666107177734,431.0,107.12000274658203,170.63999938964844
2023-08-04,139.57000732421875,310.7300109863281,128.5399932861328,231.36000061035156,253.86000061035156,181.99000549316406,52.779998779296875,431.6000061035156,107.41999816894531,169.0399932861328
2023-08-07,142.22000122070312,316.55999755859375,131.94000244140625,238.25,251.4499969482422,178.85000610351562,53.496665954589844,440.760009765625,107.19999694824219,173.10000610351562
2023-08-08,139.94000244140625,312.6400146484375,131.83999633789062,238.0399932861328,249.6999969482422,179.8000030517578,53.54999923706055,438.29998779296875,107.7300033569336,173.17999267578125
2023-08-09,137.85000610351562,305.2099914550781,130.14999389648438,237.86000061035156,242.19000244140625,178.19000244140625,53.63666534423828,428.8999938964844,109.55999755859375,173.07000732421875
2023-08-10,138.55999755859375,305.739990234375,130.2100067138672,238.25999450683594,245.33999633789062,177.97000122070312,53.41999816894531,429.9800109863281,110.12000274658203,172.1699981689453
2023-08-11,138.41000366210938,301.6400146484375,130.1699981689453,235.72000122070312,242.64999389648438,177.7899932861328,53.733333587646484,421.6600036621094,111.83000183105469,173.85000610351562
2023-08-14,140.57000732421875,306.19000244140625,131.8300018310547,236.7100067138672,239.75999450683594,179.4600067138672,53.33333206176758,427.7799987792969,111.91999816894531,173.44000244140625
2023-08-15,137.6699981689453,301.95001220703125,130.27000427246094,232.25999450683594,232.9600067138672,177.4499969482422,53.060001373291016,423.70001220703125,108.16000366210938,172.94000244140625
2023-08-16,135.07000732421875,294.2900085449219,129.11000061035156,229.9499969482422,225.60000610351562,176.57000732421875,53.086666107177734,415.45001220703125,106.33999633789062,172.38999938964844
2023-08-17,133.97999572753906,285.0899963378906,130.4600067138672,224.5399932861328,219.22000122070312,174.0,51.89666748046875,403.0,108.4000015258789,174.00999450683594
2023-08-18,133.22000122070312,283.25,128.11000061035156,226.64999389648438,215.49000549316406,174.49000549316406,52.643333435058594,404.5299987792969,110.04000091552734,172.49000549316406
2023-08-21,134.67999267578125,289.8999938964844,128.92999267578125,227.22000122070312,231.27999877929688,175.83999633789062,52.503334045410156,408.2900085449219,108.70999908447266,167.35000610351562
2023-08-22,134.25,287.6000061035156,129.69000244140625,230.07000732421875,233.19000244140625,177.22999572753906,52.336666107177734,413.1700134277344,108.0999984741211,166.02000427246094
2023-08-23,135.52000427246094,294.239990234375,133.2100067138672,228.5800018310547,236.86000061035156,181.1199951171875,52.70000076293945,427.54998779296875,107.1500015258789,164.52999877929688
2023-08-24,131.83999633789062,286.75,130.4199981689453,217.30999755859375,230.0399932861328,176.3800048828125,52.29666519165039,406.92999267578125,106.3499984741211,165.08999633789062
2023-08-25,133.25999450683594,285.5,130.69000244140625,223.41000366210938,238.58999633789062,178.61000061035156,52.606666564941406,416.0299987792969,108.25,166.25
2023-08-28,133.13999938964844,290.260009765625,131.7899932861328,227.05999755859375,238.82000732421875,180.19000244140625,52.90666580200195,418.05999755859375,109.16000366210938,164.2899932861328
2023-08-29,134.91000366210938,297.989990234375,135.49000549316406,227.25,257.17999267578125,184.1199951171875,53.349998474121094,429.989990234375,109.80999755859375,164.30999755859375
2023-08-30,135.07000732421875,295.1000061035156,136.92999267578125,228.85000610351562,256.8999938964844,187.64999389648438,53.733333587646484,434.6700134277344,110.87999725341797,163.72999572753906
2023-08-31,138.00999450683594,295.8900146484375,137.35000610351562,224.02999877929688,258.0799865722656,187.8699951171875,54.20333480834961,433.67999267578125,111.19000244140625,161.67999267578125
2023-09-01,138.1199951171875,296.3800048828125,136.8000030517578,223.39999389648438,245.00999450683594,189.4600067138672,53.856666564941406,439.8800048828125,113.5199966430664,160.47999572753906
2023-09-05,137.27000427246094,300.1499938964844,136.7100067138672,222.57000732421875,256.489990234375,189.6999969482422,53.42333221435547,448.67999267578125,113.52999877929688,160.67999267578125
2023-09-06,135.36000061035156,299.1700134277344,135.3699951171875,217.9499969482422,251.9199981689453,182.91000366210938,53.823333740234375,445.760009765625,114.51000213623047,158.00999450683594
2023-09-07,137.85000610351562,298.6700134277344,136.1999969482422,216.0500030517578,251.49000549316406,177.55999755859375,54.4900016784668,443.1400146484375,113.94999694824219,160.02999877929688
2023-09-08,138.22999572753906,297.8900146484375,137.1999969482422,211.27000427246094,248.5,178.17999267578125,54.59000015258789,442.79998779296875,115.61000061035156,160.55999755859375
2023-09-11,143.10000610351562,307.55999755859375,137.74000549316406,211.00999450683594,273.5799865722656,179.36000061035156,54.779998779296875,445.3599853515625,114.16000366210938,162.66000366210938
2023-09-12,141.22999572753906,301.6600036621094,136.07000732421875,210.64999389648438,267.4800109863281,176.3000030517578,54.84000015258789,434.69000244140625,117.48999786376953,163.5800018310547
2023-09-13,144.85000610351562,305.05999755859375,137.5,208.39999389648438,271.29998779296875,174.2100067138672,54.85333251953125,412.239990234375,116.44000244140625,163.99000549316406
2023-09-14,144.72000122070312,311.7200012207031,138.99000549316406,209.0500030517578,276.0400085449219,175.74000549316406,55.08333206176758,400.489990234375,118.5199966430664,163.74000549316406
2023-09-15,140.38999938964844,300.30999755859375,138.3000030517578,208.11000061035156,274.3900146484375,175.00999450683594,54.880001068115234,396.94000244140625,116.69999694824219,161.4499969482422
2023-09-18,139.97999572753906,302.54998779296875,138.9600067138672,205.1199951171875,265.2799987792969,177.97000122070312,54.473331451416016,394.3999938964844,117.63999938964844,162.47000122070312
2023-09-19,137.6300048828125,305.07000732421875,138.8300018310547,204.47999572753906,266.5,179.07000732421875,54.459999084472656,396.20001220703125,117.33000183105469,162.1999969482422
2023-09-20,135.2899932861328,299.6700134277344,134.58999633789062,202.3699951171875,262.5899963378906,175.49000549316406,54.63666534423828,386.29998779296875,116.4000015258789,162.91000366210938
2023-09-21,129.3300018310547,295.7300109863281,131.36000061035156,199.9499969482422,255.6999969482422,173.92999267578125,53.973331451416016,384.1499938964844,114.76000213623047,161.66000366210938
2023-09-22,129.1199951171875,299.0799865722656,131.25,197.7100067138672,244.8800048828125,174.7899932861328,54.116668701171875,379.80999755859375,114.94000244140625,160.5
2023-09-25,131.27000427246094,300.8299865722656,132.1699981689453,198.77999877929688,246.99000549316406,176.0800018310547,54.356666564941406,384.79998779296875,116.2300033569336,160.25999450683594
2023-09-26,125.9800033569336,298.9599914550781,129.4499969482422,195.63999938964844,244.1199951171875,171.9600067138672,54.16666793823242,379.25,116.41000366210938,159.02000427246094
2023-09-27,125.9800033569336,297.739990234375,131.4600067138672,195.4600067138672,240.5,170.42999267578125,53.90666580200195,377.5899963378906,120.19999694824219,157.11000061035156
2023-09-28,125.9800033569336,303.9599914550781,133.1300048828125,190.42999267578125,246.3800048828125,170.69000244140625,54.18000030517578,376.3599853515625,119.47000122070312,156.8800048828125
2023-09-29,127.12000274658203,300.2099914550781,131.85000610351562,191.67999267578125,250.22000122070312,171.2100067138672,53.310001373291016,377.6000061035156,117.58000183105469,155.75
2023-10-02,129.4600067138672,306.82000732421875,135.1699981689453,187.8300018310547,251.60000610351562,173.75,53.366668701171875,380.3299865722656,115.62999725341797,155.14999389648438
2023-10-03,124.72000122070312,300.94000244140625,133.3000030517578,188.9199981689453,246.52999877929688,172.39999389648438,53.029998779296875,376.75,115.83000183105469,155.33999633789062
2023-10-04,127.0,305.5799865722656,136.27000427246094,186.72999572753906,261.1600036621094,173.66000366210938,53.66666793823242,376.8999938964844,111.5,155.52000427246094
2023-10-05,125.95999908447266,304.7900085449219,135.99000549316406,186.2899932861328,260.04998779296875,174.91000366210938,53.026668548583984,372.5899963378906,108.98999786376953,157.13999938964844
2023-10-06,127.95999908447266,315.42999267578125,138.72999572753906,187.3800048828125,260.5299987792969,177.49000549316406,52.13666534423828,381.510009765625,107.16999816894531,157.63999938964844
2023-10-09,128.25999450683594,318.3599853515625,139.5,188.49000549316406,259.6700134277344,178.99000549316406,51.9466667175293,385.95001220703125,110.91999816894531,158.5399932861328
2023-10-10,129.47999572753906,321.8399963378906,139.1999969482422,193.52999877929688,263.6199951171875,178.38999938964844,52.53333282470703,373.32000732421875,110.44999694824219,158.36000061035156
2023-10-11,131.8300018310547,327.82000732421875,141.6999969482422,196.07000732421875,262.989990234375,179.8000030517578,52.74333190917969,365.92999267578125,106.48999786376953,156.17999267578125
2023-10-12,132.3300018310547,324.1600036621094,140.2899932861328,191.3000030517578,258.8699951171875,180.7100067138672,52.983333587646484,361.20001220703125,106.47000122070312,156.3300018310547
2023-10-13,129.7899932861328,314.69000244140625,138.5800018310547,184.91000366210938,251.1199951171875,178.85000610351562,53.276668548583984,355.67999267578125,109.87000274658203,156.85000610351562
2023-10-16,132.5500030517578,321.1499938964844,140.49000549316406,184.92999267578125,253.9199981689453,178.72000122070312,53.73666763305664,360.82000732421875,109.94999694824219,157.52999877929688
2023-10-17,131.47000122070312,324.0,140.99000549316406,185.60000610351562,254.85000610351562,177.14999389648438,53.80666732788086,355.7200012207031,111.38999938964844,156.08999633789062
2023-10-18,128.1300048828125,316.9700012207031,139.27999877929688,185.69000244140625,242.67999267578125,175.83999633789062,53.8466682434082,346.19000244140625,112.94999694824219,152.72999572753906
2023-10-19,128.39999389648438,312.80999755859375,138.97999572753906,182.7899932861328,220.11000061035156,175.4600067138672,53.59000015258789,401.7699890136719,113.0199966430664,152.32000732421875
2023-10-20,125.16999816894531,308.6499938964844,136.74000549316406,180.0399932861328,211.99000549316406,172.8800048828125,52.91999816894531,400.9599914550781,111.08000183105469,153.0
2023-10-23,126.55999755859375,314.010009765625,137.89999389648438,181.02999877929688,212.0800018310547,173.0,53.66999816894531,406.8399963378906,109.44999694824219,151.38999938964844
2023-10-24,128.55999755859375,312.54998779296875,140.1199951171875,182.36000061035156,216.52000427246094,173.44000244140625,54.41666793823242,413.7300109863281,108.38999938964844,151.22999572753906
2023-10-25,121.38999938964844,299.5299987792969,126.66999816894531,177.72999572753906,212.4199981689453,171.10000610351562,54.253334045410156,411.25,108.58999633789062,151.57000732421875
2023-10-26,119.56999969482422,288.3500061035156,123.44000244140625,179.08999633789062,205.75999450683594,166.88999938964844,53.92333221435547,403.5400085449219,107.5999984741211,149.0
2023-10-27,127.73999786376953,296.7300109863281,123.4000015258789,179.69000244140625,207.3000030517578,168.22000122070312,53.723331451416016,397.8699951171875,105.55000305175781,145.60000610351562
2023-10-30,132.7100067138672,302.6600036621094,125.75,182.35000610351562,197.36000061035156,170.2899932861328,54.34000015258789,410.0799865722656,105.87999725341797,147.02999877929688
2023-10-31,133.08999633789062,301.2699890136719,125.30000305175781,186.82000732421875,200.83999633789062,170.77000427246094,54.470001220703125,411.69000244140625,105.8499984741211,148.33999633789062
2023-11-01,137.0,311.8500061035156,127.56999969482422,189.3800048828125,205.66000366210938,173.97000122070312,54.956668853759766,420.19000244140625,105.63999938964844,148.69000244140625
2023-11-02,138.07000732421875,310.8699951171875,128.5800018310547,192.00999450683594,218.50999450683594,177.57000732421875,55.17333221435547,424.7099914550781,109.11000061035156,150.24000549316406
2023-11-03,138.60000610351562,314.6000061035156,130.3699951171875,195.0500030517578,219.9600067138672,176.64999389648438,54.88666534423828,432.3599853515625,107.77999877929688,151.33999633789062
2023-11-06,139.74000549316406,315.79998779296875,131.4499969482422,192.9499969482422,219.27000427246094,179.22999572753906,54.959999084472656,434.739990234375,105.87000274658203,151.6999969482422
2023-11-07,142.7100067138672,318.82000732421875,132.39999389648438,191.41000366210938,222.17999267578125,181.82000732421875,55.21666717529297,434.6099853515625,104.20999908447266,150.89999389648438
2023-11-08,142.0800018310547,319.7799987792969,133.25999450683594,191.8300018310547,222.11000061035156,182.88999938964844,54.766666412353516,436.6499938964844,102.93000030517578,150.35000610351562
2023-11-09,140.60000610351562,320.54998779296875,131.69000244140625,193.3300018310547,209.97999572753906,182.41000366210938,54.63999938964844,435.1499938964844,102.95999908447266,147.4199981689453
2023-11-10,143.55999755859375,328.7699890136719,134.05999755859375,196.64999389648438,214.64999389648438,186.39999389648438,55.39666748046875,447.239990234375,103.75,147.25
2023-11-13,142.58999633789062,329.19000244140625,133.63999938964844,204.5399932861328,223.7100067138672,184.8000030517578,55.893333435058594,444.6199951171875,104.83999633789062,147.6300048828125
2023-11-14,145.8000030517578,336.30999755859375,135.42999267578125,207.47000122070312,237.41000366210938,187.44000244140625,55.883331298828125,448.6499938964844,104.29000091552734,147.66000366210938
2023-11-15,143.1999969482422,332.7099914550781,136.3800048828125,208.7100067138672,242.83999633789062,188.00999450683594,56.59333419799805,461.94000244140625,103.66000366210938,148.8000030517578
2023-11-16,142.8300018310547,334.19000244140625,138.6999969482422,206.60000610351562,233.58999633789062,189.7100067138672,52.01333236694336,466.95001220703125,102.45999908447266,150.10000610351562
2023-11-17,145.17999267578125,335.0400085449219,136.94000244140625,208.0399932861328,234.3000030517578,189.69000244140625,51.78333282470703,465.9100036621094,104.95999908447266,149.7899932861328
2023-11-20,146.1300048828125,339.9700012207031,137.9199981689453,217.7100067138672,235.60000610351562,191.4499969482422,51.766666412353516,474.4700012207031,104.5,149.91000366210938
2023-11-21,143.89999389648438,336.9800109863281,138.6199951171875,218.27000427246094,241.1999969482422,190.63999938964844,51.95333480834961,474.95001220703125,104.45999908447266,151.1199951171875
2023-11-22,146.7100067138672,341.489990234375,140.02000427246094,219.91000366210938,234.2100067138672,191.30999755859375,51.55666732788086,478.0,104.01000213623047,150.82000732421875
2023-11-24,146.74000549316406,338.2300109863281,138.22000122070312,220.0,235.4499969482422,189.97000122070312,52.02000045776367,479.55999755859375,104.56999969482422,152.5
2023-11-27,147.72999572753906,334.70001220703125,138.0500030517578,219.3000030517578,236.0800018310547,189.7899932861328,52.25666809082031,479.1700134277344,103.95999908447266,151.27999877929688
2023-11-28,147.02999877929688,338.989990234375,138.6199951171875,222.3699951171875,246.72000122070312,190.39999389648438,52.880001068115234,479.0,103.9000015258789,151.6300048828125
2023-11-29,146.32000732421875,332.20001220703125,136.39999389648438,224.42999267578125,244.13999938964844,189.3699951171875,52.026668548583984,477.19000244140625,102.33999633789062,152.11000061035156
2023-11-30,146.08999633789062,327.1499938964844,133.9199981689453,231.6300048828125,240.0800018310547,189.9499969482422,51.89666748046875,473.9700012207031,102.73999786376953,154.66000366210938
2023-12-01,147.02999877929688,324.82000732421875,133.32000732421875,233.8699951171875,238.8300018310547,191.24000549316406,51.4466667175293,465.739990234375,102.98999786376953,158.3800048828125
2023-12-04,144.83999633789062,320.0199890136719,130.6300048828125,234.8699951171875,235.5800018310547,189.42999267578125,51.43333435058594,453.8999938964844,102.43000030517578,158.8800048828125
2023-12-05,146.8800048828125,318.2900085449219,132.38999938964844,234.16000366210938,238.72000122070312,193.4199981689453,51.90999984741211,455.1499938964844,100.44000244140625,158.5500030517578
2023-12-06,144.52000427246094,317.45001220703125,131.42999267578125,236.88999938964844,239.3699951171875,192.32000732421875,51.3466682434082,446.7300109863281,99.11000061035156,156.6199951171875
2023-12-07,146.8800048828125,326.5899963378906,138.4499969482422,237.3300018310547,242.63999938964844,194.27000427246094,50.81999969482422,452.0,98.41999816894531,155.39999389648438
2023-12-08,147.4199981689453,332.75,136.63999938964844,244.6999969482422,243.83999633789062,195.7100067138672,50.28666687011719,453.760009765625,99.55000305175781,154.4199981689453
2023-12-11,145.88999938964844,325.2799987792969,134.6999969482422,248.0800018310547,239.74000549316406,193.17999267578125,50.413333892822266,459.8900146484375,99.62000274658203,155.05999755859375
2023-12-12,147.47999572753906,334.2200012207031,133.63999938964844,248.6300048828125,237.00999450683594,194.7100067138672,50.45333480834961,463.0,98.05000305175781,155.07000732421875
2023-12-13,148.83999633789062,334.739990234375,133.97000122070312,250.91000366210938,239.2899932861328,197.9600067138672,51.349998474121094,479.9800109863281,98.91999816894531,155.7899932861328
2023-12-14,147.4199981689453,333.1700134277344,133.1999969482422,256.239990234375,251.0500030517578,198.11000061035156,50.723331451416016,469.8299865722656,101.58000183105469,156.8699951171875
2023-12-15,149.97000122070312,334.9200134277344,133.83999633789062,264.2699890136719,253.5,197.57000732421875,50.913333892822266,472.05999755859375,100.9000015258789,155.16000366210938
2023-12-18,154.07000732421875,344.6199951171875,137.19000244140625,260.4100036621094,252.0800018310547,195.88999938964844,51.65666580200195,486.1199951171875,101.6500015258789,155.44000244140625
2023-12-19,153.7899932861328,350.3599853515625,138.10000610351562,263.510009765625,257.2200012207031,196.94000244140625,51.84333419799805,495.0199890136719,102.98999786376953,156.4600067138672
2023-12-20,152.1199951171875,349.2799987792969,139.66000366210938,260.25,247.13999938964844,194.8300018310547,51.23666763305664,489.2699890136719,101.2699966430664,153.27000427246094
2023-12-21,153.83999633789062,354.0899963378906,141.8000030517578,262.0199890136719,254.5,194.67999267578125,51.599998474121094,491.6099853515625,101.7300033569336,154.83999633789062
2023-12-22,153.4199981689453,353.3900146484375,142.72000122070312,260.44000244140625,252.5399932861328,193.60000610351562,52.21666717529297,486.760009765625,101.91000366210938,155.4600067138672
2023-12-26,153.41000366210938,354.8299865722656,142.82000732421875,262.7900085449219,256.6099853515625,193.0500030517578,52.13666534423828,491.19000244140625,102.13999938964844,156.13999938964844
2023-12-27,153.33999633789062,357.8299865722656,141.44000244140625,262.1000061035156,261.44000244140625,193.14999389648438,52.62666702270508,491.7900085449219,101.66000366210938,156.35000610351562
2023-12-28,153.3800048828125,358.32000732421875,141.27999877929688,260.3500061035156,253.17999267578125,193.5800018310547,52.52333450317383,490.510009765625,100.19000244140625,156.5800018310547
2023-12-29,151.94000244140625,353.9599914550781,140.92999267578125,260.6600036621094,248.47999572753906,192.52999877929688,52.54999923706055,486.8800048828125,99.9800033569336,156.74000549316406
